2026-07-07T22:49:36.058606Z  INFO herdr::api::server: api server listening path=/home/morehush/.config/herdr/herdr.sock
2026-07-07T22:49:36.061409Z  INFO herdr::app: using pane scrollback configuration pane_scrollback_limit_bytes=10000000
2026-07-07T22:49:36.095113Z  INFO herdr::logging: checking for updates event="update.check.start" subsystem="update" outcome="started"
2026-07-07T22:49:36.096965Z  INFO herdr::logging: spawning pane terminal event="pane.spawn.start" subsystem="pane" outcome="started" pane_id=1 rows=24 cols=80 scrollback_limit_bytes=10000000
2026-07-07T22:49:36.097590Z  INFO herdr::logging: pane child spawned event="pane.spawned" subsystem="pane" outcome="ok" pane_id=1 pid=4163020
2026-07-07T22:49:36.097726Z  INFO herdr::logging: workspace created event="workspace.create" subsystem="workspace" outcome="ok" workspace_id="w1" pane_id=1
2026-07-07T22:49:36.097747Z  INFO herdr::logging: workspace focused event="workspace.focus" subsystem="workspace" outcome="ok" workspace_id="w1"
2026-07-07T22:49:36.097752Z  INFO herdr::logging: tab focused event="tab.focus" subsystem="tab" outcome="ok" workspace_id="w1" tab_id="w1:t1"
2026-07-07T22:49:36.097755Z  INFO herdr::server::headless: created startup workspace cwd=/home/morehush
2026-07-07T22:49:36.097811Z  INFO herdr::server::headless: client protocol socket listening path=/home/morehush/.config/herdr/herdr-client.sock
2026-07-07T22:49:36.097829Z  INFO herdr::server::headless: herdr server started api_socket=/home/morehush/.config/herdr/herdr.sock client_socket=/home/morehush/.config/herdr/herdr-client.sock
2026-07-07T22:49:36.097839Z  INFO herdr::logging: herdr starting event="app.startup" subsystem="server" outcome="started" pid=4163000
2026-07-07T22:49:36.117391Z  INFO herdr::server::headless: client connected client_id=2 cols=211 rows=52 cell_width_px=0 cell_height_px=0 render_encoding=SemanticFrame
2026-07-07T22:49:41.107520Z  INFO herdr::logging: session saved event="persist.save" subsystem="persist" outcome="ok" path=/home/morehush/.config/herdr/session.json workspaces=1
2026-07-07T22:51:39.828988Z  INFO herdr::logging: spawning pane terminal event="pane.spawn.start" subsystem="pane" outcome="started" pane_id=2 rows=51 cols=185 scrollback_limit_bytes=10000000
2026-07-07T22:51:39.832044Z  INFO herdr::logging: pane child spawned event="pane.spawned" subsystem="pane" outcome="ok" pane_id=2 pid=4164825
2026-07-07T22:51:39.836284Z  INFO herdr::logging: tab focused event="tab.focus" subsystem="tab" outcome="ok" workspace_id="w1" tab_id="w1:t2"
2026-07-07T22:51:43.405626Z  INFO herdr::logging: tab focused event="tab.focus" subsystem="tab" outcome="ok" workspace_id="w1" tab_id="w1:t1"
2026-07-07T22:51:45.557981Z  INFO herdr::logging: tab focused event="tab.focus" subsystem="tab" outcome="ok" workspace_id="w1" tab_id="w1:t2"
2026-07-07T22:51:50.559935Z  INFO herdr::logging: session saved event="persist.save" subsystem="persist" outcome="ok" path=/home/morehush/.config/herdr/session.json workspaces=1
2026-07-07T22:54:48.975181Z  INFO herdr::logging: pane child exited event="pane.exit" subsystem="pane" outcome="completed" pane_id=2 status="ExitStatus { code: 0, signal: None }"
2026-07-07T22:54:48.986876Z  INFO herdr::pane: pane session terminated pane=2 pid=4164825 signal=Hangup
2026-07-07T22:54:50.364859Z  INFO herdr::logging: pane child exited event="pane.exit" subsystem="pane" outcome="completed" pane_id=1 status="ExitStatus { code: 0, signal: None }"
2026-07-07T22:54:50.368481Z  INFO herdr::pane: pane session terminated pane=1 pid=4163020 signal=Hangup
2026-07-07T22:54:50.368545Z  INFO herdr::logging: spawning pane terminal event="pane.spawn.start" subsystem="pane" outcome="started" pane_id=3 rows=51 cols=185 scrollback_limit_bytes=10000000
2026-07-07T22:54:50.369839Z  INFO herdr::logging: pane child spawned event="pane.spawned" subsystem="pane" outcome="ok" pane_id=3 pid=4168016
2026-07-07T22:54:50.369979Z  INFO herdr::logging: workspace created event="workspace.create" subsystem="workspace" outcome="ok" workspace_id="w2" pane_id=3
2026-07-07T22:54:50.369989Z  INFO herdr::logging: workspace focused event="workspace.focus" subsystem="workspace" outcome="ok" workspace_id="w2"
2026-07-07T22:54:50.370009Z  INFO herdr::logging: tab focused event="tab.focus" subsystem="tab" outcome="ok" workspace_id="w2" tab_id="w2:t1"
2026-07-07T22:54:54.363867Z  INFO herdr::server::headless: client detach requested via keybind client_id=2
2026-07-07T22:54:54.373466Z  INFO herdr::server::headless: client disconnected client_id=2
2026-07-07T22:54:55.378260Z  INFO herdr::logging: session saved event="persist.save" subsystem="persist" outcome="ok" path=/home/morehush/.config/herdr/session.json workspaces=1
2026-07-07T22:54:59.391224Z  INFO herdr::server::headless: client connected client_id=4 cols=211 rows=52 cell_width_px=0 cell_height_px=0 render_encoding=SemanticFrame
2026-07-07T22:55:02.573296Z  INFO herdr::logging: pane child exited event="pane.exit" subsystem="pane" outcome="completed" pane_id=3 status="ExitStatus { code: 0, signal: None }"
2026-07-07T22:55:02.585351Z  INFO herdr::pane: pane session terminated pane=3 pid=4168016 signal=Hangup
2026-07-07T22:55:02.586054Z  INFO herdr::logging: spawning pane terminal event="pane.spawn.start" subsystem="pane" outcome="started" pane_id=4 rows=51 cols=185 scrollback_limit_bytes=10000000
2026-07-07T22:55:02.588928Z  INFO herdr::logging: pane child spawned event="pane.spawned" subsystem="pane" outcome="ok" pane_id=4 pid=4168233
2026-07-07T22:55:02.589389Z  INFO herdr::logging: workspace created event="workspace.create" subsystem="workspace" outcome="ok" workspace_id="w3" pane_id=4
2026-07-07T22:55:02.589410Z  INFO herdr::logging: workspace focused event="workspace.focus" subsystem="workspace" outcome="ok" workspace_id="w3"
2026-07-07T22:55:02.589435Z  INFO herdr::logging: tab focused event="tab.focus" subsystem="tab" outcome="ok" workspace_id="w3" tab_id="w3:t1"
2026-07-07T22:55:04.031585Z  INFO herdr::logging: pane child exited event="pane.exit" subsystem="pane" outcome="completed" pane_id=4 status="ExitStatus { code: 0, signal: None }"
2026-07-07T22:55:04.044892Z  INFO herdr::pane: pane session terminated pane=4 pid=4168233 signal=Hangup
2026-07-07T22:55:04.045855Z  INFO herdr::logging: spawning pane terminal event="pane.spawn.start" subsystem="pane" outcome="started" pane_id=5 rows=51 cols=185 scrollback_limit_bytes=10000000
2026-07-07T22:55:04.049158Z  INFO herdr::logging: pane child spawned event="pane.spawned" subsystem="pane" outcome="ok" pane_id=5 pid=4168286
2026-07-07T22:55:04.049540Z  INFO herdr::logging: workspace created event="workspace.create" subsystem="workspace" outcome="ok" workspace_id="w4" pane_id=5
2026-07-07T22:55:04.049560Z  INFO herdr::logging: workspace focused event="workspace.focus" subsystem="workspace" outcome="ok" workspace_id="w4"
2026-07-07T22:55:04.049585Z  INFO herdr::logging: tab focused event="tab.focus" subsystem="tab" outcome="ok" workspace_id="w4" tab_id="w4:t1"
2026-07-07T22:55:05.346504Z  INFO herdr::logging: pane child exited event="pane.exit" subsystem="pane" outcome="completed" pane_id=5 status="ExitStatus { code: 0, signal: None }"
2026-07-07T22:55:05.358726Z  INFO herdr::pane: pane session terminated pane=5 pid=4168286 signal=Hangup
2026-07-07T22:55:05.359193Z  INFO herdr::logging: spawning pane terminal event="pane.spawn.start" subsystem="pane" outcome="started" pane_id=6 rows=51 cols=185 scrollback_limit_bytes=10000000
2026-07-07T22:55:05.362298Z  INFO herdr::logging: pane child spawned event="pane.spawned" subsystem="pane" outcome="ok" pane_id=6 pid=4168300
2026-07-07T22:55:05.362742Z  INFO herdr::logging: workspace created event="workspace.create" subsystem="workspace" outcome="ok" workspace_id="w5" pane_id=6
2026-07-07T22:55:05.362776Z  INFO herdr::logging: workspace focused event="workspace.focus" subsystem="workspace" outcome="ok" workspace_id="w5"
2026-07-07T22:55:05.362811Z  INFO herdr::logging: tab focused event="tab.focus" subsystem="tab" outcome="ok" workspace_id="w5" tab_id="w5:t1"
2026-07-07T22:55:10.364877Z  INFO herdr::logging: session saved event="persist.save" subsystem="persist" outcome="ok" path=/home/morehush/.config/herdr/session.json workspaces=1
2026-07-07T22:57:10.664045Z  INFO herdr::logging: workspace closed event="workspace.close" subsystem="workspace" outcome="ok" workspace_id="w5"
2026-07-07T22:57:10.665534Z  INFO herdr::logging: pane child exited event="pane.exit" subsystem="pane" outcome="completed" pane_id=6 status="ExitStatus { code: 1, signal: Some(\"Hangup\") }"
2026-07-07T22:57:10.679003Z  INFO herdr::pane: pane session terminated pane=6 pid=4168300 signal=Hangup
2026-07-07T22:57:10.679649Z  WARN herdr::app::actions: PaneDied for unknown pane pane=6
2026-07-07T22:57:10.679793Z  INFO herdr::logging: spawning pane terminal event="pane.spawn.start" subsystem="pane" outcome="started" pane_id=7 rows=51 cols=185 scrollback_limit_bytes=10000000
2026-07-07T22:57:10.682553Z  INFO herdr::logging: pane child spawned event="pane.spawned" subsystem="pane" outcome="ok" pane_id=7 pid=4170219
2026-07-07T22:57:10.682931Z  INFO herdr::logging: workspace created event="workspace.create" subsystem="workspace" outcome="ok" workspace_id="w6" pane_id=7
2026-07-07T22:57:10.682955Z  INFO herdr::logging: workspace focused event="workspace.focus" subsystem="workspace" outcome="ok" workspace_id="w6"
2026-07-07T22:57:10.682983Z  INFO herdr::logging: tab focused event="tab.focus" subsystem="tab" outcome="ok" workspace_id="w6" tab_id="w6:t1"
2026-07-07T22:57:15.699946Z  INFO herdr::logging: session saved event="persist.save" subsystem="persist" outcome="ok" path=/home/morehush/.config/herdr/session.json workspaces=1
2026-07-07T22:57:49.463558Z  INFO herdr::logging: workspace closed event="workspace.close" subsystem="workspace" outcome="ok" workspace_id="w6"
2026-07-07T22:57:49.464923Z  INFO herdr::logging: pane child exited event="pane.exit" subsystem="pane" outcome="completed" pane_id=7 status="ExitStatus { code: 1, signal: Some(\"Hangup\") }"
2026-07-07T22:57:49.477960Z  INFO herdr::pane: pane session terminated pane=7 pid=4170219 signal=Hangup
2026-07-07T22:57:49.478746Z  WARN herdr::app::actions: PaneDied for unknown pane pane=7
2026-07-07T22:57:49.478888Z  INFO herdr::logging: spawning pane terminal event="pane.spawn.start" subsystem="pane" outcome="started" pane_id=8 rows=51 cols=185 scrollback_limit_bytes=10000000
2026-07-07T22:57:49.481445Z  INFO herdr::logging: pane child spawned event="pane.spawned" subsystem="pane" outcome="ok" pane_id=8 pid=4170800
2026-07-07T22:57:49.481857Z  INFO herdr::logging: workspace created event="workspace.create" subsystem="workspace" outcome="ok" workspace_id="w7" pane_id=8
2026-07-07T22:57:49.481880Z  INFO herdr::logging: workspace focused event="workspace.focus" subsystem="workspace" outcome="ok" workspace_id="w7"
2026-07-07T22:57:49.481906Z  INFO herdr::logging: tab focused event="tab.focus" subsystem="tab" outcome="ok" workspace_id="w7" tab_id="w7:t1"
2026-07-07T22:57:54.492185Z  INFO herdr::logging: session saved event="persist.save" subsystem="persist" outcome="ok" path=/home/morehush/.config/herdr/session.json workspaces=1
2026-07-07T22:59:06.411939Z  INFO herdr::logging: spawning pane terminal event="pane.spawn.start" subsystem="pane" outcome="started" pane_id=9 rows=51 cols=185 scrollback_limit_bytes=10000000
2026-07-07T22:59:06.414989Z  INFO herdr::logging: pane child spawned event="pane.spawned" subsystem="pane" outcome="ok" pane_id=9 pid=4171915
2026-07-07T22:59:06.415463Z  INFO herdr::logging: tab focused event="tab.focus" subsystem="tab" outcome="ok" workspace_id="w7" tab_id="w7:t2"
2026-07-07T22:59:11.425411Z  INFO herdr::logging: session saved event="persist.save" subsystem="persist" outcome="ok" path=/home/morehush/.config/herdr/session.json workspaces=1
2026-07-07T22:59:21.896932Z  INFO herdr::logging: pane child exited event="pane.exit" subsystem="pane" outcome="completed" pane_id=9 status="ExitStatus { code: 0, signal: None }"
2026-07-07T22:59:21.909068Z  INFO herdr::pane: pane session terminated pane=9 pid=4171915 signal=Hangup
2026-07-07T22:59:23.340706Z  INFO herdr::logging: pane child exited event="pane.exit" subsystem="pane" outcome="completed" pane_id=8 status="ExitStatus { code: 0, signal: None }"
2026-07-07T22:59:23.352865Z  INFO herdr::pane: pane session terminated pane=8 pid=4170800 signal=Hangup
2026-07-07T22:59:23.353756Z  INFO herdr::logging: spawning pane terminal event="pane.spawn.start" subsystem="pane" outcome="started" pane_id=10 rows=51 cols=185 scrollback_limit_bytes=10000000
2026-07-07T22:59:23.356976Z  INFO herdr::logging: pane child spawned event="pane.spawned" subsystem="pane" outcome="ok" pane_id=10 pid=4172196
2026-07-07T22:59:23.357375Z  INFO herdr::logging: workspace created event="workspace.create" subsystem="workspace" outcome="ok" workspace_id="w8" pane_id=10
2026-07-07T22:59:23.357397Z  INFO herdr::logging: workspace focused event="workspace.focus" subsystem="workspace" outcome="ok" workspace_id="w8"
2026-07-07T22:59:23.357418Z  INFO herdr::logging: tab focused event="tab.focus" subsystem="tab" outcome="ok" workspace_id="w8" tab_id="w8:t1"
2026-07-07T22:59:28.359627Z  INFO herdr::logging: session saved event="persist.save" subsystem="persist" outcome="ok" path=/home/morehush/.config/herdr/session.json workspaces=1
2026-07-07T22:59:29.519078Z  INFO herdr::server::headless: client detach requested via keybind client_id=4
2026-07-07T22:59:29.530114Z  INFO herdr::server::headless: client disconnected client_id=4
2026-07-07T22:59:36.072290Z  INFO herdr::server::headless: client connected client_id=6 cols=211 rows=52 cell_width_px=0 cell_height_px=0 render_encoding=SemanticFrame
2026-07-07T23:10:47.407071Z  INFO herdr::logging: pane child exited event="pane.exit" subsystem="pane" outcome="completed" pane_id=10 status="ExitStatus { code: 0, signal: None }"
2026-07-07T23:10:47.410960Z  INFO herdr::pane: pane session terminated pane=10 pid=4172196 signal=Hangup
2026-07-07T23:10:47.411049Z  INFO herdr::logging: spawning pane terminal event="pane.spawn.start" subsystem="pane" outcome="started" pane_id=11 rows=51 cols=185 scrollback_limit_bytes=10000000
2026-07-07T23:10:47.412313Z  INFO herdr::logging: pane child spawned event="pane.spawned" subsystem="pane" outcome="ok" pane_id=11 pid=4182047
2026-07-07T23:10:47.412463Z  INFO herdr::logging: workspace created event="workspace.create" subsystem="workspace" outcome="ok" workspace_id="w9" pane_id=11
2026-07-07T23:10:47.412472Z  INFO herdr::logging: workspace focused event="workspace.focus" subsystem="workspace" outcome="ok" workspace_id="w9"
2026-07-07T23:10:47.412482Z  INFO herdr::logging: tab focused event="tab.focus" subsystem="tab" outcome="ok" workspace_id="w9" tab_id="w9:t1"
2026-07-07T23:10:49.289798Z  INFO herdr::server::headless: client detach requested via keybind client_id=6
2026-07-07T23:10:49.295310Z  INFO herdr::server::headless: client disconnected client_id=6
2026-07-07T23:10:52.414767Z  INFO herdr::logging: session saved event="persist.save" subsystem="persist" outcome="ok" path=/home/morehush/.config/herdr/session.json workspaces=1
2026-07-07T23:12:13.229269Z  INFO herdr::server::headless: server shutdown initiated
2026-07-07T23:12:13.279711Z  INFO herdr::server::headless: completing server shutdown
2026-07-07T23:12:13.280344Z  INFO herdr::logging: session saved event="persist.save" subsystem="persist" outcome="ok" path=/home/morehush/.config/herdr/session.json workspaces=1
2026-07-07T23:12:13.280383Z  INFO herdr::server::headless: headless server exiting
2026-07-07T23:12:13.281815Z  INFO herdr::logging: pane child exited event="pane.exit" subsystem="pane" outcome="completed" pane_id=11 status="ExitStatus { code: 1, signal: Some(\"Hangup\") }"
2026-07-07T23:12:13.287536Z  INFO herdr::pane: pane session terminated pane=11 pid=4182047 signal=Hangup
2026-07-07T23:12:13.288232Z  INFO herdr::logging: herdr exiting event="app.shutdown" subsystem="server" outcome="completed" pid=4163000
2026-07-08T12:54:47.473061Z  INFO herdr::api::server: api server listening path=/home/morehush/.config/herdr/herdr.sock
2026-07-08T12:54:47.480665Z  INFO herdr::logging: spawning pane terminal event="pane.spawn.start" subsystem="pane" outcome="started" pane_id=1 rows=24 cols=80 scrollback_limit_bytes=10000000
2026-07-08T12:54:47.485317Z  INFO herdr::logging: pane child spawned event="pane.spawned" subsystem="pane" outcome="ok" pane_id=1 pid=688169
2026-07-08T12:54:47.486495Z  INFO herdr::logging: session restore evaluated event="persist.restore" subsystem="persist" outcome="ok" workspaces=1
2026-07-08T12:54:47.486538Z  INFO herdr::app: using pane scrollback configuration pane_scrollback_limit_bytes=10000000
2026-07-08T12:54:47.542606Z  INFO herdr::logging: checking for updates event="update.check.start" subsystem="update" outcome="started"
2026-07-08T12:54:47.544150Z  INFO herdr::server::headless: restored session already has workspaces; ignoring startup cwd cwd=/home/morehush
2026-07-08T12:54:47.544352Z  INFO herdr::server::headless: client protocol socket listening path=/home/morehush/.config/herdr/herdr-client.sock
2026-07-08T12:54:47.544370Z  INFO herdr::server::headless: herdr server started api_socket=/home/morehush/.config/herdr/herdr.sock client_socket=/home/morehush/.config/herdr/herdr-client.sock
2026-07-08T12:54:47.544381Z  INFO herdr::logging: herdr starting event="app.startup" subsystem="server" outcome="started" pid=688155
2026-07-08T12:54:47.821195Z  INFO herdr::server::headless: client connected client_id=2 cols=211 rows=52 cell_width_px=0 cell_height_px=0 render_encoding=SemanticFrame
2026-07-08T12:55:33.795970Z  INFO herdr::logging: pane child exited event="pane.exit" subsystem="pane" outcome="completed" pane_id=1 status="ExitStatus { code: 0, signal: None }"
2026-07-08T12:55:33.798669Z  INFO herdr::pane: pane session terminated pane=1 pid=688169 signal=Hangup
2026-07-08T12:55:33.798723Z  INFO herdr::logging: spawning pane terminal event="pane.spawn.start" subsystem="pane" outcome="started" pane_id=2 rows=51 cols=185 scrollback_limit_bytes=10000000
2026-07-08T12:55:33.799506Z  INFO herdr::logging: pane child spawned event="pane.spawned" subsystem="pane" outcome="ok" pane_id=2 pid=690752
2026-07-08T12:55:33.799615Z  INFO herdr::logging: workspace created event="workspace.create" subsystem="workspace" outcome="ok" workspace_id="wA" pane_id=2
2026-07-08T12:55:33.799621Z  INFO herdr::logging: workspace focused event="workspace.focus" subsystem="workspace" outcome="ok" workspace_id="wA"
2026-07-08T12:55:33.799627Z  INFO herdr::logging: tab focused event="tab.focus" subsystem="tab" outcome="ok" workspace_id="wA" tab_id="wA:t1"
2026-07-08T12:55:38.074015Z  INFO herdr::server::headless: client detach requested via keybind client_id=2
2026-07-08T12:55:38.081579Z  INFO herdr::server::headless: client disconnected client_id=2
2026-07-08T12:55:38.807870Z  INFO herdr::logging: session saved event="persist.save" subsystem="persist" outcome="ok" path=/home/morehush/.config/herdr/session.json workspaces=1
2026-07-08T12:56:01.928756Z  INFO herdr::server::headless: server shutdown initiated
2026-07-08T12:56:01.978880Z  INFO herdr::server::headless: completing server shutdown
2026-07-08T12:56:01.979072Z  INFO herdr::logging: session saved event="persist.save" subsystem="persist" outcome="ok" path=/home/morehush/.config/herdr/session.json workspaces=1
2026-07-08T12:56:01.979083Z  INFO herdr::server::headless: headless server exiting
2026-07-08T12:56:01.979620Z  INFO herdr::logging: pane child exited event="pane.exit" subsystem="pane" outcome="completed" pane_id=2 status="ExitStatus { code: 1, signal: Some(\"Hangup\") }"
2026-07-08T12:56:01.983374Z  INFO herdr::pane: pane session terminated pane=2 pid=690752 signal=Hangup
2026-07-08T12:56:01.983919Z  INFO herdr::logging: herdr exiting event="app.shutdown" subsystem="server" outcome="completed" pid=688155
2026-07-08T19:36:17.338444Z  INFO herdr::api::server: api server listening path=/home/morehush/.config/herdr/herdr.sock
2026-07-08T19:36:17.343032Z  INFO herdr::logging: spawning pane terminal event="pane.spawn.start" subsystem="pane" outcome="started" pane_id=1 rows=24 cols=80 scrollback_limit_bytes=10000000
2026-07-08T19:36:17.345734Z  INFO herdr::logging: pane child spawned event="pane.spawned" subsystem="pane" outcome="ok" pane_id=1 pid=1152101
2026-07-08T19:36:17.346432Z  INFO herdr::logging: session restore evaluated event="persist.restore" subsystem="persist" outcome="ok" workspaces=1
2026-07-08T19:36:17.346455Z  INFO herdr::app: using pane scrollback configuration pane_scrollback_limit_bytes=10000000
2026-07-08T19:36:17.402216Z  INFO herdr::logging: checking for updates event="update.check.start" subsystem="update" outcome="started"
2026-07-08T19:36:17.403965Z  INFO herdr::server::headless: restored session already has workspaces; ignoring startup cwd cwd=/home/morehush
2026-07-08T19:36:17.404163Z  INFO herdr::server::headless: client protocol socket listening path=/home/morehush/.config/herdr/herdr-client.sock
2026-07-08T19:36:17.404182Z  INFO herdr::server::headless: herdr server started api_socket=/home/morehush/.config/herdr/herdr.sock client_socket=/home/morehush/.config/herdr/herdr-client.sock
2026-07-08T19:36:17.404193Z  INFO herdr::logging: herdr starting event="app.startup" subsystem="server" outcome="started" pid=1152087
2026-07-08T19:36:17.674707Z  INFO herdr::server::headless: client connected client_id=2 cols=210 rows=54 cell_width_px=0 cell_height_px=0 render_encoding=SemanticFrame
2026-07-08T19:36:36.257576Z  INFO herdr::logging: pane child exited event="pane.exit" subsystem="pane" outcome="completed" pane_id=1 status="ExitStatus { code: 0, signal: None }"
2026-07-08T19:36:36.268806Z  INFO herdr::pane: pane session terminated pane=1 pid=1152101 signal=Hangup
2026-07-08T19:36:36.268982Z  INFO herdr::logging: spawning pane terminal event="pane.spawn.start" subsystem="pane" outcome="started" pane_id=2 rows=53 cols=184 scrollback_limit_bytes=10000000
2026-07-08T19:36:36.272087Z  INFO herdr::logging: pane child spawned event="pane.spawned" subsystem="pane" outcome="ok" pane_id=2 pid=1154233
2026-07-08T19:36:36.272410Z  INFO herdr::logging: workspace created event="workspace.create" subsystem="workspace" outcome="ok" workspace_id="wB" pane_id=2
2026-07-08T19:36:36.272427Z  INFO herdr::logging: workspace focused event="workspace.focus" subsystem="workspace" outcome="ok" workspace_id="wB"
2026-07-08T19:36:36.272449Z  INFO herdr::logging: tab focused event="tab.focus" subsystem="tab" outcome="ok" workspace_id="wB" tab_id="wB:t1"
2026-07-08T19:36:37.496320Z  INFO herdr::logging: pane child exited event="pane.exit" subsystem="pane" outcome="completed" pane_id=2 status="ExitStatus { code: 0, signal: None }"
2026-07-08T19:36:37.507594Z  INFO herdr::pane: pane session terminated pane=2 pid=1154233 signal=Hangup
2026-07-08T19:36:37.508230Z  INFO herdr::logging: spawning pane terminal event="pane.spawn.start" subsystem="pane" outcome="started" pane_id=3 rows=53 cols=184 scrollback_limit_bytes=10000000
2026-07-08T19:36:37.510682Z  INFO herdr::logging: pane child spawned event="pane.spawned" subsystem="pane" outcome="ok" pane_id=3 pid=1154250
2026-07-08T19:36:37.511053Z  INFO herdr::logging: workspace created event="workspace.create" subsystem="workspace" outcome="ok" workspace_id="wC" pane_id=3
2026-07-08T19:36:37.511070Z  INFO herdr::logging: workspace focused event="workspace.focus" subsystem="workspace" outcome="ok" workspace_id="wC"
2026-07-08T19:36:37.511088Z  INFO herdr::logging: tab focused event="tab.focus" subsystem="tab" outcome="ok" workspace_id="wC" tab_id="wC:t1"
2026-07-08T19:36:41.781585Z  INFO herdr::server::headless: client detach requested via keybind client_id=2
2026-07-08T19:36:41.787322Z  INFO herdr::server::headless: client disconnected client_id=2
2026-07-08T19:36:42.519256Z  INFO herdr::logging: session saved event="persist.save" subsystem="persist" outcome="ok" path=/home/morehush/.config/herdr/session.json workspaces=1
2026-07-08T19:36:45.623861Z  INFO herdr::server::headless: server shutdown initiated
2026-07-08T19:36:45.674007Z  INFO herdr::server::headless: completing server shutdown
2026-07-08T19:36:45.674540Z  INFO herdr::logging: session saved event="persist.save" subsystem="persist" outcome="ok" path=/home/morehush/.config/herdr/session.json workspaces=1
2026-07-08T19:36:45.674570Z  INFO herdr::server::headless: headless server exiting
2026-07-08T19:36:45.675774Z  INFO herdr::logging: pane child exited event="pane.exit" subsystem="pane" outcome="completed" pane_id=3 status="ExitStatus { code: 1, signal: Some(\"Hangup\") }"
2026-07-08T19:36:45.688804Z  INFO herdr::pane: pane session terminated pane=3 pid=1154250 signal=Hangup
2026-07-08T19:36:45.690415Z  INFO herdr::logging: herdr exiting event="app.shutdown" subsystem="server" outcome="completed" pid=1152087
2026-07-08T19:42:16.021599Z  INFO herdr::api::server: api server listening path=/home/morehush/.config/herdr/herdr.sock
2026-07-08T19:42:16.026585Z  INFO herdr::logging: spawning pane terminal event="pane.spawn.start" subsystem="pane" outcome="started" pane_id=1 rows=24 cols=80 scrollback_limit_bytes=10000000
2026-07-08T19:42:16.028970Z  INFO herdr::logging: pane child spawned event="pane.spawned" subsystem="pane" outcome="ok" pane_id=1 pid=1159443
2026-07-08T19:42:16.029653Z  INFO herdr::logging: session restore evaluated event="persist.restore" subsystem="persist" outcome="ok" workspaces=1
2026-07-08T19:42:16.029686Z  INFO herdr::app: using pane scrollback configuration pane_scrollback_limit_bytes=10000000
2026-07-08T19:42:16.083903Z  INFO herdr::logging: checking for updates event="update.check.start" subsystem="update" outcome="started"
2026-07-08T19:42:16.085658Z  INFO herdr::server::headless: restored session already has workspaces; ignoring startup cwd cwd=/home/morehush
2026-07-08T19:42:16.085863Z  INFO herdr::server::headless: client protocol socket listening path=/home/morehush/.config/herdr/herdr-client.sock
2026-07-08T19:42:16.085885Z  INFO herdr::server::headless: herdr server started api_socket=/home/morehush/.config/herdr/herdr.sock client_socket=/home/morehush/.config/herdr/herdr-client.sock
2026-07-08T19:42:16.085897Z  INFO herdr::logging: herdr starting event="app.startup" subsystem="server" outcome="started" pid=1159429
2026-07-08T19:42:16.356369Z  INFO herdr::server::headless: client connected client_id=2 cols=210 rows=54 cell_width_px=0 cell_height_px=0 render_encoding=SemanticFrame
2026-07-08T19:42:38.505152Z  INFO herdr::logging: spawning pane terminal event="pane.spawn.start" subsystem="pane" outcome="started" pane_id=2 rows=53 cols=184 scrollback_limit_bytes=10000000
2026-07-08T19:42:38.506318Z  INFO herdr::logging: pane child spawned event="pane.spawned" subsystem="pane" outcome="ok" pane_id=2 pid=1161609
2026-07-08T19:42:38.506500Z  INFO herdr::logging: tab focused event="tab.focus" subsystem="tab" outcome="ok" workspace_id="wC" tab_id="wC:t2"
2026-07-08T19:42:40.531060Z  INFO herdr::logging: pane child exited event="pane.exit" subsystem="pane" outcome="completed" pane_id=2 status="ExitStatus { code: 0, signal: None }"
2026-07-08T19:42:40.542449Z  INFO herdr::pane: pane session terminated pane=2 pid=1161609 signal=Hangup
2026-07-08T19:42:43.940355Z  INFO herdr::logging: pane child exited event="pane.exit" subsystem="pane" outcome="completed" pane_id=1 status="ExitStatus { code: 0, signal: None }"
2026-07-08T19:42:43.945801Z  INFO herdr::pane: pane session terminated pane=1 pid=1159443 signal=Hangup
2026-07-08T19:42:43.946503Z  INFO herdr::logging: spawning pane terminal event="pane.spawn.start" subsystem="pane" outcome="started" pane_id=3 rows=53 cols=184 scrollback_limit_bytes=10000000
2026-07-08T19:42:43.948944Z  INFO herdr::logging: pane child spawned event="pane.spawned" subsystem="pane" outcome="ok" pane_id=3 pid=1161723
2026-07-08T19:42:43.949334Z  INFO herdr::logging: workspace created event="workspace.create" subsystem="workspace" outcome="ok" workspace_id="wD" pane_id=3
2026-07-08T19:42:43.949356Z  INFO herdr::logging: workspace focused event="workspace.focus" subsystem="workspace" outcome="ok" workspace_id="wD"
2026-07-08T19:42:43.949378Z  INFO herdr::logging: tab focused event="tab.focus" subsystem="tab" outcome="ok" workspace_id="wD" tab_id="wD:t1"
2026-07-08T19:42:48.957734Z  INFO herdr::logging: session saved event="persist.save" subsystem="persist" outcome="ok" path=/home/morehush/.config/herdr/session.json workspaces=1
2026-07-08T19:43:30.368853Z  INFO herdr::server::headless: client detach requested via keybind client_id=2
2026-07-08T19:43:30.378252Z  INFO herdr::server::headless: client disconnected client_id=2
2026-07-08T20:11:14.294310Z  INFO herdr::server::headless: client connected client_id=4 cols=210 rows=54 cell_width_px=0 cell_height_px=0 render_encoding=SemanticFrame
2026-07-08T20:12:16.086074Z  INFO herdr::logging: checking for updates event="update.check.start" subsystem="update" outcome="started"
2026-07-08T20:12:27.391533Z  INFO herdr::logging: spawning pane terminal event="pane.spawn.start" subsystem="pane" outcome="started" pane_id=4 rows=53 cols=184 scrollback_limit_bytes=10000000
2026-07-08T20:12:27.394084Z  INFO herdr::logging: pane child spawned event="pane.spawned" subsystem="pane" outcome="ok" pane_id=4 pid=1188513
2026-07-08T20:12:27.394485Z  INFO herdr::logging: tab focused event="tab.focus" subsystem="tab" outcome="ok" workspace_id="wD" tab_id="wD:t1"
2026-07-08T20:12:30.687699Z  INFO herdr::logging: spawning pane terminal event="pane.spawn.start" subsystem="pane" outcome="started" pane_id=5 rows=27 cols=184 scrollback_limit_bytes=10000000
2026-07-08T20:12:30.690214Z  INFO herdr::logging: pane child spawned event="pane.spawned" subsystem="pane" outcome="ok" pane_id=5 pid=1188541
2026-07-08T20:12:30.690596Z  INFO herdr::logging: tab focused event="tab.focus" subsystem="tab" outcome="ok" workspace_id="wD" tab_id="wD:t1"
2026-07-08T20:12:35.700895Z  INFO herdr::logging: session saved event="persist.save" subsystem="persist" outcome="ok" path=/home/morehush/.config/herdr/session.json workspaces=1
2026-07-08T20:12:37.719517Z  INFO herdr::logging: tab focused event="tab.focus" subsystem="tab" outcome="ok" workspace_id="wD" tab_id="wD:t1"
2026-07-08T20:12:40.021342Z  INFO herdr::logging: tab focused event="tab.focus" subsystem="tab" outcome="ok" workspace_id="wD" tab_id="wD:t1"
2026-07-08T20:12:43.659874Z  INFO herdr::logging: pane child exited event="pane.exit" subsystem="pane" outcome="completed" pane_id=3 status="ExitStatus { code: 0, signal: None }"
2026-07-08T20:12:43.662765Z  INFO herdr::pane: pane session terminated pane=3 pid=1161723 signal=Hangup
2026-07-08T20:12:45.210112Z  INFO herdr::logging: pane child exited event="pane.exit" subsystem="pane" outcome="completed" pane_id=4 status="ExitStatus { code: 0, signal: None }"
2026-07-08T20:12:45.221655Z  INFO herdr::pane: pane session terminated pane=4 pid=1188513 signal=Hangup
2026-07-08T20:12:50.223892Z  INFO herdr::logging: session saved event="persist.save" subsystem="persist" outcome="ok" path=/home/morehush/.config/herdr/session.json workspaces=1
2026-07-08T20:16:39.046225Z  INFO herdr::logging: pane child exited event="pane.exit" subsystem="pane" outcome="completed" pane_id=5 status="ExitStatus { code: 0, signal: None }"
2026-07-08T20:16:39.057734Z  INFO herdr::pane: pane session terminated pane=5 pid=1188541 signal=Hangup
2026-07-08T20:16:39.058506Z  INFO herdr::logging: spawning pane terminal event="pane.spawn.start" subsystem="pane" outcome="started" pane_id=6 rows=53 cols=184 scrollback_limit_bytes=10000000
2026-07-08T20:16:39.060848Z  INFO herdr::logging: pane child spawned event="pane.spawned" subsystem="pane" outcome="ok" pane_id=6 pid=1194353
2026-07-08T20:16:39.061235Z  INFO herdr::logging: workspace created event="workspace.create" subsystem="workspace" outcome="ok" workspace_id="wE" pane_id=6
2026-07-08T20:16:39.061258Z  INFO herdr::logging: workspace focused event="workspace.focus" subsystem="workspace" outcome="ok" workspace_id="wE"
2026-07-08T20:16:39.061280Z  INFO herdr::logging: tab focused event="tab.focus" subsystem="tab" outcome="ok" workspace_id="wE" tab_id="wE:t1"
2026-07-08T20:16:41.489001Z  INFO herdr::server::headless: client detach requested via keybind client_id=4
2026-07-08T20:16:41.498039Z  INFO herdr::server::headless: client disconnected client_id=4
2026-07-08T20:16:44.062363Z  INFO herdr::logging: session saved event="persist.save" subsystem="persist" outcome="ok" path=/home/morehush/.config/herdr/session.json workspaces=1
2026-07-08T20:42:16.087399Z  INFO herdr::logging: checking for updates event="update.check.start" subsystem="update" outcome="started"
2026-07-08T21:12:16.088861Z  INFO herdr::logging: checking for updates event="update.check.start" subsystem="update" outcome="started"
2026-07-08T21:42:16.090024Z  INFO herdr::logging: checking for updates event="update.check.start" subsystem="update" outcome="started"
2026-07-08T21:54:21.429229Z  INFO herdr::server::headless: client connected client_id=6 cols=210 rows=54 cell_width_px=0 cell_height_px=0 render_encoding=SemanticFrame
2026-07-08T21:59:59.687798Z  INFO herdr::api::server: api server listening path=/home/morehush/.config/herdr/herdr.sock
2026-07-08T21:59:59.695330Z  INFO herdr::logging: spawning pane terminal event="pane.spawn.start" subsystem="pane" outcome="started" pane_id=1 rows=24 cols=80 scrollback_limit_bytes=10000000
2026-07-08T21:59:59.699969Z  INFO herdr::logging: pane child spawned event="pane.spawned" subsystem="pane" outcome="ok" pane_id=1 pid=8825
2026-07-08T21:59:59.701258Z  INFO herdr::logging: session restore evaluated event="persist.restore" subsystem="persist" outcome="ok" workspaces=1
2026-07-08T21:59:59.701318Z  INFO herdr::app: using pane scrollback configuration pane_scrollback_limit_bytes=10000000
2026-07-08T21:59:59.754717Z  INFO herdr::logging: checking for updates event="update.check.start" subsystem="update" outcome="started"
2026-07-08T21:59:59.756377Z  INFO herdr::server::headless: restored session already has workspaces; ignoring startup cwd cwd=/home/morehush
2026-07-08T21:59:59.756591Z  INFO herdr::server::headless: client protocol socket listening path=/home/morehush/.config/herdr/herdr-client.sock
2026-07-08T21:59:59.756608Z  INFO herdr::server::headless: herdr server started api_socket=/home/morehush/.config/herdr/herdr.sock client_socket=/home/morehush/.config/herdr/herdr-client.sock
2026-07-08T21:59:59.756620Z  INFO herdr::logging: herdr starting event="app.startup" subsystem="server" outcome="started" pid=8811
2026-07-08T22:00:00.026261Z  INFO herdr::server::headless: client connected client_id=2 cols=210 rows=54 cell_width_px=0 cell_height_px=0 render_encoding=SemanticFrame
2026-07-08T22:04:46.834109Z  INFO herdr::server::headless: client detach requested via keybind client_id=2
2026-07-08T22:04:46.844929Z  INFO herdr::server::headless: client disconnected client_id=2
2026-07-08T22:06:27.648628Z  INFO herdr::server::headless: client connected client_id=4 cols=210 rows=54 cell_width_px=0 cell_height_px=0 render_encoding=SemanticFrame
2026-07-08T22:06:31.087541Z  INFO herdr::logging: pane child exited event="pane.exit" subsystem="pane" outcome="completed" pane_id=1 status="ExitStatus { code: 0, signal: None }"
2026-07-08T22:06:31.101722Z  INFO herdr::pane: pane session terminated pane=1 pid=8825 signal=Hangup
2026-07-08T22:06:31.101897Z  INFO herdr::logging: spawning pane terminal event="pane.spawn.start" subsystem="pane" outcome="started" pane_id=2 rows=53 cols=184 scrollback_limit_bytes=10000000
2026-07-08T22:06:31.105022Z  INFO herdr::logging: pane child spawned event="pane.spawned" subsystem="pane" outcome="ok" pane_id=2 pid=14698
2026-07-08T22:06:31.105419Z  INFO herdr::logging: workspace created event="workspace.create" subsystem="workspace" outcome="ok" workspace_id="wF" pane_id=2
2026-07-08T22:06:31.105446Z  INFO herdr::logging: workspace focused event="workspace.focus" subsystem="workspace" outcome="ok" workspace_id="wF"
2026-07-08T22:06:31.105469Z  INFO herdr::logging: tab focused event="tab.focus" subsystem="tab" outcome="ok" workspace_id="wF" tab_id="wF:t1"
2026-07-08T22:06:36.114412Z  INFO herdr::logging: session saved event="persist.save" subsystem="persist" outcome="ok" path=/home/morehush/.config/herdr/session.json workspaces=1
2026-07-08T22:07:52.759755Z  INFO herdr::logging: pane child exited event="pane.exit" subsystem="pane" outcome="completed" pane_id=2 status="ExitStatus { code: 0, signal: None }"
2026-07-08T22:07:52.772355Z  INFO herdr::pane: pane session terminated pane=2 pid=14698 signal=Hangup
2026-07-08T22:07:52.772534Z  INFO herdr::logging: spawning pane terminal event="pane.spawn.start" subsystem="pane" outcome="started" pane_id=3 rows=53 cols=184 scrollback_limit_bytes=10000000
2026-07-08T22:07:52.775406Z  INFO herdr::logging: pane child spawned event="pane.spawned" subsystem="pane" outcome="ok" pane_id=3 pid=17697
2026-07-08T22:07:52.775778Z  INFO herdr::logging: workspace created event="workspace.create" subsystem="workspace" outcome="ok" workspace_id="wG" pane_id=3
2026-07-08T22:07:52.775798Z  INFO herdr::logging: workspace focused event="workspace.focus" subsystem="workspace" outcome="ok" workspace_id="wG"
2026-07-08T22:07:52.775815Z  INFO herdr::logging: tab focused event="tab.focus" subsystem="tab" outcome="ok" workspace_id="wG" tab_id="wG:t1"
2026-07-08T22:07:57.777351Z  INFO herdr::logging: session saved event="persist.save" subsystem="persist" outcome="ok" path=/home/morehush/.config/herdr/session.json workspaces=1
2026-07-08T22:08:05.732008Z  INFO herdr::logging: pane child exited event="pane.exit" subsystem="pane" outcome="completed" pane_id=3 status="ExitStatus { code: 0, signal: None }"
2026-07-08T22:08:05.737820Z  INFO herdr::pane: pane session terminated pane=3 pid=17697 signal=Hangup
2026-07-08T22:08:05.738021Z  INFO herdr::logging: spawning pane terminal event="pane.spawn.start" subsystem="pane" outcome="started" pane_id=4 rows=53 cols=184 scrollback_limit_bytes=10000000
2026-07-08T22:08:05.741103Z  INFO herdr::logging: pane child spawned event="pane.spawned" subsystem="pane" outcome="ok" pane_id=4 pid=19781
2026-07-08T22:08:05.741489Z  INFO herdr::logging: workspace created event="workspace.create" subsystem="workspace" outcome="ok" workspace_id="wH" pane_id=4
2026-07-08T22:08:05.741510Z  INFO herdr::logging: workspace focused event="workspace.focus" subsystem="workspace" outcome="ok" workspace_id="wH"
2026-07-08T22:08:05.741531Z  INFO herdr::logging: tab focused event="tab.focus" subsystem="tab" outcome="ok" workspace_id="wH" tab_id="wH:t1"
2026-07-08T22:08:07.969894Z  INFO herdr::server::headless: client detach requested via keybind client_id=4
2026-07-08T22:08:07.979981Z  INFO herdr::server::headless: client disconnected client_id=4
2026-07-08T22:08:10.750590Z  INFO herdr::logging: session saved event="persist.save" subsystem="persist" outcome="ok" path=/home/morehush/.config/herdr/session.json workspaces=1
2026-07-08T22:11:44.581207Z  INFO herdr::server::headless: client connected client_id=6 cols=210 rows=54 cell_width_px=0 cell_height_px=0 render_encoding=SemanticFrame
2026-07-08T22:11:55.966975Z  INFO herdr::server::headless: client detach requested via keybind client_id=6
2026-07-08T22:11:55.976916Z  INFO herdr::server::headless: client disconnected client_id=6
2026-07-08T22:18:12.945519Z  INFO herdr::server::headless: client connected client_id=8 cols=210 rows=54 cell_width_px=0 cell_height_px=0 render_encoding=SemanticFrame
2026-07-08T22:18:53.632880Z  INFO herdr::server::headless: client resize client_id=8 cols=104 rows=54 cell_width_px=0 cell_height_px=0
2026-07-08T22:21:02.249399Z  INFO herdr::logging: pane child exited event="pane.exit" subsystem="pane" outcome="completed" pane_id=4 status="ExitStatus { code: 0, signal: None }"
2026-07-08T22:21:02.254833Z  INFO herdr::pane: pane session terminated pane=4 pid=19781 signal=Hangup
2026-07-08T22:21:02.255069Z  INFO herdr::logging: spawning pane terminal event="pane.spawn.start" subsystem="pane" outcome="started" pane_id=5 rows=53 cols=78 scrollback_limit_bytes=10000000
2026-07-08T22:21:02.258192Z  INFO herdr::logging: pane child spawned event="pane.spawned" subsystem="pane" outcome="ok" pane_id=5 pid=32486
2026-07-08T22:21:02.258583Z  INFO herdr::logging: workspace created event="workspace.create" subsystem="workspace" outcome="ok" workspace_id="wJ" pane_id=5
2026-07-08T22:21:02.258609Z  INFO herdr::logging: workspace focused event="workspace.focus" subsystem="workspace" outcome="ok" workspace_id="wJ"
2026-07-08T22:21:02.258628Z  INFO herdr::logging: tab focused event="tab.focus" subsystem="tab" outcome="ok" workspace_id="wJ" tab_id="wJ:t1"
2026-07-08T22:21:05.398346Z  INFO herdr::server::headless: client detach requested via keybind client_id=8
2026-07-08T22:21:05.403035Z  INFO herdr::server::headless: client disconnected client_id=8
2026-07-08T22:21:07.267969Z  INFO herdr::logging: session saved event="persist.save" subsystem="persist" outcome="ok" path=/home/morehush/.config/herdr/session.json workspaces=1
2026-07-08T22:29:59.757085Z  INFO herdr::logging: checking for updates event="update.check.start" subsystem="update" outcome="started"
2026-07-08T22:59:59.759103Z  INFO herdr::logging: checking for updates event="update.check.start" subsystem="update" outcome="started"
2026-07-08T23:29:59.760626Z  INFO herdr::logging: checking for updates event="update.check.start" subsystem="update" outcome="started"
2026-07-08T23:59:59.761614Z  INFO herdr::logging: checking for updates event="update.check.start" subsystem="update" outcome="started"
2026-07-09T00:29:59.762540Z  INFO herdr::logging: checking for updates event="update.check.start" subsystem="update" outcome="started"
2026-07-09T00:59:59.764116Z  INFO herdr::logging: checking for updates event="update.check.start" subsystem="update" outcome="started"
2026-07-09T01:29:59.765988Z  INFO herdr::logging: checking for updates event="update.check.start" subsystem="update" outcome="started"
2026-07-09T01:59:59.767369Z  INFO herdr::logging: checking for updates event="update.check.start" subsystem="update" outcome="started"
2026-07-09T02:29:59.768630Z  INFO herdr::logging: checking for updates event="update.check.start" subsystem="update" outcome="started"
2026-07-09T02:59:59.769461Z  INFO herdr::logging: checking for updates event="update.check.start" subsystem="update" outcome="started"
2026-07-09T03:29:59.770380Z  INFO herdr::logging: checking for updates event="update.check.start" subsystem="update" outcome="started"
2026-07-09T03:59:59.771784Z  INFO herdr::logging: checking for updates event="update.check.start" subsystem="update" outcome="started"
2026-07-09T04:29:59.772654Z  INFO herdr::logging: checking for updates event="update.check.start" subsystem="update" outcome="started"
2026-07-09T04:59:59.774070Z  INFO herdr::logging: checking for updates event="update.check.start" subsystem="update" outcome="started"
2026-07-09T05:29:59.775195Z  INFO herdr::logging: checking for updates event="update.check.start" subsystem="update" outcome="started"
2026-07-09T05:59:59.776724Z  INFO herdr::logging: checking for updates event="update.check.start" subsystem="update" outcome="started"
2026-07-09T06:29:59.777494Z  INFO herdr::logging: checking for updates event="update.check.start" subsystem="update" outcome="started"
2026-07-09T06:59:59.778425Z  INFO herdr::logging: checking for updates event="update.check.start" subsystem="update" outcome="started"
2026-07-09T07:29:59.779143Z  INFO herdr::logging: checking for updates event="update.check.start" subsystem="update" outcome="started"
2026-07-09T07:59:59.781054Z  INFO herdr::logging: checking for updates event="update.check.start" subsystem="update" outcome="started"
2026-07-09T08:29:59.782904Z  INFO herdr::logging: checking for updates event="update.check.start" subsystem="update" outcome="started"
2026-07-09T08:59:59.784896Z  INFO herdr::logging: checking for updates event="update.check.start" subsystem="update" outcome="started"
2026-07-09T09:29:59.786157Z  INFO herdr::logging: checking for updates event="update.check.start" subsystem="update" outcome="started"
2026-07-09T09:59:32.132577Z  INFO herdr::server::headless: client connected client_id=10 cols=210 rows=54 cell_width_px=0 cell_height_px=0 render_encoding=SemanticFrame
2026-07-09T09:59:59.787632Z  INFO herdr::logging: checking for updates event="update.check.start" subsystem="update" outcome="started"
2026-07-09T10:08:33.249270Z  INFO herdr::logging: pane child exited event="pane.exit" subsystem="pane" outcome="completed" pane_id=5 status="ExitStatus { code: 0, signal: None }"
2026-07-09T10:08:33.249875Z  INFO herdr::pane: pane session terminated pane=5 pid=32486 signal=Hangup
2026-07-09T10:08:33.250314Z  INFO herdr::logging: spawning pane terminal event="pane.spawn.start" subsystem="pane" outcome="started" pane_id=6 rows=53 cols=184 scrollback_limit_bytes=10000000
2026-07-09T10:08:33.251181Z  INFO herdr::logging: pane child spawned event="pane.spawned" subsystem="pane" outcome="ok" pane_id=6 pid=619908
2026-07-09T10:08:33.251293Z  INFO herdr::logging: workspace created event="workspace.create" subsystem="workspace" outcome="ok" workspace_id="wK" pane_id=6
2026-07-09T10:08:33.251298Z  INFO herdr::logging: workspace focused event="workspace.focus" subsystem="workspace" outcome="ok" workspace_id="wK"
2026-07-09T10:08:33.251304Z  INFO herdr::logging: tab focused event="tab.focus" subsystem="tab" outcome="ok" workspace_id="wK" tab_id="wK:t1"
2026-07-09T10:08:35.422627Z  INFO herdr::server::headless: client detach requested via keybind client_id=10
2026-07-09T10:08:35.428078Z  INFO herdr::server::headless: client disconnected client_id=10
2026-07-09T10:08:38.269583Z  INFO herdr::logging: session saved event="persist.save" subsystem="persist" outcome="ok" path=/home/morehush/.config/herdr/session.json workspaces=1
2026-07-09T10:29:59.788769Z  INFO herdr::logging: checking for updates event="update.check.start" subsystem="update" outcome="started"
2026-07-09T10:59:59.789489Z  INFO herdr::logging: checking for updates event="update.check.start" subsystem="update" outcome="started"
2026-07-09T11:29:59.790363Z  INFO herdr::logging: checking for updates event="update.check.start" subsystem="update" outcome="started"
2026-07-09T11:59:59.791447Z  INFO herdr::logging: checking for updates event="update.check.start" subsystem="update" outcome="started"
2026-07-09T12:29:59.792597Z  INFO herdr::logging: checking for updates event="update.check.start" subsystem="update" outcome="started"
2026-07-09T12:59:59.793053Z  INFO herdr::logging: checking for updates event="update.check.start" subsystem="update" outcome="started"
2026-07-09T13:02:35.304837Z  INFO herdr::server::headless: client connected client_id=12 cols=211 rows=52 cell_width_px=0 cell_height_px=0 render_encoding=SemanticFrame
2026-07-09T13:03:04.407758Z  INFO herdr::server::headless: client detach requested via keybind client_id=12
2026-07-09T13:03:04.412056Z  INFO herdr::server::headless: client disconnected client_id=12
2026-07-09T13:28:45.292479Z  INFO herdr::server::headless: client connected client_id=14 cols=211 rows=52 cell_width_px=0 cell_height_px=0 render_encoding=SemanticFrame
2026-07-09T13:28:55.871029Z  INFO herdr::server::headless: client detach requested via keybind client_id=14
2026-07-09T13:28:55.881309Z  INFO herdr::server::headless: client disconnected client_id=14
2026-07-09T13:29:12.228321Z  INFO herdr::server::headless: client connected client_id=16 cols=211 rows=52 cell_width_px=0 cell_height_px=0 render_encoding=SemanticFrame
2026-07-09T13:29:20.673322Z  INFO herdr::server::headless: client detach requested via keybind client_id=16
2026-07-09T13:29:20.682960Z  INFO herdr::server::headless: client disconnected client_id=16
2026-07-09T13:29:59.795096Z  INFO herdr::logging: checking for updates event="update.check.start" subsystem="update" outcome="started"
2026-07-09T13:55:09.217953Z  INFO herdr::server::headless: client connected client_id=18 cols=211 rows=52 cell_width_px=0 cell_height_px=0 render_encoding=SemanticFrame
2026-07-09T13:55:26.283149Z  INFO herdr::server::headless: client detach requested via keybind client_id=18
2026-07-09T13:55:26.288319Z  INFO herdr::server::headless: client disconnected client_id=18
2026-07-09T13:59:59.796682Z  INFO herdr::logging: checking for updates event="update.check.start" subsystem="update" outcome="started"
2026-07-09T14:29:59.797899Z  INFO herdr::logging: checking for updates event="update.check.start" subsystem="update" outcome="started"
2026-07-09T14:51:04.210224Z  INFO herdr::server::headless: client connected client_id=20 cols=211 rows=52 cell_width_px=0 cell_height_px=0 render_encoding=SemanticFrame
2026-07-09T14:59:59.799709Z  INFO herdr::logging: checking for updates event="update.check.start" subsystem="update" outcome="started"
2026-07-09T15:29:59.800835Z  INFO herdr::logging: checking for updates event="update.check.start" subsystem="update" outcome="started"
2026-07-09T15:35:35.089675Z  INFO herdr::logging: pane child exited event="pane.exit" subsystem="pane" outcome="completed" pane_id=6 status="ExitStatus { code: 0, signal: None }"
2026-07-09T15:35:35.100873Z  INFO herdr::pane: pane session terminated pane=6 pid=619908 signal=Hangup
2026-07-09T15:35:35.101044Z  INFO herdr::logging: spawning pane terminal event="pane.spawn.start" subsystem="pane" outcome="started" pane_id=7 rows=51 cols=185 scrollback_limit_bytes=10000000
2026-07-09T15:35:35.104159Z  INFO herdr::logging: pane child spawned event="pane.spawned" subsystem="pane" outcome="ok" pane_id=7 pid=888408
2026-07-09T15:35:35.104509Z  INFO herdr::logging: workspace created event="workspace.create" subsystem="workspace" outcome="ok" workspace_id="wM" pane_id=7
2026-07-09T15:35:35.104535Z  INFO herdr::logging: workspace focused event="workspace.focus" subsystem="workspace" outcome="ok" workspace_id="wM"
2026-07-09T15:35:35.104561Z  INFO herdr::logging: tab focused event="tab.focus" subsystem="tab" outcome="ok" workspace_id="wM" tab_id="wM:t1"
2026-07-09T15:35:40.107220Z  INFO herdr::logging: session saved event="persist.save" subsystem="persist" outcome="ok" path=/home/morehush/.config/herdr/session.json workspaces=1
2026-07-09T15:35:49.441357Z  INFO herdr::logging: pane child exited event="pane.exit" subsystem="pane" outcome="completed" pane_id=7 status="ExitStatus { code: 0, signal: None }"
2026-07-09T15:35:49.441578Z  INFO herdr::pane: pane session terminated pane=7 pid=888408 signal=Hangup
2026-07-09T15:35:49.442279Z  INFO herdr::logging: spawning pane terminal event="pane.spawn.start" subsystem="pane" outcome="started" pane_id=8 rows=51 cols=185 scrollback_limit_bytes=10000000
2026-07-09T15:35:49.445131Z  INFO herdr::logging: pane child spawned event="pane.spawned" subsystem="pane" outcome="ok" pane_id=8 pid=890324
2026-07-09T15:35:49.445558Z  INFO herdr::logging: workspace created event="workspace.create" subsystem="workspace" outcome="ok" workspace_id="wN" pane_id=8
2026-07-09T15:35:49.445583Z  INFO herdr::logging: workspace focused event="workspace.focus" subsystem="workspace" outcome="ok" workspace_id="wN"
2026-07-09T15:35:49.445611Z  INFO herdr::logging: tab focused event="tab.focus" subsystem="tab" outcome="ok" workspace_id="wN" tab_id="wN:t1"
2026-07-09T15:35:51.505911Z  INFO herdr::server::headless: client detach requested via keybind client_id=20
2026-07-09T15:35:51.515786Z  INFO herdr::server::headless: client disconnected client_id=20
2026-07-09T15:35:54.455503Z  INFO herdr::logging: session saved event="persist.save" subsystem="persist" outcome="ok" path=/home/morehush/.config/herdr/session.json workspaces=1
2026-07-09T15:59:59.801528Z  INFO herdr::logging: checking for updates event="update.check.start" subsystem="update" outcome="started"
2026-07-09T16:29:59.802688Z  INFO herdr::logging: checking for updates event="update.check.start" subsystem="update" outcome="started"
2026-07-09T16:59:59.803251Z  INFO herdr::logging: checking for updates event="update.check.start" subsystem="update" outcome="started"
2026-07-09T17:07:54.381254Z  INFO herdr::server::headless: client connected client_id=22 cols=211 rows=52 cell_width_px=0 cell_height_px=0 render_encoding=SemanticFrame
2026-07-09T17:08:06.698880Z  INFO herdr::logging: pane child exited event="pane.exit" subsystem="pane" outcome="completed" pane_id=8 status="ExitStatus { code: 0, signal: None }"
2026-07-09T17:08:06.709110Z  INFO herdr::pane: pane session terminated pane=8 pid=890324 signal=Hangup
2026-07-09T17:08:06.709775Z  INFO herdr::logging: spawning pane terminal event="pane.spawn.start" subsystem="pane" outcome="started" pane_id=9 rows=51 cols=185 scrollback_limit_bytes=10000000
2026-07-09T17:08:06.713155Z  INFO herdr::logging: pane child spawned event="pane.spawned" subsystem="pane" outcome="ok" pane_id=9 pid=977802
2026-07-09T17:08:06.713574Z  INFO herdr::logging: workspace created event="workspace.create" subsystem="workspace" outcome="ok" workspace_id="wP" pane_id=9
2026-07-09T17:08:06.713621Z  INFO herdr::logging: workspace focused event="workspace.focus" subsystem="workspace" outcome="ok" workspace_id="wP"
2026-07-09T17:08:06.713642Z  INFO herdr::logging: tab focused event="tab.focus" subsystem="tab" outcome="ok" workspace_id="wP" tab_id="wP:t1"
2026-07-09T17:08:08.577239Z  INFO herdr::server::headless: client detach requested via keybind client_id=22
2026-07-09T17:08:08.586745Z  INFO herdr::server::headless: client disconnected client_id=22
2026-07-09T17:08:11.716428Z  INFO herdr::logging: session saved event="persist.save" subsystem="persist" outcome="ok" path=/home/morehush/.config/herdr/session.json workspaces=1
2026-07-09T17:29:59.804201Z  INFO herdr::logging: checking for updates event="update.check.start" subsystem="update" outcome="started"
2026-07-09T17:59:59.805442Z  INFO herdr::logging: checking for updates event="update.check.start" subsystem="update" outcome="started"
2026-07-09T18:29:59.806394Z  INFO herdr::logging: checking for updates event="update.check.start" subsystem="update" outcome="started"
2026-07-09T18:59:59.807505Z  INFO herdr::logging: checking for updates event="update.check.start" subsystem="update" outcome="started"
2026-07-09T19:29:59.809314Z  INFO herdr::logging: checking for updates event="update.check.start" subsystem="update" outcome="started"
2026-07-09T20:36:29.197669Z  INFO herdr::api::server: api server listening path=/home/morehush/.config/herdr/herdr.sock
2026-07-09T20:36:29.204623Z  INFO herdr::logging: spawning pane terminal event="pane.spawn.start" subsystem="pane" outcome="started" pane_id=1 rows=24 cols=80 scrollback_limit_bytes=10000000
2026-07-09T20:36:29.208653Z  INFO herdr::logging: pane child spawned event="pane.spawned" subsystem="pane" outcome="ok" pane_id=1 pid=44631
2026-07-09T20:36:29.209670Z  INFO herdr::logging: session restore evaluated event="persist.restore" subsystem="persist" outcome="ok" workspaces=1
2026-07-09T20:36:29.209713Z  INFO herdr::app: using pane scrollback configuration pane_scrollback_limit_bytes=10000000
2026-07-09T20:36:29.272795Z  INFO herdr::logging: checking for updates event="update.check.start" subsystem="update" outcome="started"
2026-07-09T20:36:29.274653Z  INFO herdr::server::headless: restored session already has workspaces; ignoring startup cwd cwd=/home/morehush
2026-07-09T20:36:29.274868Z  INFO herdr::server::headless: client protocol socket listening path=/home/morehush/.config/herdr/herdr-client.sock
2026-07-09T20:36:29.274886Z  INFO herdr::server::headless: herdr server started api_socket=/home/morehush/.config/herdr/herdr.sock client_socket=/home/morehush/.config/herdr/herdr-client.sock
2026-07-09T20:36:29.274897Z  INFO herdr::logging: herdr starting event="app.startup" subsystem="server" outcome="started" pid=44617
2026-07-09T20:36:29.544762Z  INFO herdr::server::headless: client connected client_id=2 cols=211 rows=52 cell_width_px=0 cell_height_px=0 render_encoding=SemanticFrame
2026-07-09T20:42:07.646067Z  INFO herdr::logging: pane child exited event="pane.exit" subsystem="pane" outcome="completed" pane_id=1 status="ExitStatus { code: 0, signal: None }"
2026-07-09T20:42:07.655723Z  INFO herdr::pane: pane session terminated pane=1 pid=44631 signal=Hangup
2026-07-09T20:42:07.655874Z  INFO herdr::logging: spawning pane terminal event="pane.spawn.start" subsystem="pane" outcome="started" pane_id=2 rows=51 cols=185 scrollback_limit_bytes=10000000
2026-07-09T20:42:07.658619Z  INFO herdr::logging: pane child spawned event="pane.spawned" subsystem="pane" outcome="ok" pane_id=2 pid=52237
2026-07-09T20:42:07.658940Z  INFO herdr::logging: workspace created event="workspace.create" subsystem="workspace" outcome="ok" workspace_id="wQ" pane_id=2
2026-07-09T20:42:07.658962Z  INFO herdr::logging: workspace focused event="workspace.focus" subsystem="workspace" outcome="ok" workspace_id="wQ"
2026-07-09T20:42:07.658984Z  INFO herdr::logging: tab focused event="tab.focus" subsystem="tab" outcome="ok" workspace_id="wQ" tab_id="wQ:t1"
2026-07-09T20:42:09.854702Z  INFO herdr::server::headless: client detach requested via keybind client_id=2
2026-07-09T20:42:09.860339Z  INFO herdr::server::headless: client disconnected client_id=2
2026-07-09T20:42:12.667742Z  INFO herdr::logging: session saved event="persist.save" subsystem="persist" outcome="ok" path=/home/morehush/.config/herdr/session.json workspaces=1
2026-07-09T21:06:29.273555Z  INFO herdr::logging: checking for updates event="update.check.start" subsystem="update" outcome="started"
2026-07-09T21:36:29.275510Z  INFO herdr::logging: checking for updates event="update.check.start" subsystem="update" outcome="started"
2026-07-09T22:06:29.277431Z  INFO herdr::logging: checking for updates event="update.check.start" subsystem="update" outcome="started"
2026-07-09T22:36:29.278438Z  INFO herdr::logging: checking for updates event="update.check.start" subsystem="update" outcome="started"
2026-07-09T23:06:29.279337Z  INFO herdr::logging: checking for updates event="update.check.start" subsystem="update" outcome="started"
2026-07-09T23:36:29.280395Z  INFO herdr::logging: checking for updates event="update.check.start" subsystem="update" outcome="started"
2026-07-10T00:06:29.281559Z  INFO herdr::logging: checking for updates event="update.check.start" subsystem="update" outcome="started"
2026-07-10T00:36:29.283614Z  INFO herdr::logging: checking for updates event="update.check.start" subsystem="update" outcome="started"
2026-07-10T01:06:29.285416Z  INFO herdr::logging: checking for updates event="update.check.start" subsystem="update" outcome="started"
2026-07-10T01:36:29.285850Z  INFO herdr::logging: checking for updates event="update.check.start" subsystem="update" outcome="started"
2026-07-10T02:06:29.286746Z  INFO herdr::logging: checking for updates event="update.check.start" subsystem="update" outcome="started"
2026-07-10T02:36:29.288295Z  INFO herdr::logging: checking for updates event="update.check.start" subsystem="update" outcome="started"
2026-07-10T03:06:29.289433Z  INFO herdr::logging: checking for updates event="update.check.start" subsystem="update" outcome="started"
2026-07-10T03:36:29.290215Z  INFO herdr::logging: checking for updates event="update.check.start" subsystem="update" outcome="started"
2026-07-10T04:06:29.290837Z  INFO herdr::logging: checking for updates event="update.check.start" subsystem="update" outcome="started"
2026-07-10T04:36:29.292376Z  INFO herdr::logging: checking for updates event="update.check.start" subsystem="update" outcome="started"
2026-07-10T05:06:29.293249Z  INFO herdr::logging: checking for updates event="update.check.start" subsystem="update" outcome="started"
2026-07-10T05:36:29.294664Z  INFO herdr::logging: checking for updates event="update.check.start" subsystem="update" outcome="started"
2026-07-10T06:06:29.297289Z  INFO herdr::logging: checking for updates event="update.check.start" subsystem="update" outcome="started"
2026-07-10T06:36:29.298337Z  INFO herdr::logging: checking for updates event="update.check.start" subsystem="update" outcome="started"
2026-07-10T07:06:29.299215Z  INFO herdr::logging: checking for updates event="update.check.start" subsystem="update" outcome="started"
2026-07-10T07:36:29.300066Z  INFO herdr::logging: checking for updates event="update.check.start" subsystem="update" outcome="started"
2026-07-10T08:06:29.301527Z  INFO herdr::logging: checking for updates event="update.check.start" subsystem="update" outcome="started"
2026-07-10T08:36:29.304174Z  INFO herdr::logging: checking for updates event="update.check.start" subsystem="update" outcome="started"
2026-07-10T09:06:29.305287Z  INFO herdr::logging: checking for updates event="update.check.start" subsystem="update" outcome="started"
2026-07-10T09:36:29.305971Z  INFO herdr::logging: checking for updates event="update.check.start" subsystem="update" outcome="started"
2026-07-10T10:06:29.306767Z  INFO herdr::logging: checking for updates event="update.check.start" subsystem="update" outcome="started"
2026-07-10T10:36:29.307766Z  INFO herdr::logging: checking for updates event="update.check.start" subsystem="update" outcome="started"
2026-07-10T11:06:29.308906Z  INFO herdr::logging: checking for updates event="update.check.start" subsystem="update" outcome="started"
2026-07-10T11:36:29.309663Z  INFO herdr::logging: checking for updates event="update.check.start" subsystem="update" outcome="started"
2026-07-10T12:06:29.310679Z  INFO herdr::logging: checking for updates event="update.check.start" subsystem="update" outcome="started"
2026-07-10T12:36:29.312146Z  INFO herdr::logging: checking for updates event="update.check.start" subsystem="update" outcome="started"
2026-07-10T13:06:29.313600Z  INFO herdr::logging: checking for updates event="update.check.start" subsystem="update" outcome="started"
2026-07-10T13:11:52.057398Z  INFO herdr::server::headless: client connected client_id=4 cols=211 rows=52 cell_width_px=0 cell_height_px=0 render_encoding=SemanticFrame
2026-07-10T13:12:20.004995Z  INFO herdr::server::headless: client resize client_id=4 cols=104 rows=52 cell_width_px=0 cell_height_px=0
2026-07-10T13:12:38.338136Z  INFO herdr::server::headless: client resize client_id=4 cols=211 rows=52 cell_width_px=0 cell_height_px=0
2026-07-10T13:36:29.314878Z  INFO herdr::logging: checking for updates event="update.check.start" subsystem="update" outcome="started"
2026-07-10T14:06:29.315746Z  INFO herdr::logging: checking for updates event="update.check.start" subsystem="update" outcome="started"
2026-07-10T14:16:57.292680Z  INFO herdr::logging: pane child exited event="pane.exit" subsystem="pane" outcome="completed" pane_id=2 status="ExitStatus { code: 0, signal: None }"
2026-07-10T14:16:57.293149Z  INFO herdr::pane: pane session terminated pane=2 pid=52237 signal=Hangup
2026-07-10T14:16:57.293723Z  INFO herdr::logging: spawning pane terminal event="pane.spawn.start" subsystem="pane" outcome="started" pane_id=3 rows=51 cols=185 scrollback_limit_bytes=10000000
2026-07-10T14:16:57.295086Z  INFO herdr::logging: pane child spawned event="pane.spawned" subsystem="pane" outcome="ok" pane_id=3 pid=907842
2026-07-10T14:16:57.295310Z  INFO herdr::logging: workspace created event="workspace.create" subsystem="workspace" outcome="ok" workspace_id="wR" pane_id=3
2026-07-10T14:16:57.295316Z  INFO herdr::logging: workspace focused event="workspace.focus" subsystem="workspace" outcome="ok" workspace_id="wR"
2026-07-10T14:16:57.295322Z  INFO herdr::logging: tab focused event="tab.focus" subsystem="tab" outcome="ok" workspace_id="wR" tab_id="wR:t1"
2026-07-10T14:17:00.415732Z  INFO herdr::server::headless: client detach requested via keybind client_id=4
2026-07-10T14:17:00.425210Z  INFO herdr::server::headless: client disconnected client_id=4
2026-07-10T14:17:02.312368Z  INFO herdr::logging: session saved event="persist.save" subsystem="persist" outcome="ok" path=/home/morehush/.config/herdr/session.json workspaces=1
2026-07-10T14:36:29.317219Z  INFO herdr::logging: checking for updates event="update.check.start" subsystem="update" outcome="started"
2026-07-10T15:06:29.318607Z  INFO herdr::logging: checking for updates event="update.check.start" subsystem="update" outcome="started"
2026-07-10T15:36:29.320660Z  INFO herdr::logging: checking for updates event="update.check.start" subsystem="update" outcome="started"
2026-07-10T16:06:29.322692Z  INFO herdr::logging: checking for updates event="update.check.start" subsystem="update" outcome="started"
2026-07-10T16:36:29.324392Z  INFO herdr::logging: checking for updates event="update.check.start" subsystem="update" outcome="started"
2026-07-10T17:06:29.324831Z  INFO herdr::logging: checking for updates event="update.check.start" subsystem="update" outcome="started"
2026-07-10T17:36:29.326346Z  INFO herdr::logging: checking for updates event="update.check.start" subsystem="update" outcome="started"
2026-07-10T18:06:29.326808Z  INFO herdr::logging: checking for updates event="update.check.start" subsystem="update" outcome="started"
2026-07-10T18:36:29.328528Z  INFO herdr::logging: checking for updates event="update.check.start" subsystem="update" outcome="started"
2026-07-10T19:06:29.329996Z  INFO herdr::logging: checking for updates event="update.check.start" subsystem="update" outcome="started"
2026-07-10T19:36:29.331570Z  INFO herdr::logging: checking for updates event="update.check.start" subsystem="update" outcome="started"
2026-07-10T20:06:29.332925Z  INFO herdr::logging: checking for updates event="update.check.start" subsystem="update" outcome="started"
2026-07-10T20:36:29.334566Z  INFO herdr::logging: checking for updates event="update.check.start" subsystem="update" outcome="started"
2026-07-10T21:06:29.336761Z  INFO herdr::logging: checking for updates event="update.check.start" subsystem="update" outcome="started"
2026-07-10T21:36:29.338943Z  INFO herdr::logging: checking for updates event="update.check.start" subsystem="update" outcome="started"
2026-07-10T22:06:29.340336Z  INFO herdr::logging: checking for updates event="update.check.start" subsystem="update" outcome="started"
2026-07-10T22:36:29.341928Z  INFO herdr::logging: checking for updates event="update.check.start" subsystem="update" outcome="started"
2026-07-10T22:36:29.511960Z  WARN herdr::detect::manifest_update: skipping unknown remote manifest agent agent="maki"
2026-07-10T23:06:29.342894Z  INFO herdr::logging: checking for updates event="update.check.start" subsystem="update" outcome="started"
2026-07-10T23:06:29.507547Z  WARN herdr::detect::manifest_update: skipping unknown remote manifest agent agent="maki"
2026-07-10T23:36:29.344345Z  INFO herdr::logging: checking for updates event="update.check.start" subsystem="update" outcome="started"
2026-07-10T23:36:29.502843Z  WARN herdr::detect::manifest_update: skipping unknown remote manifest agent agent="maki"
2026-07-11T00:06:29.345878Z  INFO herdr::logging: checking for updates event="update.check.start" subsystem="update" outcome="started"
2026-07-11T00:06:29.488745Z  WARN herdr::detect::manifest_update: skipping unknown remote manifest agent agent="maki"
2026-07-11T00:36:29.347397Z  INFO herdr::logging: checking for updates event="update.check.start" subsystem="update" outcome="started"
2026-07-11T00:36:29.444699Z  WARN herdr::detect::manifest_update: skipping unknown remote manifest agent agent="maki"
2026-07-11T01:06:29.350032Z  INFO herdr::logging: checking for updates event="update.check.start" subsystem="update" outcome="started"
2026-07-11T01:06:29.446023Z  WARN herdr::detect::manifest_update: skipping unknown remote manifest agent agent="maki"
2026-07-11T01:36:29.351008Z  INFO herdr::logging: checking for updates event="update.check.start" subsystem="update" outcome="started"
2026-07-11T01:36:29.468319Z  WARN herdr::detect::manifest_update: skipping unknown remote manifest agent agent="maki"
2026-07-11T02:06:29.351928Z  INFO herdr::logging: checking for updates event="update.check.start" subsystem="update" outcome="started"
2026-07-11T02:06:29.548166Z  WARN herdr::detect::manifest_update: skipping unknown remote manifest agent agent="maki"
2026-07-11T02:36:29.352838Z  INFO herdr::logging: checking for updates event="update.check.start" subsystem="update" outcome="started"
2026-07-11T02:36:29.606846Z  WARN herdr::detect::manifest_update: skipping unknown remote manifest agent agent="maki"
2026-07-11T03:06:29.353750Z  INFO herdr::logging: checking for updates event="update.check.start" subsystem="update" outcome="started"
2026-07-11T03:06:29.530425Z  WARN herdr::detect::manifest_update: skipping unknown remote manifest agent agent="maki"
2026-07-11T03:36:29.355087Z  INFO herdr::logging: checking for updates event="update.check.start" subsystem="update" outcome="started"
2026-07-11T03:36:29.515738Z  WARN herdr::detect::manifest_update: skipping unknown remote manifest agent agent="maki"
2026-07-11T04:06:29.356099Z  INFO herdr::logging: checking for updates event="update.check.start" subsystem="update" outcome="started"
2026-07-11T04:06:29.452955Z  WARN herdr::detect::manifest_update: skipping unknown remote manifest agent agent="maki"
2026-07-11T04:36:29.356861Z  INFO herdr::logging: checking for updates event="update.check.start" subsystem="update" outcome="started"
2026-07-11T04:36:29.497107Z  WARN herdr::detect::manifest_update: skipping unknown remote manifest agent agent="maki"
2026-07-11T05:06:29.357927Z  INFO herdr::logging: checking for updates event="update.check.start" subsystem="update" outcome="started"
2026-07-11T05:06:29.522913Z  WARN herdr::detect::manifest_update: skipping unknown remote manifest agent agent="maki"
2026-07-11T05:36:29.358787Z  INFO herdr::logging: checking for updates event="update.check.start" subsystem="update" outcome="started"
2026-07-11T05:36:29.622590Z  WARN herdr::detect::manifest_update: skipping unknown remote manifest agent agent="maki"
2026-07-11T06:06:29.359764Z  INFO herdr::logging: checking for updates event="update.check.start" subsystem="update" outcome="started"
2026-07-11T06:06:29.472949Z  WARN herdr::detect::manifest_update: skipping unknown remote manifest agent agent="maki"
2026-07-11T06:36:29.360762Z  INFO herdr::logging: checking for updates event="update.check.start" subsystem="update" outcome="started"
2026-07-11T06:36:29.457718Z  WARN herdr::detect::manifest_update: skipping unknown remote manifest agent agent="maki"
2026-07-11T07:06:29.362144Z  INFO herdr::logging: checking for updates event="update.check.start" subsystem="update" outcome="started"
2026-07-11T07:06:29.450995Z  WARN herdr::detect::manifest_update: skipping unknown remote manifest agent agent="maki"
2026-07-11T07:36:29.363186Z  INFO herdr::logging: checking for updates event="update.check.start" subsystem="update" outcome="started"
2026-07-11T07:36:29.473694Z  WARN herdr::detect::manifest_update: skipping unknown remote manifest agent agent="maki"
2026-07-11T08:06:29.363672Z  INFO herdr::logging: checking for updates event="update.check.start" subsystem="update" outcome="started"
2026-07-11T08:06:29.527801Z  WARN herdr::detect::manifest_update: skipping unknown remote manifest agent agent="maki"
2026-07-11T08:36:29.364483Z  INFO herdr::logging: checking for updates event="update.check.start" subsystem="update" outcome="started"
2026-07-11T08:36:29.477895Z  WARN herdr::detect::manifest_update: skipping unknown remote manifest agent agent="maki"
2026-07-11T09:06:29.366184Z  INFO herdr::logging: checking for updates event="update.check.start" subsystem="update" outcome="started"
2026-07-11T09:06:29.441292Z  WARN herdr::detect::manifest_update: skipping unknown remote manifest agent agent="maki"
2026-07-11T09:36:29.366498Z  INFO herdr::logging: checking for updates event="update.check.start" subsystem="update" outcome="started"
2026-07-11T09:36:29.473812Z  WARN herdr::detect::manifest_update: skipping unknown remote manifest agent agent="maki"
2026-07-11T10:06:29.367992Z  INFO herdr::logging: checking for updates event="update.check.start" subsystem="update" outcome="started"
2026-07-11T10:06:29.453651Z  WARN herdr::detect::manifest_update: skipping unknown remote manifest agent agent="maki"
2026-07-11T10:36:29.368546Z  INFO herdr::logging: checking for updates event="update.check.start" subsystem="update" outcome="started"
2026-07-11T10:36:29.476538Z  WARN herdr::detect::manifest_update: skipping unknown remote manifest agent agent="maki"
2026-07-11T11:06:29.369437Z  INFO herdr::logging: checking for updates event="update.check.start" subsystem="update" outcome="started"
2026-07-11T11:06:29.532197Z  WARN herdr::detect::manifest_update: skipping unknown remote manifest agent agent="maki"
2026-07-11T11:36:29.370620Z  INFO herdr::logging: checking for updates event="update.check.start" subsystem="update" outcome="started"
2026-07-11T11:36:29.482619Z  WARN herdr::detect::manifest_update: skipping unknown remote manifest agent agent="maki"
2026-07-11T12:06:29.371972Z  INFO herdr::logging: checking for updates event="update.check.start" subsystem="update" outcome="started"
2026-07-11T12:06:29.477054Z  WARN herdr::detect::manifest_update: skipping unknown remote manifest agent agent="maki"
2026-07-11T12:36:29.372919Z  INFO herdr::logging: checking for updates event="update.check.start" subsystem="update" outcome="started"
2026-07-11T12:36:29.541951Z  WARN herdr::detect::manifest_update: skipping unknown remote manifest agent agent="maki"
2026-07-11T13:06:29.374393Z  INFO herdr::logging: checking for updates event="update.check.start" subsystem="update" outcome="started"
2026-07-11T13:06:29.538626Z  WARN herdr::detect::manifest_update: skipping unknown remote manifest agent agent="maki"
2026-07-11T13:36:29.375690Z  INFO herdr::logging: checking for updates event="update.check.start" subsystem="update" outcome="started"
2026-07-11T13:36:29.637182Z  WARN herdr::detect::manifest_update: skipping unknown remote manifest agent agent="maki"
2026-07-11T14:06:29.376453Z  INFO herdr::logging: checking for updates event="update.check.start" subsystem="update" outcome="started"
2026-07-11T14:06:29.572887Z  WARN herdr::detect::manifest_update: skipping unknown remote manifest agent agent="maki"
2026-07-11T14:36:29.377850Z  INFO herdr::logging: checking for updates event="update.check.start" subsystem="update" outcome="started"
2026-07-11T14:36:29.567997Z  WARN herdr::detect::manifest_update: skipping unknown remote manifest agent agent="maki"
2026-07-11T15:06:29.379280Z  INFO herdr::logging: checking for updates event="update.check.start" subsystem="update" outcome="started"
2026-07-11T15:06:29.570746Z  WARN herdr::detect::manifest_update: skipping unknown remote manifest agent agent="maki"
2026-07-11T15:36:29.381277Z  INFO herdr::logging: checking for updates event="update.check.start" subsystem="update" outcome="started"
2026-07-11T15:36:29.628361Z  WARN herdr::detect::manifest_update: skipping unknown remote manifest agent agent="maki"
2026-07-11T16:06:29.381553Z  INFO herdr::logging: checking for updates event="update.check.start" subsystem="update" outcome="started"
2026-07-11T16:06:29.711800Z  WARN herdr::detect::manifest_update: skipping unknown remote manifest agent agent="maki"
2026-07-11T16:36:29.382951Z  INFO herdr::logging: checking for updates event="update.check.start" subsystem="update" outcome="started"
2026-07-11T16:36:29.595852Z  WARN herdr::detect::manifest_update: skipping unknown remote manifest agent agent="maki"
2026-07-11T17:06:29.383863Z  INFO herdr::logging: checking for updates event="update.check.start" subsystem="update" outcome="started"
2026-07-11T17:06:29.574488Z  WARN herdr::detect::manifest_update: skipping unknown remote manifest agent agent="maki"
2026-07-11T17:36:29.385473Z  INFO herdr::logging: checking for updates event="update.check.start" subsystem="update" outcome="started"
2026-07-11T17:36:29.601177Z  WARN herdr::detect::manifest_update: skipping unknown remote manifest agent agent="maki"
2026-07-11T18:06:29.386927Z  INFO herdr::logging: checking for updates event="update.check.start" subsystem="update" outcome="started"
2026-07-11T18:06:29.618854Z  WARN herdr::detect::manifest_update: skipping unknown remote manifest agent agent="maki"
2026-07-11T18:36:29.388391Z  INFO herdr::logging: checking for updates event="update.check.start" subsystem="update" outcome="started"
2026-07-11T18:36:29.555875Z  WARN herdr::detect::manifest_update: skipping unknown remote manifest agent agent="maki"
2026-07-11T19:06:29.390421Z  INFO herdr::logging: checking for updates event="update.check.start" subsystem="update" outcome="started"
2026-07-11T19:06:29.557195Z  WARN herdr::detect::manifest_update: skipping unknown remote manifest agent agent="maki"
2026-07-11T19:36:29.391762Z  INFO herdr::logging: checking for updates event="update.check.start" subsystem="update" outcome="started"
2026-07-11T19:36:29.685819Z  WARN herdr::detect::manifest_update: skipping unknown remote manifest agent agent="maki"
2026-07-11T20:06:29.392636Z  INFO herdr::logging: checking for updates event="update.check.start" subsystem="update" outcome="started"
2026-07-11T20:06:29.519813Z  WARN herdr::detect::manifest_update: skipping unknown remote manifest agent agent="maki"
2026-07-11T20:36:29.394145Z  INFO herdr::logging: checking for updates event="update.check.start" subsystem="update" outcome="started"
2026-07-11T20:36:29.573164Z  WARN herdr::detect::manifest_update: skipping unknown remote manifest agent agent="maki"
2026-07-11T21:06:29.394610Z  INFO herdr::logging: checking for updates event="update.check.start" subsystem="update" outcome="started"
2026-07-11T21:06:29.723434Z  WARN herdr::detect::manifest_update: skipping unknown remote manifest agent agent="maki"
2026-07-11T21:36:29.395907Z  INFO herdr::logging: checking for updates event="update.check.start" subsystem="update" outcome="started"
2026-07-11T21:36:29.634792Z  WARN herdr::detect::manifest_update: skipping unknown remote manifest agent agent="maki"
2026-07-11T22:06:29.397188Z  INFO herdr::logging: checking for updates event="update.check.start" subsystem="update" outcome="started"
2026-07-11T22:06:29.533691Z  WARN herdr::detect::manifest_update: skipping unknown remote manifest agent agent="maki"
2026-07-11T22:36:29.398407Z  INFO herdr::logging: checking for updates event="update.check.start" subsystem="update" outcome="started"
2026-07-11T22:36:29.589874Z  WARN herdr::detect::manifest_update: skipping unknown remote manifest agent agent="maki"
2026-07-11T23:06:29.400613Z  INFO herdr::logging: checking for updates event="update.check.start" subsystem="update" outcome="started"
2026-07-11T23:06:29.639549Z  WARN herdr::detect::manifest_update: skipping unknown remote manifest agent agent="maki"
2026-07-11T23:36:29.401768Z  INFO herdr::logging: checking for updates event="update.check.start" subsystem="update" outcome="started"
2026-07-11T23:36:29.596581Z  WARN herdr::detect::manifest_update: skipping unknown remote manifest agent agent="maki"
2026-07-12T00:06:29.403322Z  INFO herdr::logging: checking for updates event="update.check.start" subsystem="update" outcome="started"
2026-07-12T00:06:29.550784Z  WARN herdr::detect::manifest_update: skipping unknown remote manifest agent agent="maki"
2026-07-12T00:36:29.403688Z  INFO herdr::logging: checking for updates event="update.check.start" subsystem="update" outcome="started"
2026-07-12T00:36:29.671062Z  WARN herdr::detect::manifest_update: skipping unknown remote manifest agent agent="maki"
2026-07-12T01:06:29.405406Z  INFO herdr::logging: checking for updates event="update.check.start" subsystem="update" outcome="started"
2026-07-12T01:06:29.663638Z  WARN herdr::detect::manifest_update: skipping unknown remote manifest agent agent="maki"
2026-07-12T01:36:29.407502Z  INFO herdr::logging: checking for updates event="update.check.start" subsystem="update" outcome="started"
2026-07-12T01:36:29.676259Z  WARN herdr::detect::manifest_update: skipping unknown remote manifest agent agent="maki"
2026-07-12T02:06:29.408608Z  INFO herdr::logging: checking for updates event="update.check.start" subsystem="update" outcome="started"
2026-07-12T02:06:29.585420Z  WARN herdr::detect::manifest_update: skipping unknown remote manifest agent agent="maki"
2026-07-12T02:23:17.544143Z  INFO herdr::server::headless: client connected client_id=6 cols=211 rows=52 cell_width_px=0 cell_height_px=0 render_encoding=SemanticFrame
2026-07-12T02:24:54.202411Z  INFO herdr::logging: pane child exited event="pane.exit" subsystem="pane" outcome="completed" pane_id=3 status="ExitStatus { code: 0, signal: None }"
2026-07-12T02:24:54.203394Z  INFO herdr::pane: pane session terminated pane=3 pid=907842 signal=Hangup
2026-07-12T02:24:54.204518Z  INFO herdr::logging: spawning pane terminal event="pane.spawn.start" subsystem="pane" outcome="started" pane_id=4 rows=51 cols=185 scrollback_limit_bytes=10000000
2026-07-12T02:24:54.206810Z  INFO herdr::logging: pane child spawned event="pane.spawned" subsystem="pane" outcome="ok" pane_id=4 pid=2664086
2026-07-12T02:24:54.207261Z  INFO herdr::logging: workspace created event="workspace.create" subsystem="workspace" outcome="ok" workspace_id="wS" pane_id=4
2026-07-12T02:24:54.207285Z  INFO herdr::logging: workspace focused event="workspace.focus" subsystem="workspace" outcome="ok" workspace_id="wS"
2026-07-12T02:24:54.207308Z  INFO herdr::logging: tab focused event="tab.focus" subsystem="tab" outcome="ok" workspace_id="wS" tab_id="wS:t1"
2026-07-12T02:24:56.828291Z  INFO herdr::server::headless: client detach requested via keybind client_id=6
2026-07-12T02:24:56.838320Z  INFO herdr::server::headless: client disconnected client_id=6
2026-07-12T02:24:59.220898Z  INFO herdr::logging: session saved event="persist.save" subsystem="persist" outcome="ok" path=/home/morehush/.config/herdr/session.json workspaces=1
2026-07-12T02:36:29.409677Z  INFO herdr::logging: checking for updates event="update.check.start" subsystem="update" outcome="started"
2026-07-12T02:36:30.134452Z  WARN herdr::detect::manifest_update: skipping unknown remote manifest agent agent="maki"
2026-07-12T03:06:29.410976Z  INFO herdr::logging: checking for updates event="update.check.start" subsystem="update" outcome="started"
2026-07-12T03:06:29.679445Z  WARN herdr::detect::manifest_update: skipping unknown remote manifest agent agent="maki"
2026-07-12T03:36:29.412272Z  INFO herdr::logging: checking for updates event="update.check.start" subsystem="update" outcome="started"
2026-07-12T03:36:29.686254Z  WARN herdr::detect::manifest_update: skipping unknown remote manifest agent agent="maki"
2026-07-12T04:06:29.412919Z  INFO herdr::logging: checking for updates event="update.check.start" subsystem="update" outcome="started"
2026-07-12T04:06:29.570357Z  WARN herdr::detect::manifest_update: skipping unknown remote manifest agent agent="maki"
2026-07-12T04:36:29.414051Z  INFO herdr::logging: checking for updates event="update.check.start" subsystem="update" outcome="started"
2026-07-12T04:36:29.510259Z  WARN herdr::detect::manifest_update: skipping unknown remote manifest agent agent="maki"
2026-07-12T05:06:29.415716Z  INFO herdr::logging: checking for updates event="update.check.start" subsystem="update" outcome="started"
2026-07-12T05:06:29.522819Z  WARN herdr::detect::manifest_update: skipping unknown remote manifest agent agent="maki"
2026-07-12T05:36:29.417052Z  INFO herdr::logging: checking for updates event="update.check.start" subsystem="update" outcome="started"
2026-07-12T05:36:29.585178Z  WARN herdr::detect::manifest_update: skipping unknown remote manifest agent agent="maki"
2026-07-12T06:06:29.418396Z  INFO herdr::logging: checking for updates event="update.check.start" subsystem="update" outcome="started"
2026-07-12T06:06:29.577496Z  WARN herdr::detect::manifest_update: skipping unknown remote manifest agent agent="maki"
2026-07-12T06:36:29.419862Z  INFO herdr::logging: checking for updates event="update.check.start" subsystem="update" outcome="started"
2026-07-12T06:36:29.513425Z  WARN herdr::detect::manifest_update: skipping unknown remote manifest agent agent="maki"
2026-07-12T07:06:29.421289Z  INFO herdr::logging: checking for updates event="update.check.start" subsystem="update" outcome="started"
2026-07-12T07:06:29.588461Z  WARN herdr::detect::manifest_update: skipping unknown remote manifest agent agent="maki"
2026-07-12T07:36:29.421718Z  INFO herdr::logging: checking for updates event="update.check.start" subsystem="update" outcome="started"
2026-07-12T07:36:29.549770Z  WARN herdr::detect::manifest_update: skipping unknown remote manifest agent agent="maki"
2026-07-12T08:06:29.422700Z  INFO herdr::logging: checking for updates event="update.check.start" subsystem="update" outcome="started"
2026-07-12T08:06:29.629038Z  WARN herdr::detect::manifest_update: skipping unknown remote manifest agent agent="maki"
2026-07-12T08:36:29.424331Z  INFO herdr::logging: checking for updates event="update.check.start" subsystem="update" outcome="started"
2026-07-12T08:36:29.592811Z  WARN herdr::detect::manifest_update: skipping unknown remote manifest agent agent="maki"
2026-07-12T09:06:29.425211Z  INFO herdr::logging: checking for updates event="update.check.start" subsystem="update" outcome="started"
2026-07-12T09:06:29.526726Z  WARN herdr::detect::manifest_update: skipping unknown remote manifest agent agent="maki"
2026-07-12T09:36:29.425976Z  INFO herdr::logging: checking for updates event="update.check.start" subsystem="update" outcome="started"
2026-07-12T09:36:29.525877Z  WARN herdr::detect::manifest_update: skipping unknown remote manifest agent agent="maki"
2026-07-12T10:06:29.427190Z  INFO herdr::logging: checking for updates event="update.check.start" subsystem="update" outcome="started"
2026-07-12T10:06:29.762444Z  WARN herdr::detect::manifest_update: skipping unknown remote manifest agent agent="maki"
2026-07-12T10:36:29.429084Z  INFO herdr::logging: checking for updates event="update.check.start" subsystem="update" outcome="started"
2026-07-12T10:36:29.533071Z  WARN herdr::detect::manifest_update: skipping unknown remote manifest agent agent="maki"
2026-07-12T11:06:29.430655Z  INFO herdr::logging: checking for updates event="update.check.start" subsystem="update" outcome="started"
2026-07-12T11:06:29.583062Z  WARN herdr::detect::manifest_update: skipping unknown remote manifest agent agent="maki"
2026-07-12T11:36:29.432973Z  INFO herdr::logging: checking for updates event="update.check.start" subsystem="update" outcome="started"
2026-07-12T11:36:29.533759Z  WARN herdr::detect::manifest_update: skipping unknown remote manifest agent agent="maki"
2026-07-12T12:06:29.434524Z  INFO herdr::logging: checking for updates event="update.check.start" subsystem="update" outcome="started"
2026-07-12T12:06:29.540127Z  WARN herdr::detect::manifest_update: skipping unknown remote manifest agent agent="maki"
2026-07-12T12:08:24.380009Z  INFO herdr::server::headless: client connected client_id=8 cols=211 rows=52 cell_width_px=0 cell_height_px=0 render_encoding=SemanticFrame
2026-07-12T12:08:47.237324Z  INFO herdr::logging: pane child exited event="pane.exit" subsystem="pane" outcome="completed" pane_id=4 status="ExitStatus { code: 0, signal: None }"
2026-07-12T12:08:47.246880Z  INFO herdr::pane: pane session terminated pane=4 pid=2664086 signal=Hangup
2026-07-12T12:08:47.247028Z  INFO herdr::logging: spawning pane terminal event="pane.spawn.start" subsystem="pane" outcome="started" pane_id=5 rows=51 cols=185 scrollback_limit_bytes=10000000
2026-07-12T12:08:47.249765Z  INFO herdr::logging: pane child spawned event="pane.spawned" subsystem="pane" outcome="ok" pane_id=5 pid=3131363
2026-07-12T12:08:47.250065Z  INFO herdr::logging: workspace created event="workspace.create" subsystem="workspace" outcome="ok" workspace_id="wT" pane_id=5
2026-07-12T12:08:47.250085Z  INFO herdr::logging: workspace focused event="workspace.focus" subsystem="workspace" outcome="ok" workspace_id="wT"
2026-07-12T12:08:47.250105Z  INFO herdr::logging: tab focused event="tab.focus" subsystem="tab" outcome="ok" workspace_id="wT" tab_id="wT:t1"
2026-07-12T12:08:50.667621Z  INFO herdr::server::headless: client detach requested via keybind client_id=8
2026-07-12T12:08:50.676944Z  INFO herdr::server::headless: client disconnected client_id=8
2026-07-12T12:08:52.252438Z  INFO herdr::logging: session saved event="persist.save" subsystem="persist" outcome="ok" path=/home/morehush/.config/herdr/session.json workspaces=1
2026-07-12T12:36:29.435976Z  INFO herdr::logging: checking for updates event="update.check.start" subsystem="update" outcome="started"
2026-07-12T12:36:29.642793Z  WARN herdr::detect::manifest_update: skipping unknown remote manifest agent agent="maki"
2026-07-12T13:06:29.436848Z  INFO herdr::logging: checking for updates event="update.check.start" subsystem="update" outcome="started"
2026-07-12T13:06:29.581684Z  WARN herdr::detect::manifest_update: skipping unknown remote manifest agent agent="maki"
2026-07-12T13:36:29.438537Z  INFO herdr::logging: checking for updates event="update.check.start" subsystem="update" outcome="started"
2026-07-12T13:36:29.574499Z  WARN herdr::detect::manifest_update: skipping unknown remote manifest agent agent="maki"
2026-07-12T14:06:29.440114Z  INFO herdr::logging: checking for updates event="update.check.start" subsystem="update" outcome="started"
2026-07-12T14:06:29.568937Z  WARN herdr::detect::manifest_update: skipping unknown remote manifest agent agent="maki"
2026-07-12T14:36:29.440986Z  INFO herdr::logging: checking for updates event="update.check.start" subsystem="update" outcome="started"
2026-07-12T14:36:29.619239Z  WARN herdr::detect::manifest_update: skipping unknown remote manifest agent agent="maki"
2026-07-12T15:06:29.441706Z  INFO herdr::logging: checking for updates event="update.check.start" subsystem="update" outcome="started"
2026-07-12T15:06:29.596708Z  WARN herdr::detect::manifest_update: skipping unknown remote manifest agent agent="maki"
2026-07-12T15:36:29.442793Z  INFO herdr::logging: checking for updates event="update.check.start" subsystem="update" outcome="started"
2026-07-12T15:36:29.615461Z  WARN herdr::detect::manifest_update: skipping unknown remote manifest agent agent="maki"
2026-07-12T16:06:29.444714Z  INFO herdr::logging: checking for updates event="update.check.start" subsystem="update" outcome="started"
2026-07-12T16:06:29.771095Z  WARN herdr::detect::manifest_update: skipping unknown remote manifest agent agent="maki"
2026-07-12T16:36:29.446040Z  INFO herdr::logging: checking for updates event="update.check.start" subsystem="update" outcome="started"
2026-07-12T16:36:29.744213Z  WARN herdr::detect::manifest_update: skipping unknown remote manifest agent agent="maki"
2026-07-12T17:06:29.447080Z  INFO herdr::logging: checking for updates event="update.check.start" subsystem="update" outcome="started"
2026-07-12T17:06:29.644395Z  WARN herdr::detect::manifest_update: skipping unknown remote manifest agent agent="maki"
2026-07-12T17:36:29.447843Z  INFO herdr::logging: checking for updates event="update.check.start" subsystem="update" outcome="started"
2026-07-12T17:36:29.707767Z  WARN herdr::detect::manifest_update: skipping unknown remote manifest agent agent="maki"
2026-07-12T18:06:29.449520Z  INFO herdr::logging: checking for updates event="update.check.start" subsystem="update" outcome="started"
2026-07-12T18:06:29.585426Z  WARN herdr::detect::manifest_update: skipping unknown remote manifest agent agent="maki"
2026-07-12T18:36:29.450815Z  INFO herdr::logging: checking for updates event="update.check.start" subsystem="update" outcome="started"
2026-07-12T18:36:29.822656Z  WARN herdr::detect::manifest_update: skipping unknown remote manifest agent agent="maki"
2026-07-12T19:06:29.451849Z  INFO herdr::logging: checking for updates event="update.check.start" subsystem="update" outcome="started"
2026-07-12T19:06:29.628873Z  WARN herdr::detect::manifest_update: skipping unknown remote manifest agent agent="maki"
2026-07-12T19:36:29.452786Z  INFO herdr::logging: checking for updates event="update.check.start" subsystem="update" outcome="started"
2026-07-12T19:36:29.629671Z  WARN herdr::detect::manifest_update: skipping unknown remote manifest agent agent="maki"
2026-07-12T20:06:29.454218Z  INFO herdr::logging: checking for updates event="update.check.start" subsystem="update" outcome="started"
2026-07-12T20:06:29.677537Z  WARN herdr::detect::manifest_update: skipping unknown remote manifest agent agent="maki"
2026-07-12T20:15:38.521694Z  INFO herdr::server::headless: client connected client_id=10 cols=211 rows=52 cell_width_px=0 cell_height_px=0 render_encoding=SemanticFrame
2026-07-12T20:21:39.833745Z  INFO herdr::server::headless: client resize client_id=10 cols=104 rows=52 cell_width_px=0 cell_height_px=0
2026-07-12T20:21:49.266698Z  INFO herdr::server::headless: client resize client_id=10 cols=211 rows=52 cell_width_px=0 cell_height_px=0
2026-07-12T20:21:53.578538Z  INFO herdr::server::headless: client resize client_id=10 cols=211 rows=49 cell_width_px=0 cell_height_px=0
2026-07-12T20:22:27.862149Z  INFO herdr::server::headless: client resize client_id=10 cols=211 rows=51 cell_width_px=0 cell_height_px=0
2026-07-12T20:22:27.962523Z  INFO herdr::server::headless: client resize client_id=10 cols=211 rows=52 cell_width_px=0 cell_height_px=0
2026-07-12T20:36:29.454777Z  INFO herdr::logging: checking for updates event="update.check.start" subsystem="update" outcome="started"
2026-07-12T20:36:29.635663Z  WARN herdr::detect::manifest_update: skipping unknown remote manifest agent agent="maki"
2026-07-12T20:39:22.611969Z  INFO herdr::server::headless: client resize client_id=10 cols=211 rows=49 cell_width_px=0 cell_height_px=0
2026-07-12T20:39:44.335853Z  INFO herdr::server::headless: client resize client_id=10 cols=211 rows=50 cell_width_px=0 cell_height_px=0
2026-07-12T20:39:44.435892Z  INFO herdr::server::headless: client resize client_id=10 cols=211 rows=52 cell_width_px=0 cell_height_px=0
2026-07-12T20:41:07.528335Z  INFO herdr::logging: pane child exited event="pane.exit" subsystem="pane" outcome="completed" pane_id=5 status="ExitStatus { code: 0, signal: None }"
2026-07-12T20:41:07.528411Z  INFO herdr::pane: pane session terminated pane=5 pid=3131363 signal=Hangup
2026-07-12T20:41:07.528689Z  INFO herdr::logging: spawning pane terminal event="pane.spawn.start" subsystem="pane" outcome="started" pane_id=6 rows=51 cols=185 scrollback_limit_bytes=10000000
2026-07-12T20:41:07.529781Z  INFO herdr::logging: pane child spawned event="pane.spawned" subsystem="pane" outcome="ok" pane_id=6 pid=3547321
2026-07-12T20:41:07.529938Z  INFO herdr::logging: workspace created event="workspace.create" subsystem="workspace" outcome="ok" workspace_id="wV" pane_id=6
2026-07-12T20:41:07.529947Z  INFO herdr::logging: workspace focused event="workspace.focus" subsystem="workspace" outcome="ok" workspace_id="wV"
2026-07-12T20:41:07.529956Z  INFO herdr::logging: tab focused event="tab.focus" subsystem="tab" outcome="ok" workspace_id="wV" tab_id="wV:t1"
2026-07-12T20:41:09.610704Z  INFO herdr::server::headless: client detach requested via keybind client_id=10
2026-07-12T20:41:09.620277Z  INFO herdr::server::headless: client disconnected client_id=10
2026-07-12T20:41:12.539774Z  INFO herdr::logging: session saved event="persist.save" subsystem="persist" outcome="ok" path=/home/morehush/.config/herdr/session.json workspaces=1
2026-07-12T21:06:29.456096Z  INFO herdr::logging: checking for updates event="update.check.start" subsystem="update" outcome="started"
2026-07-12T21:06:29.546009Z  WARN herdr::detect::manifest_update: skipping unknown remote manifest agent agent="maki"
2026-07-12T21:36:29.457498Z  INFO herdr::logging: checking for updates event="update.check.start" subsystem="update" outcome="started"
2026-07-12T21:36:29.585716Z  WARN herdr::detect::manifest_update: skipping unknown remote manifest agent agent="maki"
2026-07-12T22:06:29.459026Z  INFO herdr::logging: checking for updates event="update.check.start" subsystem="update" outcome="started"
2026-07-12T22:06:29.575821Z  WARN herdr::detect::manifest_update: skipping unknown remote manifest agent agent="maki"
2026-07-12T22:36:29.459751Z  INFO herdr::logging: checking for updates event="update.check.start" subsystem="update" outcome="started"
2026-07-12T22:36:29.587181Z  WARN herdr::detect::manifest_update: skipping unknown remote manifest agent agent="maki"
2026-07-12T23:06:29.461402Z  INFO herdr::logging: checking for updates event="update.check.start" subsystem="update" outcome="started"
2026-07-12T23:06:29.674400Z  WARN herdr::detect::manifest_update: skipping unknown remote manifest agent agent="maki"
2026-07-12T23:36:29.462269Z  INFO herdr::logging: checking for updates event="update.check.start" subsystem="update" outcome="started"
2026-07-12T23:36:29.659430Z  WARN herdr::detect::manifest_update: skipping unknown remote manifest agent agent="maki"
2026-07-13T00:06:29.463528Z  INFO herdr::logging: checking for updates event="update.check.start" subsystem="update" outcome="started"
2026-07-13T00:06:29.687018Z  WARN herdr::detect::manifest_update: skipping unknown remote manifest agent agent="maki"
2026-07-13T00:36:29.465084Z  INFO herdr::logging: checking for updates event="update.check.start" subsystem="update" outcome="started"
2026-07-13T00:36:29.661143Z  WARN herdr::detect::manifest_update: skipping unknown remote manifest agent agent="maki"
2026-07-13T01:06:29.465743Z  INFO herdr::logging: checking for updates event="update.check.start" subsystem="update" outcome="started"
2026-07-13T01:06:29.636503Z  WARN herdr::detect::manifest_update: skipping unknown remote manifest agent agent="maki"
2026-07-13T01:36:29.467321Z  INFO herdr::logging: checking for updates event="update.check.start" subsystem="update" outcome="started"
2026-07-13T01:36:29.741856Z  WARN herdr::detect::manifest_update: skipping unknown remote manifest agent agent="maki"
2026-07-13T02:06:29.468051Z  INFO herdr::logging: checking for updates event="update.check.start" subsystem="update" outcome="started"
2026-07-13T02:06:29.623762Z  WARN herdr::detect::manifest_update: skipping unknown remote manifest agent agent="maki"
2026-07-13T02:36:29.469412Z  INFO herdr::logging: checking for updates event="update.check.start" subsystem="update" outcome="started"
2026-07-13T02:36:29.596613Z  WARN herdr::detect::manifest_update: skipping unknown remote manifest agent agent="maki"
2026-07-13T03:06:29.471670Z  INFO herdr::logging: checking for updates event="update.check.start" subsystem="update" outcome="started"
2026-07-13T03:06:29.578423Z  WARN herdr::detect::manifest_update: skipping unknown remote manifest agent agent="maki"
2026-07-13T03:36:29.473479Z  INFO herdr::logging: checking for updates event="update.check.start" subsystem="update" outcome="started"
2026-07-13T03:36:29.571497Z  WARN herdr::detect::manifest_update: skipping unknown remote manifest agent agent="maki"
2026-07-13T04:06:29.474807Z  INFO herdr::logging: checking for updates event="update.check.start" subsystem="update" outcome="started"
2026-07-13T04:06:29.574238Z  WARN herdr::detect::manifest_update: skipping unknown remote manifest agent agent="maki"
2026-07-13T04:36:29.475848Z  INFO herdr::logging: checking for updates event="update.check.start" subsystem="update" outcome="started"
2026-07-13T04:36:29.602291Z  WARN herdr::detect::manifest_update: skipping unknown remote manifest agent agent="maki"
2026-07-13T05:06:29.476757Z  INFO herdr::logging: checking for updates event="update.check.start" subsystem="update" outcome="started"
2026-07-13T05:06:29.639670Z  WARN herdr::detect::manifest_update: skipping unknown remote manifest agent agent="maki"
2026-07-13T05:36:29.479109Z  INFO herdr::logging: checking for updates event="update.check.start" subsystem="update" outcome="started"
2026-07-13T05:36:29.646245Z  WARN herdr::detect::manifest_update: skipping unknown remote manifest agent agent="maki"
2026-07-13T06:06:29.479913Z  INFO herdr::logging: checking for updates event="update.check.start" subsystem="update" outcome="started"
2026-07-13T06:06:29.577510Z  WARN herdr::detect::manifest_update: skipping unknown remote manifest agent agent="maki"
2026-07-13T06:36:29.481292Z  INFO herdr::logging: checking for updates event="update.check.start" subsystem="update" outcome="started"
2026-07-13T06:36:29.575586Z  WARN herdr::detect::manifest_update: skipping unknown remote manifest agent agent="maki"
2026-07-13T07:06:29.482439Z  INFO herdr::logging: checking for updates event="update.check.start" subsystem="update" outcome="started"
2026-07-13T07:06:29.624837Z  WARN herdr::detect::manifest_update: skipping unknown remote manifest agent agent="maki"
2026-07-13T07:36:29.482854Z  INFO herdr::logging: checking for updates event="update.check.start" subsystem="update" outcome="started"
2026-07-13T07:36:29.595546Z  WARN herdr::detect::manifest_update: skipping unknown remote manifest agent agent="maki"
2026-07-13T08:06:29.485083Z  INFO herdr::logging: checking for updates event="update.check.start" subsystem="update" outcome="started"
2026-07-13T08:06:29.563993Z  WARN herdr::detect::manifest_update: skipping unknown remote manifest agent agent="maki"
2026-07-13T08:36:29.485915Z  INFO herdr::logging: checking for updates event="update.check.start" subsystem="update" outcome="started"
2026-07-13T08:36:29.579159Z  WARN herdr::detect::manifest_update: skipping unknown remote manifest agent agent="maki"
2026-07-13T09:06:29.487023Z  INFO herdr::logging: checking for updates event="update.check.start" subsystem="update" outcome="started"
2026-07-13T09:06:29.656582Z  WARN herdr::detect::manifest_update: skipping unknown remote manifest agent agent="maki"
2026-07-13T09:36:29.487892Z  INFO herdr::logging: checking for updates event="update.check.start" subsystem="update" outcome="started"
2026-07-13T09:36:29.620705Z  WARN herdr::detect::manifest_update: skipping unknown remote manifest agent agent="maki"
2026-07-13T10:06:29.488625Z  INFO herdr::logging: checking for updates event="update.check.start" subsystem="update" outcome="started"
2026-07-13T10:06:29.585310Z  WARN herdr::detect::manifest_update: skipping unknown remote manifest agent agent="maki"
2026-07-13T10:36:29.489847Z  INFO herdr::logging: checking for updates event="update.check.start" subsystem="update" outcome="started"
2026-07-13T10:36:29.615737Z  WARN herdr::detect::manifest_update: skipping unknown remote manifest agent agent="maki"
2026-07-13T11:06:29.490748Z  INFO herdr::logging: checking for updates event="update.check.start" subsystem="update" outcome="started"
2026-07-13T11:06:29.595721Z  WARN herdr::detect::manifest_update: skipping unknown remote manifest agent agent="maki"
2026-07-13T11:20:01.321602Z  INFO herdr::server::headless: client connected client_id=12 cols=211 rows=52 cell_width_px=0 cell_height_px=0 render_encoding=SemanticFrame
2026-07-13T11:33:03.254604Z  INFO herdr::logging: pane child exited event="pane.exit" subsystem="pane" outcome="completed" pane_id=6 status="ExitStatus { code: 0, signal: None }"
2026-07-13T11:33:03.254846Z  INFO herdr::pane: pane session terminated pane=6 pid=3547321 signal=Hangup
2026-07-13T11:33:03.255115Z  INFO herdr::logging: spawning pane terminal event="pane.spawn.start" subsystem="pane" outcome="started" pane_id=7 rows=51 cols=185 scrollback_limit_bytes=10000000
2026-07-13T11:33:03.256154Z  INFO herdr::logging: pane child spawned event="pane.spawned" subsystem="pane" outcome="ok" pane_id=7 pid=100114
2026-07-13T11:33:03.256405Z  INFO herdr::logging: workspace created event="workspace.create" subsystem="workspace" outcome="ok" workspace_id="wW" pane_id=7
2026-07-13T11:33:03.256414Z  INFO herdr::logging: workspace focused event="workspace.focus" subsystem="workspace" outcome="ok" workspace_id="wW"
2026-07-13T11:33:03.256527Z  INFO herdr::logging: tab focused event="tab.focus" subsystem="tab" outcome="ok" workspace_id="wW" tab_id="wW:t1"
2026-07-13T11:33:04.867778Z  INFO herdr::server::headless: client detach requested via keybind client_id=12
2026-07-13T11:33:04.873951Z  INFO herdr::server::headless: client disconnected client_id=12
2026-07-13T11:33:08.271871Z  INFO herdr::logging: session saved event="persist.save" subsystem="persist" outcome="ok" path=/home/morehush/.config/herdr/session.json workspaces=1
2026-07-13T11:36:29.492001Z  INFO herdr::logging: checking for updates event="update.check.start" subsystem="update" outcome="started"
2026-07-13T11:36:29.590779Z  WARN herdr::detect::manifest_update: skipping unknown remote manifest agent agent="maki"
2026-07-13T12:06:29.493389Z  INFO herdr::logging: checking for updates event="update.check.start" subsystem="update" outcome="started"
2026-07-13T12:06:29.687962Z  WARN herdr::detect::manifest_update: skipping unknown remote manifest agent agent="maki"
2026-07-13T12:36:29.494260Z  INFO herdr::logging: checking for updates event="update.check.start" subsystem="update" outcome="started"
2026-07-13T12:36:29.672426Z  WARN herdr::detect::manifest_update: skipping unknown remote manifest agent agent="maki"
2026-07-13T13:06:29.503981Z  INFO herdr::logging: checking for updates event="update.check.start" subsystem="update" outcome="started"
2026-07-13T13:06:29.722670Z  WARN herdr::detect::manifest_update: skipping unknown remote manifest agent agent="maki"
2026-07-13T13:36:29.495992Z  INFO herdr::logging: checking for updates event="update.check.start" subsystem="update" outcome="started"
2026-07-13T13:36:29.680140Z  WARN herdr::detect::manifest_update: skipping unknown remote manifest agent agent="maki"
2026-07-13T14:06:29.497105Z  INFO herdr::logging: checking for updates event="update.check.start" subsystem="update" outcome="started"
2026-07-13T14:06:29.647884Z  WARN herdr::detect::manifest_update: skipping unknown remote manifest agent agent="maki"
2026-07-13T14:36:29.498143Z  INFO herdr::logging: checking for updates event="update.check.start" subsystem="update" outcome="started"
2026-07-13T14:36:29.603133Z  WARN herdr::detect::manifest_update: skipping unknown remote manifest agent agent="maki"
2026-07-13T15:06:29.499201Z  INFO herdr::logging: checking for updates event="update.check.start" subsystem="update" outcome="started"
2026-07-13T15:06:29.718463Z  WARN herdr::detect::manifest_update: skipping unknown remote manifest agent agent="maki"
2026-07-13T15:36:29.499838Z  INFO herdr::logging: checking for updates event="update.check.start" subsystem="update" outcome="started"
2026-07-13T15:36:29.611205Z  WARN herdr::detect::manifest_update: skipping unknown remote manifest agent agent="maki"
2026-07-13T16:06:29.500883Z  INFO herdr::logging: checking for updates event="update.check.start" subsystem="update" outcome="started"
2026-07-13T16:06:29.682350Z  WARN herdr::detect::manifest_update: skipping unknown remote manifest agent agent="maki"
2026-07-13T16:36:29.501726Z  INFO herdr::logging: checking for updates event="update.check.start" subsystem="update" outcome="started"
2026-07-13T16:36:29.637960Z  WARN herdr::detect::manifest_update: skipping unknown remote manifest agent agent="maki"
2026-07-13T17:06:29.503218Z  INFO herdr::logging: checking for updates event="update.check.start" subsystem="update" outcome="started"
2026-07-13T17:06:29.651312Z  WARN herdr::detect::manifest_update: skipping unknown remote manifest agent agent="maki"
2026-07-13T17:36:29.503812Z  INFO herdr::logging: checking for updates event="update.check.start" subsystem="update" outcome="started"
2026-07-13T17:36:29.712162Z  WARN herdr::detect::manifest_update: skipping unknown remote manifest agent agent="maki"
2026-07-13T18:06:29.504958Z  INFO herdr::logging: checking for updates event="update.check.start" subsystem="update" outcome="started"
2026-07-13T18:06:29.641829Z  WARN herdr::detect::manifest_update: skipping unknown remote manifest agent agent="maki"
2026-07-13T18:36:29.506549Z  INFO herdr::logging: checking for updates event="update.check.start" subsystem="update" outcome="started"
2026-07-13T18:36:29.699281Z  WARN herdr::detect::manifest_update: skipping unknown remote manifest agent agent="maki"
2026-07-13T19:06:29.508550Z  INFO herdr::logging: checking for updates event="update.check.start" subsystem="update" outcome="started"
2026-07-13T19:06:29.680700Z  WARN herdr::detect::manifest_update: skipping unknown remote manifest agent agent="maki"
2026-07-13T19:36:29.510749Z  INFO herdr::logging: checking for updates event="update.check.start" subsystem="update" outcome="started"
2026-07-13T19:36:29.741520Z  WARN herdr::detect::manifest_update: skipping unknown remote manifest agent agent="maki"
2026-07-13T19:53:20.776189Z  INFO herdr::server::headless: client connected client_id=14 cols=210 rows=54 cell_width_px=0 cell_height_px=0 render_encoding=SemanticFrame
2026-07-13T19:58:13.537209Z  INFO herdr::logging: pane child exited event="pane.exit" subsystem="pane" outcome="completed" pane_id=7 status="ExitStatus { code: 0, signal: None }"
2026-07-13T19:58:13.543425Z  INFO herdr::pane: pane session terminated pane=7 pid=100114 signal=Hangup
2026-07-13T19:58:13.543978Z  INFO herdr::logging: spawning pane terminal event="pane.spawn.start" subsystem="pane" outcome="started" pane_id=8 rows=53 cols=184 scrollback_limit_bytes=10000000
2026-07-13T19:58:13.545519Z  INFO herdr::logging: pane child spawned event="pane.spawned" subsystem="pane" outcome="ok" pane_id=8 pid=516196
2026-07-13T19:58:13.545802Z  INFO herdr::logging: workspace created event="workspace.create" subsystem="workspace" outcome="ok" workspace_id="wX" pane_id=8
2026-07-13T19:58:13.545825Z  INFO herdr::logging: workspace focused event="workspace.focus" subsystem="workspace" outcome="ok" workspace_id="wX"
2026-07-13T19:58:13.545832Z  INFO herdr::logging: tab focused event="tab.focus" subsystem="tab" outcome="ok" workspace_id="wX" tab_id="wX:t1"
2026-07-13T19:58:15.688609Z  INFO herdr::server::headless: client detach requested via keybind client_id=14
2026-07-13T19:58:15.691343Z  INFO herdr::server::headless: client disconnected client_id=14
2026-07-13T19:58:18.548771Z  INFO herdr::logging: session saved event="persist.save" subsystem="persist" outcome="ok" path=/home/morehush/.config/herdr/session.json workspaces=1
2026-07-13T20:06:29.511816Z  INFO herdr::logging: checking for updates event="update.check.start" subsystem="update" outcome="started"
2026-07-13T20:06:29.673967Z  WARN herdr::detect::manifest_update: skipping unknown remote manifest agent agent="maki"
2026-07-13T20:36:29.512815Z  INFO herdr::logging: checking for updates event="update.check.start" subsystem="update" outcome="started"
2026-07-13T20:36:29.624428Z  WARN herdr::detect::manifest_update: skipping unknown remote manifest agent agent="maki"
2026-07-13T21:06:29.514461Z  INFO herdr::logging: checking for updates event="update.check.start" subsystem="update" outcome="started"
2026-07-13T21:06:29.728886Z  WARN herdr::detect::manifest_update: skipping unknown remote manifest agent agent="maki"
2026-07-13T21:36:29.516515Z  INFO herdr::logging: checking for updates event="update.check.start" subsystem="update" outcome="started"
2026-07-13T21:36:29.861194Z  WARN herdr::detect::manifest_update: skipping unknown remote manifest agent agent="maki"
2026-07-13T22:06:29.518246Z  INFO herdr::logging: checking for updates event="update.check.start" subsystem="update" outcome="started"
2026-07-13T22:06:29.720154Z  WARN herdr::detect::manifest_update: skipping unknown remote manifest agent agent="maki"
2026-07-13T22:36:29.518767Z  INFO herdr::logging: checking for updates event="update.check.start" subsystem="update" outcome="started"
2026-07-13T22:36:29.706132Z  WARN herdr::detect::manifest_update: skipping unknown remote manifest agent agent="maki"
2026-07-13T23:06:29.520369Z  INFO herdr::logging: checking for updates event="update.check.start" subsystem="update" outcome="started"
2026-07-13T23:06:29.702534Z  WARN herdr::detect::manifest_update: skipping unknown remote manifest agent agent="maki"
2026-07-13T23:36:29.521122Z  INFO herdr::logging: checking for updates event="update.check.start" subsystem="update" outcome="started"
2026-07-13T23:36:29.715006Z  WARN herdr::detect::manifest_update: skipping unknown remote manifest agent agent="maki"
2026-07-14T00:06:29.522490Z  INFO herdr::logging: checking for updates event="update.check.start" subsystem="update" outcome="started"
2026-07-14T00:06:29.714911Z  WARN herdr::detect::manifest_update: skipping unknown remote manifest agent agent="maki"
2026-07-14T00:36:29.523838Z  INFO herdr::logging: checking for updates event="update.check.start" subsystem="update" outcome="started"
2026-07-14T00:36:29.785488Z  WARN herdr::detect::manifest_update: skipping unknown remote manifest agent agent="maki"
2026-07-14T01:06:29.524903Z  INFO herdr::logging: checking for updates event="update.check.start" subsystem="update" outcome="started"
2026-07-14T01:06:29.748493Z  WARN herdr::detect::manifest_update: skipping unknown remote manifest agent agent="maki"
2026-07-14T01:36:29.526273Z  INFO herdr::logging: checking for updates event="update.check.start" subsystem="update" outcome="started"
2026-07-14T01:36:29.779580Z  WARN herdr::detect::manifest_update: skipping unknown remote manifest agent agent="maki"
2026-07-14T02:06:29.527163Z  INFO herdr::logging: checking for updates event="update.check.start" subsystem="update" outcome="started"
2026-07-14T02:06:29.682141Z  WARN herdr::detect::manifest_update: skipping unknown remote manifest agent agent="maki"
2026-07-14T02:36:29.528277Z  INFO herdr::logging: checking for updates event="update.check.start" subsystem="update" outcome="started"
2026-07-14T02:36:29.780015Z  WARN herdr::detect::manifest_update: skipping unknown remote manifest agent agent="maki"
2026-07-14T03:06:29.529306Z  INFO herdr::logging: checking for updates event="update.check.start" subsystem="update" outcome="started"
2026-07-14T03:06:29.755121Z  WARN herdr::detect::manifest_update: skipping unknown remote manifest agent agent="maki"
2026-07-14T03:36:29.530463Z  INFO herdr::logging: checking for updates event="update.check.start" subsystem="update" outcome="started"
2026-07-14T03:36:29.761827Z  WARN herdr::detect::manifest_update: skipping unknown remote manifest agent agent="maki"
2026-07-14T04:06:29.530924Z  INFO herdr::logging: checking for updates event="update.check.start" subsystem="update" outcome="started"
2026-07-14T04:06:29.642858Z  WARN herdr::detect::manifest_update: skipping unknown remote manifest agent agent="maki"
2026-07-14T04:36:29.532034Z  INFO herdr::logging: checking for updates event="update.check.start" subsystem="update" outcome="started"
2026-07-14T04:36:29.651805Z  WARN herdr::detect::manifest_update: skipping unknown remote manifest agent agent="maki"
2026-07-14T05:06:29.533107Z  INFO herdr::logging: checking for updates event="update.check.start" subsystem="update" outcome="started"
2026-07-14T05:06:29.650205Z  WARN herdr::detect::manifest_update: skipping unknown remote manifest agent agent="maki"
2026-07-14T05:36:29.534148Z  INFO herdr::logging: checking for updates event="update.check.start" subsystem="update" outcome="started"
2026-07-14T05:36:29.621535Z  WARN herdr::detect::manifest_update: skipping unknown remote manifest agent agent="maki"
2026-07-14T06:06:29.534926Z  INFO herdr::logging: checking for updates event="update.check.start" subsystem="update" outcome="started"
2026-07-14T06:06:29.643226Z  WARN herdr::detect::manifest_update: skipping unknown remote manifest agent agent="maki"
2026-07-14T06:36:29.536380Z  INFO herdr::logging: checking for updates event="update.check.start" subsystem="update" outcome="started"
2026-07-14T06:36:29.694959Z  WARN herdr::detect::manifest_update: skipping unknown remote manifest agent agent="maki"
2026-07-14T07:06:29.536971Z  INFO herdr::logging: checking for updates event="update.check.start" subsystem="update" outcome="started"
2026-07-14T07:06:29.682595Z  WARN herdr::detect::manifest_update: skipping unknown remote manifest agent agent="maki"
2026-07-14T07:36:29.538724Z  INFO herdr::logging: checking for updates event="update.check.start" subsystem="update" outcome="started"
2026-07-14T07:36:29.701656Z  WARN herdr::detect::manifest_update: skipping unknown remote manifest agent agent="maki"
2026-07-14T08:06:29.539834Z  INFO herdr::logging: checking for updates event="update.check.start" subsystem="update" outcome="started"
2026-07-14T08:06:29.720062Z  WARN herdr::detect::manifest_update: skipping unknown remote manifest agent agent="maki"
2026-07-14T08:36:29.542033Z  INFO herdr::logging: checking for updates event="update.check.start" subsystem="update" outcome="started"
2026-07-14T08:36:29.672107Z  WARN herdr::detect::manifest_update: skipping unknown remote manifest agent agent="maki"
2026-07-14T09:06:29.543229Z  INFO herdr::logging: checking for updates event="update.check.start" subsystem="update" outcome="started"
2026-07-14T09:06:29.669974Z  WARN herdr::detect::manifest_update: skipping unknown remote manifest agent agent="maki"
2026-07-14T09:36:29.543963Z  INFO herdr::logging: checking for updates event="update.check.start" subsystem="update" outcome="started"
2026-07-14T09:36:29.632857Z  WARN herdr::detect::manifest_update: skipping unknown remote manifest agent agent="maki"
2026-07-14T10:06:29.545327Z  INFO herdr::logging: checking for updates event="update.check.start" subsystem="update" outcome="started"
2026-07-14T10:06:29.703122Z  WARN herdr::detect::manifest_update: skipping unknown remote manifest agent agent="maki"
2026-07-14T10:36:29.545585Z  INFO herdr::logging: checking for updates event="update.check.start" subsystem="update" outcome="started"
2026-07-14T10:36:29.715497Z  WARN herdr::detect::manifest_update: skipping unknown remote manifest agent agent="maki"
2026-07-14T11:06:29.547684Z  INFO herdr::logging: checking for updates event="update.check.start" subsystem="update" outcome="started"
2026-07-14T11:06:29.698919Z  WARN herdr::detect::manifest_update: skipping unknown remote manifest agent agent="maki"
2026-07-14T11:36:29.548865Z  INFO herdr::logging: checking for updates event="update.check.start" subsystem="update" outcome="started"
2026-07-14T11:36:29.746407Z  WARN herdr::detect::manifest_update: skipping unknown remote manifest agent agent="maki"
2026-07-14T11:38:12.289532Z  INFO herdr::server::headless: client connected client_id=16 cols=210 rows=54 cell_width_px=0 cell_height_px=0 render_encoding=SemanticFrame
2026-07-14T11:48:28.134065Z  INFO herdr::logging: pane child exited event="pane.exit" subsystem="pane" outcome="completed" pane_id=8 status="ExitStatus { code: 0, signal: None }"
2026-07-14T11:48:28.135941Z  INFO herdr::pane: pane session terminated pane=8 pid=516196 signal=Hangup
2026-07-14T11:48:28.136448Z  INFO herdr::logging: spawning pane terminal event="pane.spawn.start" subsystem="pane" outcome="started" pane_id=9 rows=53 cols=184 scrollback_limit_bytes=10000000
2026-07-14T11:48:28.138237Z  INFO herdr::logging: pane child spawned event="pane.spawned" subsystem="pane" outcome="ok" pane_id=9 pid=1275937
2026-07-14T11:48:28.138445Z  INFO herdr::logging: workspace created event="workspace.create" subsystem="workspace" outcome="ok" workspace_id="wY" pane_id=9
2026-07-14T11:48:28.138451Z  INFO herdr::logging: workspace focused event="workspace.focus" subsystem="workspace" outcome="ok" workspace_id="wY"
2026-07-14T11:48:28.138457Z  INFO herdr::logging: tab focused event="tab.focus" subsystem="tab" outcome="ok" workspace_id="wY" tab_id="wY:t1"
2026-07-14T11:48:29.993664Z  INFO herdr::server::headless: client detach requested via keybind client_id=16
2026-07-14T11:48:30.001748Z  INFO herdr::server::headless: client disconnected client_id=16
2026-07-14T11:48:33.148151Z  INFO herdr::logging: session saved event="persist.save" subsystem="persist" outcome="ok" path=/home/morehush/.config/herdr/session.json workspaces=1
2026-07-14T12:06:29.549870Z  INFO herdr::logging: checking for updates event="update.check.start" subsystem="update" outcome="started"
2026-07-14T12:06:29.730381Z  WARN herdr::detect::manifest_update: skipping unknown remote manifest agent agent="maki"
2026-07-14T12:36:29.551670Z  INFO herdr::logging: checking for updates event="update.check.start" subsystem="update" outcome="started"
2026-07-14T12:36:29.667562Z  WARN herdr::detect::manifest_update: skipping unknown remote manifest agent agent="maki"
2026-07-14T13:06:29.553770Z  INFO herdr::logging: checking for updates event="update.check.start" subsystem="update" outcome="started"
2026-07-14T13:06:29.720492Z  WARN herdr::detect::manifest_update: skipping unknown remote manifest agent agent="maki"
2026-07-14T13:36:29.555663Z  INFO herdr::logging: checking for updates event="update.check.start" subsystem="update" outcome="started"
2026-07-14T13:36:29.785230Z  WARN herdr::detect::manifest_update: skipping unknown remote manifest agent agent="maki"
2026-07-14T14:06:29.556849Z  INFO herdr::logging: checking for updates event="update.check.start" subsystem="update" outcome="started"
2026-07-14T14:06:29.733887Z  WARN herdr::detect::manifest_update: skipping unknown remote manifest agent agent="maki"
2026-07-14T14:11:47.677832Z  INFO herdr::server::headless: client connected client_id=18 cols=210 rows=54 cell_width_px=0 cell_height_px=0 render_encoding=SemanticFrame
2026-07-14T14:14:28.749453Z  INFO herdr::logging: pane child exited event="pane.exit" subsystem="pane" outcome="completed" pane_id=9 status="ExitStatus { code: 0, signal: None }"
2026-07-14T14:14:28.757670Z  INFO herdr::pane: pane session terminated pane=9 pid=1275937 signal=Hangup
2026-07-14T14:14:28.757723Z  INFO herdr::logging: spawning pane terminal event="pane.spawn.start" subsystem="pane" outcome="started" pane_id=10 rows=53 cols=184 scrollback_limit_bytes=10000000
2026-07-14T14:14:28.758740Z  INFO herdr::logging: pane child spawned event="pane.spawned" subsystem="pane" outcome="ok" pane_id=10 pid=1403304
2026-07-14T14:14:28.758858Z  INFO herdr::logging: workspace created event="workspace.create" subsystem="workspace" outcome="ok" workspace_id="wZ" pane_id=10
2026-07-14T14:14:28.758864Z  INFO herdr::logging: workspace focused event="workspace.focus" subsystem="workspace" outcome="ok" workspace_id="wZ"
2026-07-14T14:14:28.758871Z  INFO herdr::logging: tab focused event="tab.focus" subsystem="tab" outcome="ok" workspace_id="wZ" tab_id="wZ:t1"
2026-07-14T14:14:30.571345Z  INFO herdr::server::headless: client detach requested via keybind client_id=18
2026-07-14T14:14:30.581598Z  INFO herdr::server::headless: client disconnected client_id=18
2026-07-14T14:14:33.767566Z  INFO herdr::logging: session saved event="persist.save" subsystem="persist" outcome="ok" path=/home/morehush/.config/herdr/session.json workspaces=1
2026-07-14T14:36:29.558261Z  INFO herdr::logging: checking for updates event="update.check.start" subsystem="update" outcome="started"
2026-07-14T14:36:29.789299Z  WARN herdr::detect::manifest_update: skipping unknown remote manifest agent agent="maki"
2026-07-14T14:44:06.100208Z  INFO herdr::server::headless: client connected client_id=20 cols=210 rows=54 cell_width_px=0 cell_height_px=0 render_encoding=SemanticFrame
2026-07-14T14:44:14.121726Z  INFO herdr::server::headless: client detach requested via keybind client_id=20
2026-07-14T14:44:14.131126Z  INFO herdr::server::headless: client disconnected client_id=20
2026-07-14T14:44:35.757705Z  INFO herdr::server::headless: client connected client_id=22 cols=210 rows=54 cell_width_px=0 cell_height_px=0 render_encoding=SemanticFrame
2026-07-14T14:57:16.493196Z  INFO herdr::logging: pane child exited event="pane.exit" subsystem="pane" outcome="completed" pane_id=10 status="ExitStatus { code: 0, signal: None }"
2026-07-14T14:57:16.493257Z  INFO herdr::pane: pane session terminated pane=10 pid=1403304 signal=Hangup
2026-07-14T14:57:16.493475Z  INFO herdr::logging: spawning pane terminal event="pane.spawn.start" subsystem="pane" outcome="started" pane_id=11 rows=53 cols=184 scrollback_limit_bytes=10000000
2026-07-14T14:57:16.494247Z  INFO herdr::logging: pane child spawned event="pane.spawned" subsystem="pane" outcome="ok" pane_id=11 pid=1440898
2026-07-14T14:57:16.494388Z  INFO herdr::logging: workspace created event="workspace.create" subsystem="workspace" outcome="ok" workspace_id="w0" pane_id=11
2026-07-14T14:57:16.494394Z  INFO herdr::logging: workspace focused event="workspace.focus" subsystem="workspace" outcome="ok" workspace_id="w0"
2026-07-14T14:57:16.494402Z  INFO herdr::logging: tab focused event="tab.focus" subsystem="tab" outcome="ok" workspace_id="w0" tab_id="w0:t1"
2026-07-14T14:57:18.186881Z  INFO herdr::server::headless: client detach requested via keybind client_id=22
2026-07-14T14:57:18.196063Z  INFO herdr::server::headless: client disconnected client_id=22
2026-07-14T14:57:21.512349Z  INFO herdr::logging: session saved event="persist.save" subsystem="persist" outcome="ok" path=/home/morehush/.config/herdr/session.json workspaces=1
2026-07-14T15:06:29.559054Z  INFO herdr::logging: checking for updates event="update.check.start" subsystem="update" outcome="started"
2026-07-14T15:06:29.699176Z  WARN herdr::detect::manifest_update: skipping unknown remote manifest agent agent="maki"
2026-07-14T15:36:29.559553Z  INFO herdr::logging: checking for updates event="update.check.start" subsystem="update" outcome="started"
2026-07-14T15:36:29.701330Z  WARN herdr::detect::manifest_update: skipping unknown remote manifest agent agent="maki"
2026-07-14T16:06:29.560855Z  INFO herdr::logging: checking for updates event="update.check.start" subsystem="update" outcome="started"
2026-07-14T16:06:29.878473Z  WARN herdr::detect::manifest_update: skipping unknown remote manifest agent agent="maki"
2026-07-14T16:36:29.562321Z  INFO herdr::logging: checking for updates event="update.check.start" subsystem="update" outcome="started"
2026-07-14T16:36:29.799187Z  WARN herdr::detect::manifest_update: skipping unknown remote manifest agent agent="maki"
2026-07-14T17:06:29.562727Z  INFO herdr::logging: checking for updates event="update.check.start" subsystem="update" outcome="started"
2026-07-14T17:06:29.772408Z  WARN herdr::detect::manifest_update: skipping unknown remote manifest agent agent="maki"
2026-07-14T17:36:29.564132Z  INFO herdr::logging: checking for updates event="update.check.start" subsystem="update" outcome="started"
2026-07-14T17:36:29.914397Z  WARN herdr::detect::manifest_update: skipping unknown remote manifest agent agent="maki"
2026-07-14T18:06:29.565294Z  INFO herdr::logging: checking for updates event="update.check.start" subsystem="update" outcome="started"
2026-07-14T18:06:29.834470Z  WARN herdr::detect::manifest_update: skipping unknown remote manifest agent agent="maki"
2026-07-14T18:36:29.565875Z  INFO herdr::logging: checking for updates event="update.check.start" subsystem="update" outcome="started"
2026-07-14T18:36:29.975137Z  WARN herdr::detect::manifest_update: skipping unknown remote manifest agent agent="maki"
2026-07-14T19:06:29.567353Z  INFO herdr::logging: checking for updates event="update.check.start" subsystem="update" outcome="started"
2026-07-14T19:06:29.817897Z  WARN herdr::detect::manifest_update: skipping unknown remote manifest agent agent="maki"
2026-07-14T19:36:29.567883Z  INFO herdr::logging: checking for updates event="update.check.start" subsystem="update" outcome="started"
2026-07-14T19:36:29.849321Z  WARN herdr::detect::manifest_update: skipping unknown remote manifest agent agent="maki"
2026-07-14T19:57:34.486935Z  INFO herdr::server::headless: client connected client_id=24 cols=210 rows=54 cell_width_px=0 cell_height_px=0 render_encoding=SemanticFrame
2026-07-14T20:06:29.568848Z  INFO herdr::logging: checking for updates event="update.check.start" subsystem="update" outcome="started"
2026-07-14T20:06:29.703253Z  WARN herdr::detect::manifest_update: skipping unknown remote manifest agent agent="maki"
2026-07-14T20:18:30.670538Z  INFO herdr::logging: pane child exited event="pane.exit" subsystem="pane" outcome="completed" pane_id=11 status="ExitStatus { code: 0, signal: None }"
2026-07-14T20:18:30.675806Z  INFO herdr::pane: pane session terminated pane=11 pid=1440898 signal=Hangup
2026-07-14T20:18:30.675875Z  INFO herdr::logging: spawning pane terminal event="pane.spawn.start" subsystem="pane" outcome="started" pane_id=12 rows=53 cols=184 scrollback_limit_bytes=10000000
2026-07-14T20:18:30.677097Z  INFO herdr::logging: pane child spawned event="pane.spawned" subsystem="pane" outcome="ok" pane_id=12 pid=1700716
2026-07-14T20:18:30.677274Z  INFO herdr::logging: workspace created event="workspace.create" subsystem="workspace" outcome="ok" workspace_id="w11" pane_id=12
2026-07-14T20:18:30.677299Z  INFO herdr::logging: workspace focused event="workspace.focus" subsystem="workspace" outcome="ok" workspace_id="w11"
2026-07-14T20:18:30.677318Z  INFO herdr::logging: tab focused event="tab.focus" subsystem="tab" outcome="ok" workspace_id="w11" tab_id="w11:t1"
2026-07-14T20:18:33.075950Z  INFO herdr::server::headless: client detach requested via keybind client_id=24
2026-07-14T20:18:33.084159Z  INFO herdr::server::headless: client disconnected client_id=24
2026-07-14T20:18:35.679496Z  INFO herdr::logging: session saved event="persist.save" subsystem="persist" outcome="ok" path=/home/morehush/.config/herdr/session.json workspaces=1
2026-07-14T20:36:29.570296Z  INFO herdr::logging: checking for updates event="update.check.start" subsystem="update" outcome="started"
2026-07-14T20:36:30.008101Z  WARN herdr::detect::manifest_update: skipping unknown remote manifest agent agent="maki"
2026-07-14T21:06:29.571779Z  INFO herdr::logging: checking for updates event="update.check.start" subsystem="update" outcome="started"
2026-07-14T21:06:30.369737Z  WARN herdr::detect::manifest_update: skipping unknown remote manifest agent agent="maki"
2026-07-14T21:36:29.573263Z  INFO herdr::logging: checking for updates event="update.check.start" subsystem="update" outcome="started"
2026-07-14T21:36:29.899432Z  WARN herdr::detect::manifest_update: skipping unknown remote manifest agent agent="maki"
2026-07-14T22:06:29.574412Z  INFO herdr::logging: checking for updates event="update.check.start" subsystem="update" outcome="started"
2026-07-14T22:06:30.132999Z  WARN herdr::detect::manifest_update: skipping unknown remote manifest agent agent="maki"
2026-07-14T22:36:29.576694Z  INFO herdr::logging: checking for updates event="update.check.start" subsystem="update" outcome="started"
2026-07-14T22:36:29.877586Z  WARN herdr::detect::manifest_update: skipping unknown remote manifest agent agent="maki"
2026-07-14T23:06:29.577758Z  INFO herdr::logging: checking for updates event="update.check.start" subsystem="update" outcome="started"
2026-07-14T23:06:29.940188Z  WARN herdr::detect::manifest_update: skipping unknown remote manifest agent agent="maki"
2026-07-14T23:36:29.579586Z  INFO herdr::logging: checking for updates event="update.check.start" subsystem="update" outcome="started"
2026-07-14T23:36:29.875858Z  WARN herdr::detect::manifest_update: skipping unknown remote manifest agent agent="maki"
2026-07-15T00:06:29.580919Z  INFO herdr::logging: checking for updates event="update.check.start" subsystem="update" outcome="started"
2026-07-15T00:06:29.939363Z  WARN herdr::detect::manifest_update: skipping unknown remote manifest agent agent="maki"
2026-07-15T00:36:29.582595Z  INFO herdr::logging: checking for updates event="update.check.start" subsystem="update" outcome="started"
2026-07-15T00:36:29.789177Z  WARN herdr::detect::manifest_update: skipping unknown remote manifest agent agent="maki"
2026-07-15T01:06:29.584887Z  INFO herdr::logging: checking for updates event="update.check.start" subsystem="update" outcome="started"
2026-07-15T01:06:30.204824Z  WARN herdr::detect::manifest_update: skipping unknown remote manifest agent agent="maki"
2026-07-15T01:36:29.585755Z  INFO herdr::logging: checking for updates event="update.check.start" subsystem="update" outcome="started"
2026-07-15T01:36:29.796095Z  WARN herdr::detect::manifest_update: skipping unknown remote manifest agent agent="maki"
2026-07-15T02:06:29.587574Z  INFO herdr::logging: checking for updates event="update.check.start" subsystem="update" outcome="started"
2026-07-15T02:06:29.836367Z  WARN herdr::detect::manifest_update: skipping unknown remote manifest agent agent="maki"
2026-07-15T02:36:29.588961Z  INFO herdr::logging: checking for updates event="update.check.start" subsystem="update" outcome="started"
2026-07-15T02:36:29.977718Z  WARN herdr::detect::manifest_update: skipping unknown remote manifest agent agent="maki"
2026-07-15T03:06:29.590272Z  INFO herdr::logging: checking for updates event="update.check.start" subsystem="update" outcome="started"
2026-07-15T03:06:29.802515Z  WARN herdr::detect::manifest_update: skipping unknown remote manifest agent agent="maki"
2026-07-15T03:36:29.590801Z  INFO herdr::logging: checking for updates event="update.check.start" subsystem="update" outcome="started"
2026-07-15T03:36:29.680217Z  WARN herdr::detect::manifest_update: skipping unknown remote manifest agent agent="maki"
2026-07-15T04:06:29.591901Z  INFO herdr::logging: checking for updates event="update.check.start" subsystem="update" outcome="started"
2026-07-15T04:06:29.678764Z  WARN herdr::detect::manifest_update: skipping unknown remote manifest agent agent="maki"
2026-07-15T04:36:29.592759Z  INFO herdr::logging: checking for updates event="update.check.start" subsystem="update" outcome="started"
2026-07-15T04:36:29.692348Z  WARN herdr::detect::manifest_update: skipping unknown remote manifest agent agent="maki"
2026-07-15T05:06:29.594191Z  INFO herdr::logging: checking for updates event="update.check.start" subsystem="update" outcome="started"
2026-07-15T05:06:29.696484Z  WARN herdr::detect::manifest_update: skipping unknown remote manifest agent agent="maki"
2026-07-15T05:36:29.595362Z  INFO herdr::logging: checking for updates event="update.check.start" subsystem="update" outcome="started"
2026-07-15T05:36:29.684114Z  WARN herdr::detect::manifest_update: skipping unknown remote manifest agent agent="maki"
2026-07-15T06:06:29.596190Z  INFO herdr::logging: checking for updates event="update.check.start" subsystem="update" outcome="started"
2026-07-15T06:06:29.683727Z  WARN herdr::detect::manifest_update: skipping unknown remote manifest agent agent="maki"
2026-07-15T06:36:29.598405Z  INFO herdr::logging: checking for updates event="update.check.start" subsystem="update" outcome="started"
2026-07-15T06:36:29.683310Z  WARN herdr::detect::manifest_update: skipping unknown remote manifest agent agent="maki"
2026-07-15T07:06:29.598532Z  INFO herdr::logging: checking for updates event="update.check.start" subsystem="update" outcome="started"
2026-07-15T07:06:29.675148Z  WARN herdr::detect::manifest_update: skipping unknown remote manifest agent agent="maki"
2026-07-15T07:36:29.600579Z  INFO herdr::logging: checking for updates event="update.check.start" subsystem="update" outcome="started"
2026-07-15T07:36:29.689539Z  WARN herdr::detect::manifest_update: skipping unknown remote manifest agent agent="maki"
2026-07-15T08:06:29.601734Z  INFO herdr::logging: checking for updates event="update.check.start" subsystem="update" outcome="started"
2026-07-15T08:06:29.688080Z  WARN herdr::detect::manifest_update: skipping unknown remote manifest agent agent="maki"
2026-07-15T08:36:29.604008Z  INFO herdr::logging: checking for updates event="update.check.start" subsystem="update" outcome="started"
2026-07-15T08:36:29.688415Z  WARN herdr::detect::manifest_update: skipping unknown remote manifest agent agent="maki"
2026-07-15T09:06:29.605451Z  INFO herdr::logging: checking for updates event="update.check.start" subsystem="update" outcome="started"
2026-07-15T09:06:29.684760Z  WARN herdr::detect::manifest_update: skipping unknown remote manifest agent agent="maki"
2026-07-15T09:36:29.606554Z  INFO herdr::logging: checking for updates event="update.check.start" subsystem="update" outcome="started"
2026-07-15T09:36:29.689539Z  WARN herdr::detect::manifest_update: skipping unknown remote manifest agent agent="maki"
2026-07-15T10:06:29.608340Z  INFO herdr::logging: checking for updates event="update.check.start" subsystem="update" outcome="started"
2026-07-15T10:06:29.662026Z  WARN herdr::detect::manifest_update: skipping unknown remote manifest agent agent="maki"
2026-07-15T10:36:29.608524Z  INFO herdr::logging: checking for updates event="update.check.start" subsystem="update" outcome="started"
2026-07-15T10:36:29.696684Z  WARN herdr::detect::manifest_update: skipping unknown remote manifest agent agent="maki"
2026-07-15T11:06:29.611345Z  INFO herdr::logging: checking for updates event="update.check.start" subsystem="update" outcome="started"
2026-07-15T11:06:29.708283Z  WARN herdr::detect::manifest_update: skipping unknown remote manifest agent agent="maki"
2026-07-15T11:36:29.612052Z  INFO herdr::logging: checking for updates event="update.check.start" subsystem="update" outcome="started"
2026-07-15T11:36:29.698050Z  WARN herdr::detect::manifest_update: skipping unknown remote manifest agent agent="maki"
2026-07-15T12:06:29.612985Z  INFO herdr::logging: checking for updates event="update.check.start" subsystem="update" outcome="started"
2026-07-15T12:06:29.683270Z  WARN herdr::detect::manifest_update: skipping unknown remote manifest agent agent="maki"
2026-07-15T12:36:29.614940Z  INFO herdr::logging: checking for updates event="update.check.start" subsystem="update" outcome="started"
2026-07-15T12:36:29.715603Z  WARN herdr::detect::manifest_update: skipping unknown remote manifest agent agent="maki"
2026-07-15T13:06:29.616266Z  INFO herdr::logging: checking for updates event="update.check.start" subsystem="update" outcome="started"
2026-07-15T13:06:29.716898Z  WARN herdr::detect::manifest_update: skipping unknown remote manifest agent agent="maki"
2026-07-15T13:36:29.616674Z  INFO herdr::logging: checking for updates event="update.check.start" subsystem="update" outcome="started"
2026-07-15T13:36:29.703337Z  WARN herdr::detect::manifest_update: skipping unknown remote manifest agent agent="maki"
2026-07-15T14:06:29.619609Z  INFO herdr::logging: checking for updates event="update.check.start" subsystem="update" outcome="started"
2026-07-15T14:06:29.714846Z  WARN herdr::detect::manifest_update: skipping unknown remote manifest agent agent="maki"
2026-07-15T14:17:28.527734Z  INFO herdr::server::headless: client connected client_id=26 cols=210 rows=54 cell_width_px=0 cell_height_px=0 render_encoding=SemanticFrame
2026-07-15T14:36:29.620857Z  INFO herdr::logging: checking for updates event="update.check.start" subsystem="update" outcome="started"
2026-07-15T14:36:29.728604Z  WARN herdr::detect::manifest_update: skipping unknown remote manifest agent agent="maki"
2026-07-15T15:06:29.621987Z  INFO herdr::logging: checking for updates event="update.check.start" subsystem="update" outcome="started"
2026-07-15T15:06:29.699952Z  WARN herdr::detect::manifest_update: skipping unknown remote manifest agent agent="maki"
2026-07-15T15:36:29.622945Z  INFO herdr::logging: checking for updates event="update.check.start" subsystem="update" outcome="started"
2026-07-15T15:36:29.727437Z  WARN herdr::detect::manifest_update: skipping unknown remote manifest agent agent="maki"
2026-07-15T16:06:29.623785Z  INFO herdr::logging: checking for updates event="update.check.start" subsystem="update" outcome="started"
2026-07-15T16:06:29.841214Z  WARN herdr::detect::manifest_update: skipping unknown remote manifest agent agent="maki"
2026-07-15T16:36:08.353096Z  INFO herdr::logging: pane child exited event="pane.exit" subsystem="pane" outcome="completed" pane_id=12 status="ExitStatus { code: 0, signal: None }"
2026-07-15T16:36:08.364859Z  INFO herdr::pane: pane session terminated pane=12 pid=1700716 signal=Hangup
2026-07-15T16:36:08.365103Z  INFO herdr::logging: spawning pane terminal event="pane.spawn.start" subsystem="pane" outcome="started" pane_id=13 rows=53 cols=184 scrollback_limit_bytes=10000000
2026-07-15T16:36:08.368576Z  INFO herdr::logging: pane child spawned event="pane.spawned" subsystem="pane" outcome="ok" pane_id=13 pid=2688053
2026-07-15T16:36:08.369089Z  INFO herdr::logging: workspace created event="workspace.create" subsystem="workspace" outcome="ok" workspace_id="w12" pane_id=13
2026-07-15T16:36:08.369119Z  INFO herdr::logging: workspace focused event="workspace.focus" subsystem="workspace" outcome="ok" workspace_id="w12"
2026-07-15T16:36:08.369328Z  INFO herdr::logging: tab focused event="tab.focus" subsystem="tab" outcome="ok" workspace_id="w12" tab_id="w12:t1"
2026-07-15T16:36:09.485793Z  INFO herdr::server::headless: client detach requested via keybind client_id=26
2026-07-15T16:36:09.500873Z  INFO herdr::server::headless: client disconnected client_id=26
2026-07-15T16:36:13.372454Z  INFO herdr::logging: session saved event="persist.save" subsystem="persist" outcome="ok" path=/home/morehush/.config/herdr/session.json workspaces=1
2026-07-15T16:36:29.625529Z  INFO herdr::logging: checking for updates event="update.check.start" subsystem="update" outcome="started"
2026-07-15T16:36:29.739346Z  WARN herdr::detect::manifest_update: skipping unknown remote manifest agent agent="maki"
2026-07-15T17:06:29.626798Z  INFO herdr::logging: checking for updates event="update.check.start" subsystem="update" outcome="started"
2026-07-15T17:06:29.733478Z  WARN herdr::detect::manifest_update: skipping unknown remote manifest agent agent="maki"
2026-07-15T17:06:29.991813Z  INFO herdr::logging: update available event="update.available" subsystem="update" outcome="ok" version="0.7.4"
2026-07-15T17:06:29.991933Z  INFO herdr::update: new stable build available at https://github.com/ogulcancelik/herdr/releases/download/v0.7.4/herdr-linux-x86_64
2026-07-15T17:06:29.993079Z  INFO herdr::update: auto-update check: 0.7.4 available, waiting for explicit install
2026-07-15T17:36:29.731752Z  WARN herdr::detect::manifest_update: skipping unknown remote manifest agent agent="maki"
2026-07-15T18:06:29.772409Z  WARN herdr::detect::manifest_update: skipping unknown remote manifest agent agent="maki"
2026-07-15T18:36:29.728731Z  WARN herdr::detect::manifest_update: skipping unknown remote manifest agent agent="maki"
2026-07-15T19:06:29.728476Z  WARN herdr::detect::manifest_update: skipping unknown remote manifest agent agent="maki"
2026-07-15T19:36:29.734704Z  WARN herdr::detect::manifest_update: skipping unknown remote manifest agent agent="maki"
2026-07-15T20:06:29.757352Z  WARN herdr::detect::manifest_update: skipping unknown remote manifest agent agent="maki"
2026-07-15T20:36:29.733536Z  WARN herdr::detect::manifest_update: skipping unknown remote manifest agent agent="maki"
2026-07-15T21:06:29.739764Z  WARN herdr::detect::manifest_update: skipping unknown remote manifest agent agent="maki"
2026-07-15T21:36:29.741787Z  WARN herdr::detect::manifest_update: skipping unknown remote manifest agent agent="maki"
2026-07-15T21:50:22.465724Z  INFO herdr::server::headless: client connected client_id=28 cols=210 rows=51 cell_width_px=0 cell_height_px=0 render_encoding=SemanticFrame
2026-07-15T21:56:40.512274Z  INFO herdr::logging: pane child exited event="pane.exit" subsystem="pane" outcome="completed" pane_id=13 status="ExitStatus { code: 0, signal: None }"
2026-07-15T21:56:40.521060Z  INFO herdr::pane: pane session terminated pane=13 pid=2688053 signal=Hangup
2026-07-15T21:56:40.521765Z  INFO herdr::logging: spawning pane terminal event="pane.spawn.start" subsystem="pane" outcome="started" pane_id=14 rows=50 cols=184 scrollback_limit_bytes=10000000
2026-07-15T21:56:40.524410Z  INFO herdr::logging: pane child spawned event="pane.spawned" subsystem="pane" outcome="ok" pane_id=14 pid=2947152
2026-07-15T21:56:40.524785Z  INFO herdr::logging: workspace created event="workspace.create" subsystem="workspace" outcome="ok" workspace_id="w13" pane_id=14
2026-07-15T21:56:40.524808Z  INFO herdr::logging: workspace focused event="workspace.focus" subsystem="workspace" outcome="ok" workspace_id="w13"
2026-07-15T21:56:40.524826Z  INFO herdr::logging: tab focused event="tab.focus" subsystem="tab" outcome="ok" workspace_id="w13" tab_id="w13:t1"
2026-07-15T21:56:43.242544Z  INFO herdr::logging: pane child exited event="pane.exit" subsystem="pane" outcome="completed" pane_id=14 status="ExitStatus { code: 0, signal: None }"
2026-07-15T21:56:43.251475Z  INFO herdr::pane: pane session terminated pane=14 pid=2947152 signal=Hangup
2026-07-15T21:56:43.251635Z  INFO herdr::logging: spawning pane terminal event="pane.spawn.start" subsystem="pane" outcome="started" pane_id=15 rows=50 cols=184 scrollback_limit_bytes=10000000
2026-07-15T21:56:43.254248Z  INFO herdr::logging: pane child spawned event="pane.spawned" subsystem="pane" outcome="ok" pane_id=15 pid=2947187
2026-07-15T21:56:43.254599Z  INFO herdr::logging: workspace created event="workspace.create" subsystem="workspace" outcome="ok" workspace_id="w14" pane_id=15
2026-07-15T21:56:43.254620Z  INFO herdr::logging: workspace focused event="workspace.focus" subsystem="workspace" outcome="ok" workspace_id="w14"
2026-07-15T21:56:43.254638Z  INFO herdr::logging: tab focused event="tab.focus" subsystem="tab" outcome="ok" workspace_id="w14" tab_id="w14:t1"
2026-07-15T21:56:45.255277Z  INFO herdr::server::headless: client detach requested via keybind client_id=28
2026-07-15T21:56:45.264247Z  INFO herdr::server::headless: client disconnected client_id=28
2026-07-15T21:56:48.264032Z  INFO herdr::logging: session saved event="persist.save" subsystem="persist" outcome="ok" path=/home/morehush/.config/herdr/session.json workspaces=1
2026-07-16T11:57:28.495871Z  INFO herdr::api::server: api server listening path=/home/morehush/.config/herdr/herdr.sock
2026-07-16T11:57:28.502931Z  INFO herdr::logging: spawning pane terminal event="pane.spawn.start" subsystem="pane" outcome="started" pane_id=1 rows=24 cols=80 scrollback_limit_bytes=10000000
2026-07-16T11:57:28.507273Z  INFO herdr::logging: pane child spawned event="pane.spawned" subsystem="pane" outcome="ok" pane_id=1 pid=699331
2026-07-16T11:57:28.508381Z  INFO herdr::logging: session restore evaluated event="persist.restore" subsystem="persist" outcome="ok" workspaces=1
2026-07-16T11:57:28.508430Z  INFO herdr::app: using pane scrollback configuration pane_scrollback_limit_bytes=10000000
2026-07-16T11:57:28.588721Z  INFO herdr::logging: checking for updates event="update.check.start" subsystem="update" outcome="started"
2026-07-16T11:57:28.590680Z  INFO herdr::server::headless: restored session already has workspaces; ignoring startup cwd cwd=/home/morehush
2026-07-16T11:57:28.590899Z  INFO herdr::server::headless: client protocol socket listening path=/home/morehush/.config/herdr/herdr-client.sock
2026-07-16T11:57:28.590918Z  INFO herdr::server::headless: herdr server started api_socket=/home/morehush/.config/herdr/herdr.sock client_socket=/home/morehush/.config/herdr/herdr-client.sock
2026-07-16T11:57:28.590935Z  INFO herdr::logging: herdr starting event="app.startup" subsystem="server" outcome="started" pid=699317
2026-07-16T11:57:28.594043Z  INFO herdr::server::headless: client connected client_id=2 cols=210 rows=54 cell_width_px=0 cell_height_px=0 render_encoding=SemanticFrame
2026-07-16T11:57:28.684424Z  WARN herdr::detect::manifest_update: skipping unknown remote manifest agent agent="maki"
2026-07-16T11:57:28.709504Z  INFO herdr::logging: update available event="update.available" subsystem="update" outcome="ok" version="0.7.4"
2026-07-16T11:57:28.709540Z  INFO herdr::update: new stable build available at https://github.com/ogulcancelik/herdr/releases/download/v0.7.4/herdr-linux-x86_64
2026-07-16T11:57:28.709986Z  INFO herdr::update: auto-update check: 0.7.4 available, waiting for explicit install
2026-07-16T11:57:33.574177Z  INFO herdr::server::headless: client detach requested via keybind client_id=2
2026-07-16T11:57:33.583259Z  INFO herdr::server::headless: client disconnected client_id=2
2026-07-16T11:57:38.982657Z  INFO herdr::server::headless: server shutdown initiated
2026-07-16T11:57:39.032809Z  INFO herdr::server::headless: completing server shutdown
2026-07-16T11:57:39.034204Z  INFO herdr::logging: session saved event="persist.save" subsystem="persist" outcome="ok" path=/home/morehush/.config/herdr/session.json workspaces=1
2026-07-16T11:57:39.034238Z  INFO herdr::server::headless: headless server exiting
2026-07-16T11:57:39.035526Z  INFO herdr::logging: pane child exited event="pane.exit" subsystem="pane" outcome="completed" pane_id=1 status="ExitStatus { code: 1, signal: Some(\"Hangup\") }"
2026-07-16T11:57:39.047599Z  INFO herdr::pane: pane session terminated pane=1 pid=699331 signal=Hangup
2026-07-16T11:57:39.049216Z  INFO herdr::logging: herdr exiting event="app.shutdown" subsystem="server" outcome="completed" pid=699317
2026-07-16T11:57:42.625530Z  INFO herdr::api::server: api server listening path=/home/morehush/.config/herdr/herdr.sock
2026-07-16T11:57:42.626358Z  INFO herdr::logging: spawning pane terminal event="pane.spawn.start" subsystem="pane" outcome="started" pane_id=1 rows=24 cols=80 scrollback_limit_bytes=10000000
2026-07-16T11:57:42.626898Z  INFO herdr::logging: pane child spawned event="pane.spawned" subsystem="pane" outcome="ok" pane_id=1 pid=699598
2026-07-16T11:57:42.627077Z  INFO herdr::logging: session restore evaluated event="persist.restore" subsystem="persist" outcome="ok" workspaces=1
2026-07-16T11:57:42.627090Z  INFO herdr::app: using pane scrollback configuration pane_scrollback_limit_bytes=10000000
2026-07-16T11:57:42.701863Z  INFO herdr::logging: checking for updates event="update.check.start" subsystem="update" outcome="started"
2026-07-16T11:57:42.703547Z  INFO herdr::server::headless: restored session already has workspaces; ignoring startup cwd cwd=/home/morehush
2026-07-16T11:57:42.703629Z  INFO herdr::server::headless: client protocol socket listening path=/home/morehush/.config/herdr/herdr-client.sock
2026-07-16T11:57:42.703658Z  INFO herdr::server::headless: herdr server started api_socket=/home/morehush/.config/herdr/herdr.sock client_socket=/home/morehush/.config/herdr/herdr-client.sock
2026-07-16T11:57:42.703673Z  INFO herdr::logging: herdr starting event="app.startup" subsystem="server" outcome="started" pid=699584
2026-07-16T11:57:42.974070Z  INFO herdr::server::headless: client connected client_id=2 cols=210 rows=54 cell_width_px=0 cell_height_px=0 render_encoding=SemanticFrame
2026-07-16T11:58:45.215819Z  INFO herdr::logging: pane child exited event="pane.exit" subsystem="pane" outcome="completed" pane_id=1 status="ExitStatus { code: 0, signal: None }"
2026-07-16T11:58:45.226492Z  INFO herdr::pane: pane session terminated pane=1 pid=699598 signal=Hangup
2026-07-16T11:58:45.226661Z  INFO herdr::logging: spawning pane terminal event="pane.spawn.start" subsystem="pane" outcome="started" pane_id=2 rows=53 cols=184 scrollback_limit_bytes=10000000
2026-07-16T11:58:45.229577Z  INFO herdr::logging: pane child spawned event="pane.spawned" subsystem="pane" outcome="ok" pane_id=2 pid=700513
2026-07-16T11:58:45.229911Z  INFO herdr::logging: workspace created event="workspace.create" subsystem="workspace" outcome="ok" workspace_id="w15" pane_id=2
2026-07-16T11:58:45.229929Z  INFO herdr::logging: workspace focused event="workspace.focus" subsystem="workspace" outcome="ok" workspace_id="w15"
2026-07-16T11:58:45.230043Z  INFO herdr::logging: tab focused event="tab.focus" subsystem="tab" outcome="ok" workspace_id="w15" tab_id="w15:t1"
2026-07-16T11:58:46.422832Z  INFO herdr::server::headless: client detach requested via keybind client_id=2
2026-07-16T11:58:46.432777Z  INFO herdr::server::headless: client disconnected client_id=2
2026-07-16T11:58:50.232406Z  INFO herdr::logging: session saved event="persist.save" subsystem="persist" outcome="ok" path=/home/morehush/.config/herdr/session.json workspaces=1
2026-07-16T12:27:42.703198Z  INFO herdr::logging: checking for updates event="update.check.start" subsystem="update" outcome="started"
2026-07-16T12:43:01.431847Z  INFO herdr::server::headless: client connected client_id=4 cols=210 rows=54 cell_width_px=0 cell_height_px=0 render_encoding=SemanticFrame
2026-07-16T12:54:41.771356Z  INFO herdr::logging: pane child exited event="pane.exit" subsystem="pane" outcome="completed" pane_id=2 status="ExitStatus { code: 0, signal: None }"
2026-07-16T12:54:41.771574Z  INFO herdr::pane: pane session terminated pane=2 pid=700513 signal=Hangup
2026-07-16T12:54:41.771796Z  INFO herdr::logging: spawning pane terminal event="pane.spawn.start" subsystem="pane" outcome="started" pane_id=3 rows=53 cols=184 scrollback_limit_bytes=10000000
2026-07-16T12:54:41.772566Z  INFO herdr::logging: pane child spawned event="pane.spawned" subsystem="pane" outcome="ok" pane_id=3 pid=745995
2026-07-16T12:54:41.772719Z  INFO herdr::logging: workspace created event="workspace.create" subsystem="workspace" outcome="ok" workspace_id="w16" pane_id=3
2026-07-16T12:54:41.772727Z  INFO herdr::logging: workspace focused event="workspace.focus" subsystem="workspace" outcome="ok" workspace_id="w16"
2026-07-16T12:54:41.772766Z  INFO herdr::logging: tab focused event="tab.focus" subsystem="tab" outcome="ok" workspace_id="w16" tab_id="w16:t1"
2026-07-16T12:54:45.374265Z  INFO herdr::server::headless: client detach requested via keybind client_id=4
2026-07-16T12:54:45.383381Z  INFO herdr::server::headless: client disconnected client_id=4
2026-07-16T12:54:46.782081Z  INFO herdr::logging: session saved event="persist.save" subsystem="persist" outcome="ok" path=/home/morehush/.config/herdr/session.json workspaces=1
2026-07-16T12:57:42.704132Z  INFO herdr::logging: checking for updates event="update.check.start" subsystem="update" outcome="started"
2026-07-16T13:27:42.705534Z  INFO herdr::logging: checking for updates event="update.check.start" subsystem="update" outcome="started"
2026-07-16T13:57:42.706328Z  INFO herdr::logging: checking for updates event="update.check.start" subsystem="update" outcome="started"
2026-07-16T13:58:01.078564Z  INFO herdr::server::headless: client connected client_id=6 cols=210 rows=54 cell_width_px=0 cell_height_px=0 render_encoding=SemanticFrame
2026-07-16T13:58:07.998122Z  INFO herdr::logging: pane child exited event="pane.exit" subsystem="pane" outcome="completed" pane_id=3 status="ExitStatus { code: 0, signal: None }"
2026-07-16T13:58:08.007465Z  INFO herdr::pane: pane session terminated pane=3 pid=745995 signal=Hangup
2026-07-16T13:58:08.007644Z  INFO herdr::logging: spawning pane terminal event="pane.spawn.start" subsystem="pane" outcome="started" pane_id=4 rows=53 cols=184 scrollback_limit_bytes=10000000
2026-07-16T13:58:08.009970Z  INFO herdr::logging: pane child spawned event="pane.spawned" subsystem="pane" outcome="ok" pane_id=4 pid=817885
2026-07-16T13:58:08.010292Z  INFO herdr::logging: workspace created event="workspace.create" subsystem="workspace" outcome="ok" workspace_id="w17" pane_id=4
2026-07-16T13:58:08.010339Z  INFO herdr::logging: workspace focused event="workspace.focus" subsystem="workspace" outcome="ok" workspace_id="w17"
2026-07-16T13:58:08.010455Z  INFO herdr::logging: tab focused event="tab.focus" subsystem="tab" outcome="ok" workspace_id="w17" tab_id="w17:t1"
2026-07-16T13:58:09.507718Z  INFO herdr::server::headless: client detach requested via keybind client_id=6
2026-07-16T13:58:09.516298Z  INFO herdr::server::headless: client disconnected client_id=6
2026-07-16T13:58:13.011942Z  INFO herdr::logging: session saved event="persist.save" subsystem="persist" outcome="ok" path=/home/morehush/.config/herdr/session.json workspaces=1
2026-07-16T14:27:42.707307Z  INFO herdr::logging: checking for updates event="update.check.start" subsystem="update" outcome="started"
2026-07-16T14:57:42.709013Z  INFO herdr::logging: checking for updates event="update.check.start" subsystem="update" outcome="started"
2026-07-16T15:27:42.710157Z  INFO herdr::logging: checking for updates event="update.check.start" subsystem="update" outcome="started"
2026-07-16T15:57:42.711441Z  INFO herdr::logging: checking for updates event="update.check.start" subsystem="update" outcome="started"
2026-07-16T16:27:42.712354Z  INFO herdr::logging: checking for updates event="update.check.start" subsystem="update" outcome="started"
2026-07-16T16:57:42.713970Z  INFO herdr::logging: checking for updates event="update.check.start" subsystem="update" outcome="started"
2026-07-16T17:27:42.715667Z  INFO herdr::logging: checking for updates event="update.check.start" subsystem="update" outcome="started"
2026-07-16T17:57:42.717358Z  INFO herdr::logging: checking for updates event="update.check.start" subsystem="update" outcome="started"
2026-07-16T18:27:42.718420Z  INFO herdr::logging: checking for updates event="update.check.start" subsystem="update" outcome="started"
2026-07-16T18:57:42.719760Z  INFO herdr::logging: checking for updates event="update.check.start" subsystem="update" outcome="started"
2026-07-16T19:27:42.720489Z  INFO herdr::logging: checking for updates event="update.check.start" subsystem="update" outcome="started"
2026-07-16T19:57:42.721280Z  INFO herdr::logging: checking for updates event="update.check.start" subsystem="update" outcome="started"
2026-07-16T20:27:42.722919Z  INFO herdr::logging: checking for updates event="update.check.start" subsystem="update" outcome="started"
2026-07-16T20:57:42.723437Z  INFO herdr::logging: checking for updates event="update.check.start" subsystem="update" outcome="started"
2026-07-16T21:27:42.724776Z  INFO herdr::logging: checking for updates event="update.check.start" subsystem="update" outcome="started"
2026-07-16T21:57:42.725743Z  INFO herdr::logging: checking for updates event="update.check.start" subsystem="update" outcome="started"
2026-07-16T22:27:42.727323Z  INFO herdr::logging: checking for updates event="update.check.start" subsystem="update" outcome="started"
2026-07-16T22:48:36.534866Z  INFO herdr::server::headless: server shutdown initiated
2026-07-16T22:48:36.585204Z  INFO herdr::server::headless: completing server shutdown
2026-07-16T22:48:36.592654Z  INFO herdr::logging: session saved event="persist.save" subsystem="persist" outcome="ok" path=/home/morehush/.config/herdr/session.json workspaces=1
2026-07-16T22:48:36.592703Z  INFO herdr::server::headless: headless server exiting
2026-07-16T22:48:36.594101Z  INFO herdr::logging: pane child exited event="pane.exit" subsystem="pane" outcome="completed" pane_id=4 status="ExitStatus { code: 1, signal: Some(\"Hangup\") }"
2026-07-16T22:48:36.599608Z  INFO herdr::pane: pane session terminated pane=4 pid=817885 signal=Hangup
2026-07-16T22:48:36.600403Z  INFO herdr::logging: herdr exiting event="app.shutdown" subsystem="server" outcome="completed" pid=699584
2026-07-27T12:15:58.555638Z  INFO herdr::api::server: api server listening path=/home/morehush/.config/herdr/herdr.sock
2026-07-27T12:15:58.558751Z  INFO herdr::logging: spawning pane terminal event="pane.spawn.start" subsystem="pane" outcome="started" pane_id=1 rows=24 cols=80 scrollback_limit_bytes=10000000
2026-07-27T12:15:58.560503Z  INFO herdr::logging: pane child spawned event="pane.spawned" subsystem="pane" outcome="ok" pane_id=1 pid=1252009
2026-07-27T12:15:58.561030Z  INFO herdr::logging: session restore evaluated event="persist.restore" subsystem="persist" outcome="ok" workspaces=1
2026-07-27T12:15:58.561060Z  INFO herdr::app: using pane scrollback configuration pane_scrollback_limit_bytes=10000000
2026-07-27T12:15:58.658491Z  INFO herdr::logging: checking for updates event="update.check.start" subsystem="update" outcome="started"
2026-07-27T12:15:58.659948Z  INFO herdr::server::headless: restored session already has workspaces; ignoring startup cwd cwd=/home/morehush
2026-07-27T12:15:58.660101Z  INFO herdr::server::headless: client protocol socket listening path=/home/morehush/.config/herdr/herdr-client.sock
2026-07-27T12:15:58.660121Z  INFO herdr::server::headless: herdr server started api_socket=/home/morehush/.config/herdr/herdr.sock client_socket=/home/morehush/.config/herdr/herdr-client.sock
2026-07-27T12:15:58.660305Z  INFO herdr::logging: herdr starting event="app.startup" subsystem="server" outcome="started" pid=1251995
2026-07-27T12:15:58.929343Z  INFO herdr::server::headless: client connected client_id=2 cols=210 rows=54 cell_width_px=0 cell_height_px=0 render_encoding=SemanticFrame
2026-07-27T12:17:11.907327Z  INFO herdr::logging: spawning pane terminal event="pane.spawn.start" subsystem="pane" outcome="started" pane_id=2 rows=53 cols=206 scrollback_limit_bytes=10000000
2026-07-27T12:17:11.910072Z  INFO herdr::logging: pane child spawned event="pane.spawned" subsystem="pane" outcome="ok" pane_id=2 pid=1253400
2026-07-27T12:17:11.910494Z  INFO herdr::logging: tab focused event="tab.focus" subsystem="tab" outcome="ok" workspace_id="w17" tab_id="w17:t2"
2026-07-27T12:17:15.033785Z  INFO herdr::logging: pane child exited event="pane.exit" subsystem="pane" outcome="completed" pane_id=2 status="ExitStatus { code: 1, signal: Some(\"Hangup\") }"
2026-07-27T12:17:15.045748Z  INFO herdr::pane: pane session terminated pane=2 pid=1253400 signal=Hangup
2026-07-27T12:17:15.046279Z  WARN herdr::app::actions: PaneDied for unknown pane pane=2
2026-07-27T12:17:20.054525Z  INFO herdr::logging: session saved event="persist.save" subsystem="persist" outcome="ok" path=/home/morehush/.config/herdr/session.json workspaces=1
2026-07-27T12:23:34.461103Z  INFO herdr::server::headless: client resize client_id=2 cols=210 rows=51 cell_width_px=0 cell_height_px=0
2026-07-27T12:23:34.552440Z  INFO herdr::server::headless: client resize client_id=2 cols=210 rows=53 cell_width_px=0 cell_height_px=0
2026-07-27T12:23:34.752860Z  INFO herdr::server::headless: client resize client_id=2 cols=210 rows=54 cell_width_px=0 cell_height_px=0
2026-07-27T12:31:38.483387Z  INFO herdr::logging: tab focused event="tab.focus" subsystem="tab" outcome="ok" workspace_id="w17" tab_id="w17:t1"
2026-07-27T12:31:43.486521Z  INFO herdr::logging: session saved event="persist.save" subsystem="persist" outcome="ok" path=/home/morehush/.config/herdr/session.json workspaces=1
2026-07-27T12:31:43.953780Z  INFO herdr::logging: tab focused event="tab.focus" subsystem="tab" outcome="ok" workspace_id="w17" tab_id="w17:t1"
2026-07-27T12:31:48.955533Z  INFO herdr::logging: session saved event="persist.save" subsystem="persist" outcome="ok" path=/home/morehush/.config/herdr/session.json workspaces=1
2026-07-27T12:38:14.100606Z  INFO herdr::logging: pane child exited event="pane.exit" subsystem="pane" outcome="completed" pane_id=1 status="ExitStatus { code: 0, signal: None }"
2026-07-27T12:38:14.111460Z  INFO herdr::pane: pane session terminated pane=1 pid=1252009 signal=Hangup
2026-07-27T12:38:14.112709Z  INFO herdr::logging: spawning pane terminal event="pane.spawn.start" subsystem="pane" outcome="started" pane_id=3 rows=53 cols=206 scrollback_limit_bytes=10000000
2026-07-27T12:38:14.116116Z  INFO herdr::logging: pane child spawned event="pane.spawned" subsystem="pane" outcome="ok" pane_id=3 pid=1277220
2026-07-27T12:38:14.116544Z  INFO herdr::logging: workspace created event="workspace.create" subsystem="workspace" outcome="ok" workspace_id="w18" pane_id=3
2026-07-27T12:38:14.116594Z  INFO herdr::logging: workspace focused event="workspace.focus" subsystem="workspace" outcome="ok" workspace_id="w18"
2026-07-27T12:38:14.116614Z  INFO herdr::logging: tab focused event="tab.focus" subsystem="tab" outcome="ok" workspace_id="w18" tab_id="w18:t1"
2026-07-27T12:38:17.984201Z  INFO herdr::server::headless: client detach requested via keybind client_id=2
2026-07-27T12:38:17.993539Z  INFO herdr::server::headless: client disconnected client_id=2
2026-07-27T12:38:19.119310Z  INFO herdr::logging: session saved event="persist.save" subsystem="persist" outcome="ok" path=/home/morehush/.config/herdr/session.json workspaces=1
2026-07-27T12:41:15.503145Z  INFO herdr::server::headless: client connected client_id=4 cols=210 rows=54 cell_width_px=0 cell_height_px=0 render_encoding=SemanticFrame
2026-07-27T12:41:19.629120Z  INFO herdr::server::headless: client detach requested via keybind client_id=4
2026-07-27T12:41:19.634717Z  INFO herdr::server::headless: client disconnected client_id=4
2026-07-27T12:42:28.740657Z  INFO herdr::server::headless: client connected client_id=6 cols=210 rows=54 cell_width_px=0 cell_height_px=0 render_encoding=SemanticFrame
2026-07-27T12:43:31.227221Z  INFO herdr::server::headless: client detach requested via keybind client_id=6
2026-07-27T12:43:31.231115Z  INFO herdr::server::headless: client disconnected client_id=6
2026-07-27T12:45:20.052257Z  INFO herdr::server::headless: client connected client_id=8 cols=210 rows=54 cell_width_px=0 cell_height_px=0 render_encoding=SemanticFrame
2026-07-27T12:45:23.253184Z  INFO herdr::logging: spawning pane terminal event="pane.spawn.start" subsystem="pane" outcome="started" pane_id=4 rows=53 cols=206 scrollback_limit_bytes=10000000
2026-07-27T12:45:23.254289Z  INFO herdr::logging: pane child spawned event="pane.spawned" subsystem="pane" outcome="ok" pane_id=4 pid=1286550
2026-07-27T12:45:23.254490Z  INFO herdr::logging: tab focused event="tab.focus" subsystem="tab" outcome="ok" workspace_id="w18" tab_id="w18:t1"
2026-07-27T12:45:25.113083Z  INFO herdr::logging: spawning pane terminal event="pane.spawn.start" subsystem="pane" outcome="started" pane_id=5 rows=53 cols=103 scrollback_limit_bytes=10000000
2026-07-27T12:45:25.116066Z  INFO herdr::logging: pane child spawned event="pane.spawned" subsystem="pane" outcome="ok" pane_id=5 pid=1286566
2026-07-27T12:45:25.116547Z  INFO herdr::logging: tab focused event="tab.focus" subsystem="tab" outcome="ok" workspace_id="w18" tab_id="w18:t1"
2026-07-27T12:45:30.120164Z  INFO herdr::logging: session saved event="persist.save" subsystem="persist" outcome="ok" path=/home/morehush/.config/herdr/session.json workspaces=1
2026-07-27T12:45:32.170215Z  INFO herdr::logging: tab focused event="tab.focus" subsystem="tab" outcome="ok" workspace_id="w18" tab_id="w18:t1"
2026-07-27T12:45:32.856339Z  INFO herdr::logging: tab focused event="tab.focus" subsystem="tab" outcome="ok" workspace_id="w18" tab_id="w18:t1"
2026-07-27T12:45:33.450070Z  INFO herdr::logging: tab focused event="tab.focus" subsystem="tab" outcome="ok" workspace_id="w18" tab_id="w18:t1"
2026-07-27T12:45:34.016827Z  INFO herdr::logging: tab focused event="tab.focus" subsystem="tab" outcome="ok" workspace_id="w18" tab_id="w18:t1"
2026-07-27T12:45:34.693157Z  INFO herdr::logging: tab focused event="tab.focus" subsystem="tab" outcome="ok" workspace_id="w18" tab_id="w18:t1"
2026-07-27T12:45:35.324270Z  INFO herdr::logging: tab focused event="tab.focus" subsystem="tab" outcome="ok" workspace_id="w18" tab_id="w18:t1"
2026-07-27T12:45:35.744362Z  INFO herdr::logging: tab focused event="tab.focus" subsystem="tab" outcome="ok" workspace_id="w18" tab_id="w18:t1"
2026-07-27T12:45:38.202026Z  INFO herdr::logging: tab focused event="tab.focus" subsystem="tab" outcome="ok" workspace_id="w18" tab_id="w18:t1"
2026-07-27T12:45:38.811290Z  INFO herdr::logging: tab focused event="tab.focus" subsystem="tab" outcome="ok" workspace_id="w18" tab_id="w18:t1"
2026-07-27T12:45:39.559932Z  INFO herdr::logging: tab focused event="tab.focus" subsystem="tab" outcome="ok" workspace_id="w18" tab_id="w18:t1"
2026-07-27T12:45:41.199717Z  INFO herdr::logging: tab focused event="tab.focus" subsystem="tab" outcome="ok" workspace_id="w18" tab_id="w18:t1"
2026-07-27T12:45:42.269963Z  INFO herdr::logging: tab focused event="tab.focus" subsystem="tab" outcome="ok" workspace_id="w18" tab_id="w18:t1"
2026-07-27T12:45:42.714279Z  INFO herdr::logging: tab focused event="tab.focus" subsystem="tab" outcome="ok" workspace_id="w18" tab_id="w18:t1"
2026-07-27T12:45:43.070870Z  INFO herdr::logging: tab focused event="tab.focus" subsystem="tab" outcome="ok" workspace_id="w18" tab_id="w18:t1"
2026-07-27T12:45:45.501591Z  INFO herdr::logging: pane child exited event="pane.exit" subsystem="pane" outcome="completed" pane_id=5 status="ExitStatus { code: 1, signal: Some(\"Hangup\") }"
2026-07-27T12:45:45.513587Z  INFO herdr::pane: pane session terminated pane=5 pid=1286566 signal=Hangup
2026-07-27T12:45:45.514076Z  WARN herdr::app::actions: PaneDied for unknown pane pane=5
2026-07-27T12:45:46.802834Z  INFO herdr::logging: pane child exited event="pane.exit" subsystem="pane" outcome="completed" pane_id=4 status="ExitStatus { code: 1, signal: Some(\"Hangup\") }"
2026-07-27T12:45:46.814597Z  INFO herdr::pane: pane session terminated pane=4 pid=1286550 signal=Hangup
2026-07-27T12:45:46.815105Z  WARN herdr::app::actions: PaneDied for unknown pane pane=4
2026-07-27T12:45:49.343593Z  INFO herdr::logging: workspace closed event="workspace.close" subsystem="workspace" outcome="ok" workspace_id="w18"
2026-07-27T12:45:49.345650Z  INFO herdr::logging: pane child exited event="pane.exit" subsystem="pane" outcome="completed" pane_id=3 status="ExitStatus { code: 1, signal: Some(\"Hangup\") }"
2026-07-27T12:45:49.353049Z  INFO herdr::pane: pane session terminated pane=3 pid=1277220 signal=Hangup
2026-07-27T12:45:49.353295Z  WARN herdr::app::actions: PaneDied for unknown pane pane=3
2026-07-27T12:45:49.353333Z  INFO herdr::logging: spawning pane terminal event="pane.spawn.start" subsystem="pane" outcome="started" pane_id=6 rows=53 cols=206 scrollback_limit_bytes=10000000
2026-07-27T12:45:49.354206Z  INFO herdr::logging: pane child spawned event="pane.spawned" subsystem="pane" outcome="ok" pane_id=6 pid=1287013
2026-07-27T12:45:49.354341Z  INFO herdr::logging: workspace created event="workspace.create" subsystem="workspace" outcome="ok" workspace_id="w19" pane_id=6
2026-07-27T12:45:49.354349Z  INFO herdr::logging: workspace focused event="workspace.focus" subsystem="workspace" outcome="ok" workspace_id="w19"
2026-07-27T12:45:49.354354Z  INFO herdr::logging: tab focused event="tab.focus" subsystem="tab" outcome="ok" workspace_id="w19" tab_id="w19:t1"
2026-07-27T12:45:54.360585Z  INFO herdr::logging: session saved event="persist.save" subsystem="persist" outcome="ok" path=/home/morehush/.config/herdr/session.json workspaces=1
2026-07-27T12:45:58.659929Z  INFO herdr::logging: checking for updates event="update.check.start" subsystem="update" outcome="started"
2026-07-27T12:46:05.031101Z  INFO herdr::logging: spawning pane terminal event="pane.spawn.start" subsystem="pane" outcome="started" pane_id=7 rows=53 cols=206 scrollback_limit_bytes=10000000
2026-07-27T12:46:05.032063Z  INFO herdr::logging: pane child spawned event="pane.spawned" subsystem="pane" outcome="ok" pane_id=7 pid=1287330
2026-07-27T12:46:05.032187Z  INFO herdr::logging: tab focused event="tab.focus" subsystem="tab" outcome="ok" workspace_id="w19" tab_id="w19:t2"
2026-07-27T12:46:07.678413Z  INFO herdr::logging: spawning pane terminal event="pane.spawn.start" subsystem="pane" outcome="started" pane_id=8 rows=53 cols=206 scrollback_limit_bytes=10000000
2026-07-27T12:46:07.681498Z  INFO herdr::logging: pane child spawned event="pane.spawned" subsystem="pane" outcome="ok" pane_id=8 pid=1287386
2026-07-27T12:46:07.681950Z  INFO herdr::logging: tab focused event="tab.focus" subsystem="tab" outcome="ok" workspace_id="w19" tab_id="w19:t3"
2026-07-27T12:46:10.983152Z  INFO herdr::logging: tab focused event="tab.focus" subsystem="tab" outcome="ok" workspace_id="w19" tab_id="w19:t2"
2026-07-27T12:46:12.685941Z  INFO herdr::logging: tab focused event="tab.focus" subsystem="tab" outcome="ok" workspace_id="w19" tab_id="w19:t1"
2026-07-27T12:46:16.671119Z  INFO herdr::logging: pane child exited event="pane.exit" subsystem="pane" outcome="completed" pane_id=6 status="ExitStatus { code: 1, signal: Some(\"Hangup\") }"
2026-07-27T12:46:16.683555Z  INFO herdr::pane: pane session terminated pane=6 pid=1287013 signal=Hangup
2026-07-27T12:46:16.684246Z  WARN herdr::app::actions: PaneDied for unknown pane pane=6
2026-07-27T12:46:18.910645Z  INFO herdr::logging: pane child exited event="pane.exit" subsystem="pane" outcome="completed" pane_id=7 status="ExitStatus { code: 1, signal: Some(\"Hangup\") }"
2026-07-27T12:46:18.914592Z  INFO herdr::pane: pane session terminated pane=7 pid=1287330 signal=Hangup
2026-07-27T12:46:18.914818Z  WARN herdr::app::actions: PaneDied for unknown pane pane=7
2026-07-27T12:46:23.917238Z  INFO herdr::logging: session saved event="persist.save" subsystem="persist" outcome="ok" path=/home/morehush/.config/herdr/session.json workspaces=1
2026-07-27T12:46:28.540133Z  INFO herdr::logging: spawning pane terminal event="pane.spawn.start" subsystem="pane" outcome="started" pane_id=9 rows=53 cols=206 scrollback_limit_bytes=10000000
2026-07-27T12:46:28.542865Z  INFO herdr::logging: pane child spawned event="pane.spawned" subsystem="pane" outcome="ok" pane_id=9 pid=1287723
2026-07-27T12:46:28.543346Z  INFO herdr::logging: tab focused event="tab.focus" subsystem="tab" outcome="ok" workspace_id="w19" tab_id="w19:t4"
2026-07-27T12:46:33.546990Z  INFO herdr::logging: session saved event="persist.save" subsystem="persist" outcome="ok" path=/home/morehush/.config/herdr/session.json workspaces=1
2026-07-27T12:46:34.947555Z  INFO herdr::logging: tab focused event="tab.focus" subsystem="tab" outcome="ok" workspace_id="w19" tab_id="w19:t3"
2026-07-27T12:46:39.953786Z  INFO herdr::logging: session saved event="persist.save" subsystem="persist" outcome="ok" path=/home/morehush/.config/herdr/session.json workspaces=1
2026-07-27T12:46:47.070211Z  INFO herdr::logging: tab focused event="tab.focus" subsystem="tab" outcome="ok" workspace_id="w19" tab_id="w19:t4"
2026-07-27T12:46:49.522716Z  INFO herdr::logging: tab focused event="tab.focus" subsystem="tab" outcome="ok" workspace_id="w19" tab_id="w19:t3"
2026-07-27T12:46:50.825910Z  INFO herdr::logging: tab focused event="tab.focus" subsystem="tab" outcome="ok" workspace_id="w19" tab_id="w19:t4"
2026-07-27T12:46:55.833232Z  INFO herdr::logging: session saved event="persist.save" subsystem="persist" outcome="ok" path=/home/morehush/.config/herdr/session.json workspaces=1
2026-07-27T12:47:14.084210Z  INFO herdr::logging: tab focused event="tab.focus" subsystem="tab" outcome="ok" workspace_id="w19" tab_id="w19:t3"
2026-07-27T12:47:19.094881Z  INFO herdr::logging: session saved event="persist.save" subsystem="persist" outcome="ok" path=/home/morehush/.config/herdr/session.json workspaces=1
2026-07-27T12:54:49.237013Z  INFO herdr::logging: tab focused event="tab.focus" subsystem="tab" outcome="ok" workspace_id="w19" tab_id="w19:t4"
2026-07-27T12:54:54.239353Z  INFO herdr::logging: session saved event="persist.save" subsystem="persist" outcome="ok" path=/home/morehush/.config/herdr/session.json workspaces=1
2026-07-27T13:09:39.515134Z  INFO herdr::logging: tab focused event="tab.focus" subsystem="tab" outcome="ok" workspace_id="w19" tab_id="w19:t3"
2026-07-27T13:09:42.989840Z  INFO herdr::logging: pane child exited event="pane.exit" subsystem="pane" outcome="completed" pane_id=8 status="ExitStatus { code: 0, signal: None }"
2026-07-27T13:09:42.992782Z  INFO herdr::pane: pane session terminated pane=8 pid=1287386 signal=Hangup
2026-07-27T13:09:47.995878Z  INFO herdr::logging: session saved event="persist.save" subsystem="persist" outcome="ok" path=/home/morehush/.config/herdr/session.json workspaces=1
2026-07-27T13:15:58.661206Z  INFO herdr::logging: checking for updates event="update.check.start" subsystem="update" outcome="started"
2026-07-27T13:45:58.662724Z  INFO herdr::logging: checking for updates event="update.check.start" subsystem="update" outcome="started"
2026-07-27T13:51:05.468770Z  INFO herdr::server::headless: client resize client_id=8 cols=210 rows=53 cell_width_px=0 cell_height_px=0
2026-07-27T13:51:05.669697Z  INFO herdr::server::headless: client resize client_id=8 cols=210 rows=54 cell_width_px=0 cell_height_px=0
2026-07-27T13:51:13.103795Z  INFO herdr::logging: spawning pane terminal event="pane.spawn.start" subsystem="pane" outcome="started" pane_id=10 rows=53 cols=206 scrollback_limit_bytes=10000000
2026-07-27T13:51:13.106733Z  INFO herdr::logging: pane child spawned event="pane.spawned" subsystem="pane" outcome="ok" pane_id=10 pid=1342259
2026-07-27T13:51:13.107222Z  INFO herdr::logging: tab focused event="tab.focus" subsystem="tab" outcome="ok" workspace_id="w19" tab_id="w19:t5"
2026-07-27T13:51:18.110874Z  INFO herdr::logging: session saved event="persist.save" subsystem="persist" outcome="ok" path=/home/morehush/.config/herdr/session.json workspaces=1
2026-07-27T13:51:18.146304Z  INFO herdr::logging: pane child exited event="pane.exit" subsystem="pane" outcome="completed" pane_id=10 status="ExitStatus { code: 0, signal: None }"
2026-07-27T13:51:18.156666Z  INFO herdr::pane: pane session terminated pane=10 pid=1342259 signal=Hangup
2026-07-27T13:51:21.533018Z  INFO herdr::logging: pane child exited event="pane.exit" subsystem="pane" outcome="completed" pane_id=9 status="ExitStatus { code: 0, signal: None }"
2026-07-27T13:51:21.537099Z  INFO herdr::pane: pane session terminated pane=9 pid=1287723 signal=Hangup
2026-07-27T13:51:21.537517Z  INFO herdr::logging: spawning pane terminal event="pane.spawn.start" subsystem="pane" outcome="started" pane_id=11 rows=53 cols=206 scrollback_limit_bytes=10000000
2026-07-27T13:51:21.538424Z  INFO herdr::logging: pane child spawned event="pane.spawned" subsystem="pane" outcome="ok" pane_id=11 pid=1342342
2026-07-27T13:51:21.538613Z  INFO herdr::logging: workspace created event="workspace.create" subsystem="workspace" outcome="ok" workspace_id="w1A" pane_id=11
2026-07-27T13:51:21.538623Z  INFO herdr::logging: workspace focused event="workspace.focus" subsystem="workspace" outcome="ok" workspace_id="w1A"
2026-07-27T13:51:21.538630Z  INFO herdr::logging: tab focused event="tab.focus" subsystem="tab" outcome="ok" workspace_id="w1A" tab_id="w1A:t1"
2026-07-27T13:51:25.520981Z  INFO herdr::server::headless: client detach requested via keybind client_id=8
2026-07-27T13:51:25.530872Z  INFO herdr::server::headless: client disconnected client_id=8
2026-07-27T13:51:26.547435Z  INFO herdr::logging: session saved event="persist.save" subsystem="persist" outcome="ok" path=/home/morehush/.config/herdr/session.json workspaces=1
2026-07-27T14:15:58.663955Z  INFO herdr::logging: checking for updates event="update.check.start" subsystem="update" outcome="started"
2026-07-27T14:45:58.665973Z  INFO herdr::logging: checking for updates event="update.check.start" subsystem="update" outcome="started"
2026-07-27T15:15:58.668312Z  INFO herdr::logging: checking for updates event="update.check.start" subsystem="update" outcome="started"
2026-07-27T15:36:26.605519Z  INFO herdr::server::headless: client connected client_id=10 cols=210 rows=54 cell_width_px=0 cell_height_px=0 render_encoding=SemanticFrame
2026-07-27T15:45:58.670361Z  INFO herdr::logging: checking for updates event="update.check.start" subsystem="update" outcome="started"
2026-07-27T16:14:33.878316Z  INFO herdr::logging: pane child exited event="pane.exit" subsystem="pane" outcome="completed" pane_id=11 status="ExitStatus { code: 0, signal: None }"
2026-07-27T16:14:33.887837Z  INFO herdr::pane: pane session terminated pane=11 pid=1342342 signal=Hangup
2026-07-27T16:14:33.888031Z  INFO herdr::logging: spawning pane terminal event="pane.spawn.start" subsystem="pane" outcome="started" pane_id=12 rows=53 cols=206 scrollback_limit_bytes=10000000
2026-07-27T16:14:33.890637Z  INFO herdr::logging: pane child spawned event="pane.spawned" subsystem="pane" outcome="ok" pane_id=12 pid=1446355
2026-07-27T16:14:33.891001Z  INFO herdr::logging: workspace created event="workspace.create" subsystem="workspace" outcome="ok" workspace_id="w1B" pane_id=12
2026-07-27T16:14:33.891031Z  INFO herdr::logging: workspace focused event="workspace.focus" subsystem="workspace" outcome="ok" workspace_id="w1B"
2026-07-27T16:14:33.891053Z  INFO herdr::logging: tab focused event="tab.focus" subsystem="tab" outcome="ok" workspace_id="w1B" tab_id="w1B:t1"
2026-07-27T16:14:36.534317Z  INFO herdr::server::headless: client detach requested via keybind client_id=10
2026-07-27T16:14:36.543772Z  INFO herdr::server::headless: client disconnected client_id=10
2026-07-27T16:14:38.892740Z  INFO herdr::logging: session saved event="persist.save" subsystem="persist" outcome="ok" path=/home/morehush/.config/herdr/session.json workspaces=1
2026-07-27T16:15:58.671601Z  INFO herdr::logging: checking for updates event="update.check.start" subsystem="update" outcome="started"
2026-07-27T16:45:58.672359Z  INFO herdr::logging: checking for updates event="update.check.start" subsystem="update" outcome="started"
2026-07-27T17:15:58.673600Z  INFO herdr::logging: checking for updates event="update.check.start" subsystem="update" outcome="started"
2026-07-27T17:19:55.440540Z  INFO herdr::server::headless: client connected client_id=12 cols=210 rows=54 cell_width_px=0 cell_height_px=0 render_encoding=SemanticFrame
2026-07-27T17:45:58.674967Z  INFO herdr::logging: checking for updates event="update.check.start" subsystem="update" outcome="started"
2026-07-27T18:15:58.676775Z  INFO herdr::logging: checking for updates event="update.check.start" subsystem="update" outcome="started"
2026-07-27T18:18:41.461243Z  INFO herdr::server::headless: client detach requested via keybind client_id=12
2026-07-27T18:18:41.470354Z  INFO herdr::server::headless: client disconnected client_id=12
2026-07-27T18:41:14.657162Z  INFO herdr::server::headless: client connected client_id=14 cols=210 rows=54 cell_width_px=0 cell_height_px=0 render_encoding=SemanticFrame
2026-07-27T18:41:27.415331Z  INFO herdr::logging: pane child exited event="pane.exit" subsystem="pane" outcome="completed" pane_id=12 status="ExitStatus { code: 100, signal: None }"
2026-07-27T18:41:27.425247Z  INFO herdr::pane: pane session terminated pane=12 pid=1446355 signal=Hangup
2026-07-27T18:41:27.425808Z  INFO herdr::logging: spawning pane terminal event="pane.spawn.start" subsystem="pane" outcome="started" pane_id=13 rows=53 cols=206 scrollback_limit_bytes=10000000
2026-07-27T18:41:27.428385Z  INFO herdr::logging: pane child spawned event="pane.spawned" subsystem="pane" outcome="ok" pane_id=13 pid=1552845
2026-07-27T18:41:27.428763Z  INFO herdr::logging: workspace created event="workspace.create" subsystem="workspace" outcome="ok" workspace_id="w1C" pane_id=13
2026-07-27T18:41:27.428795Z  INFO herdr::logging: workspace focused event="workspace.focus" subsystem="workspace" outcome="ok" workspace_id="w1C"
2026-07-27T18:41:27.428812Z  INFO herdr::logging: tab focused event="tab.focus" subsystem="tab" outcome="ok" workspace_id="w1C" tab_id="w1C:t1"
2026-07-27T18:41:32.431328Z  INFO herdr::logging: session saved event="persist.save" subsystem="persist" outcome="ok" path=/home/morehush/.config/herdr/session.json workspaces=1
2026-07-27T18:45:58.678185Z  INFO herdr::logging: checking for updates event="update.check.start" subsystem="update" outcome="started"
2026-07-27T19:15:58.680391Z  INFO herdr::logging: checking for updates event="update.check.start" subsystem="update" outcome="started"
2026-07-27T19:45:58.681636Z  INFO herdr::logging: checking for updates event="update.check.start" subsystem="update" outcome="started"
2026-07-27T19:55:41.693240Z  INFO herdr::logging: pane child exited event="pane.exit" subsystem="pane" outcome="completed" pane_id=13 status="ExitStatus { code: 0, signal: None }"
2026-07-27T19:55:41.699988Z  INFO herdr::pane: pane session terminated pane=13 pid=1552845 signal=Hangup
2026-07-27T19:55:41.700129Z  INFO herdr::logging: spawning pane terminal event="pane.spawn.start" subsystem="pane" outcome="started" pane_id=14 rows=53 cols=206 scrollback_limit_bytes=10000000
2026-07-27T19:55:41.701052Z  INFO herdr::logging: pane child spawned event="pane.spawned" subsystem="pane" outcome="ok" pane_id=14 pid=1609657
2026-07-27T19:55:41.701221Z  INFO herdr::logging: workspace created event="workspace.create" subsystem="workspace" outcome="ok" workspace_id="w1D" pane_id=14
2026-07-27T19:55:41.701229Z  INFO herdr::logging: workspace focused event="workspace.focus" subsystem="workspace" outcome="ok" workspace_id="w1D"
2026-07-27T19:55:41.701234Z  INFO herdr::logging: tab focused event="tab.focus" subsystem="tab" outcome="ok" workspace_id="w1D" tab_id="w1D:t1"
2026-07-27T19:55:46.702896Z  INFO herdr::logging: session saved event="persist.save" subsystem="persist" outcome="ok" path=/home/morehush/.config/herdr/session.json workspaces=1
2026-07-27T19:56:35.769548Z  INFO herdr::server::headless: client detach requested via keybind client_id=14
2026-07-27T19:56:35.778394Z  INFO herdr::server::headless: client disconnected client_id=14
2026-07-27T20:09:43.979478Z  INFO herdr::server::headless: client connected client_id=16 cols=210 rows=54 cell_width_px=0 cell_height_px=0 render_encoding=SemanticFrame
2026-07-27T20:15:58.682439Z  INFO herdr::logging: checking for updates event="update.check.start" subsystem="update" outcome="started"
2026-07-27T20:20:39.587250Z  INFO herdr::server::headless: client resize client_id=16 cols=210 rows=53 cell_width_px=0 cell_height_px=0
2026-07-27T20:20:39.787578Z  INFO herdr::server::headless: client resize client_id=16 cols=210 rows=54 cell_width_px=0 cell_height_px=0
2026-07-27T20:20:47.167373Z  INFO herdr::logging: pane child exited event="pane.exit" subsystem="pane" outcome="completed" pane_id=14 status="ExitStatus { code: 0, signal: None }"
2026-07-27T20:20:47.176205Z  INFO herdr::pane: pane session terminated pane=14 pid=1609657 signal=Hangup
2026-07-27T20:20:47.176406Z  INFO herdr::logging: spawning pane terminal event="pane.spawn.start" subsystem="pane" outcome="started" pane_id=15 rows=53 cols=206 scrollback_limit_bytes=10000000
2026-07-27T20:20:47.179190Z  INFO herdr::logging: pane child spawned event="pane.spawned" subsystem="pane" outcome="ok" pane_id=15 pid=1627793
2026-07-27T20:20:47.179561Z  INFO herdr::logging: workspace created event="workspace.create" subsystem="workspace" outcome="ok" workspace_id="w1E" pane_id=15
2026-07-27T20:20:47.179601Z  INFO herdr::logging: workspace focused event="workspace.focus" subsystem="workspace" outcome="ok" workspace_id="w1E"
2026-07-27T20:20:47.179629Z  INFO herdr::logging: tab focused event="tab.focus" subsystem="tab" outcome="ok" workspace_id="w1E" tab_id="w1E:t1"
2026-07-27T20:20:52.181117Z  INFO herdr::logging: session saved event="persist.save" subsystem="persist" outcome="ok" path=/home/morehush/.config/herdr/session.json workspaces=1
2026-07-27T20:22:20.399458Z  INFO herdr::logging: pane child exited event="pane.exit" subsystem="pane" outcome="completed" pane_id=15 status="ExitStatus { code: 0, signal: None }"
2026-07-27T20:22:20.403977Z  INFO herdr::pane: pane session terminated pane=15 pid=1627793 signal=Hangup
2026-07-27T20:22:20.404178Z  INFO herdr::logging: spawning pane terminal event="pane.spawn.start" subsystem="pane" outcome="started" pane_id=16 rows=53 cols=206 scrollback_limit_bytes=10000000
2026-07-27T20:22:20.404958Z  INFO herdr::logging: pane child spawned event="pane.spawned" subsystem="pane" outcome="ok" pane_id=16 pid=1645763
2026-07-27T20:22:20.405111Z  INFO herdr::logging: workspace created event="workspace.create" subsystem="workspace" outcome="ok" workspace_id="w1F" pane_id=16
2026-07-27T20:22:20.405122Z  INFO herdr::logging: workspace focused event="workspace.focus" subsystem="workspace" outcome="ok" workspace_id="w1F"
2026-07-27T20:22:20.405129Z  INFO herdr::logging: tab focused event="tab.focus" subsystem="tab" outcome="ok" workspace_id="w1F" tab_id="w1F:t1"
2026-07-27T20:22:22.562557Z  INFO herdr::server::headless: client detach requested via keybind client_id=16
2026-07-27T20:22:22.566957Z  INFO herdr::server::headless: client disconnected client_id=16
2026-07-27T20:22:25.406179Z  INFO herdr::logging: session saved event="persist.save" subsystem="persist" outcome="ok" path=/home/morehush/.config/herdr/session.json workspaces=1
2026-07-27T20:45:58.683934Z  INFO herdr::logging: checking for updates event="update.check.start" subsystem="update" outcome="started"
2026-07-27T21:15:58.685583Z  INFO herdr::logging: checking for updates event="update.check.start" subsystem="update" outcome="started"
2026-07-27T21:45:58.686459Z  INFO herdr::logging: checking for updates event="update.check.start" subsystem="update" outcome="started"
2026-07-27T22:15:58.687467Z  INFO herdr::logging: checking for updates event="update.check.start" subsystem="update" outcome="started"
2026-07-27T22:45:58.688231Z  INFO herdr::logging: checking for updates event="update.check.start" subsystem="update" outcome="started"
2026-07-27T23:15:58.689869Z  INFO herdr::logging: checking for updates event="update.check.start" subsystem="update" outcome="started"
2026-07-27T23:45:58.691150Z  INFO herdr::logging: checking for updates event="update.check.start" subsystem="update" outcome="started"
2026-07-28T00:15:58.692289Z  INFO herdr::logging: checking for updates event="update.check.start" subsystem="update" outcome="started"
2026-07-28T00:45:58.692811Z  INFO herdr::logging: checking for updates event="update.check.start" subsystem="update" outcome="started"
2026-07-28T01:15:58.702060Z  INFO herdr::logging: checking for updates event="update.check.start" subsystem="update" outcome="started"
2026-07-28T01:45:58.695645Z  INFO herdr::logging: checking for updates event="update.check.start" subsystem="update" outcome="started"
2026-07-28T02:15:58.697160Z  INFO herdr::logging: checking for updates event="update.check.start" subsystem="update" outcome="started"
2026-07-28T02:45:58.698509Z  INFO herdr::logging: checking for updates event="update.check.start" subsystem="update" outcome="started"
2026-07-28T03:15:58.700082Z  INFO herdr::logging: checking for updates event="update.check.start" subsystem="update" outcome="started"
2026-07-28T03:45:58.701765Z  INFO herdr::logging: checking for updates event="update.check.start" subsystem="update" outcome="started"
2026-07-28T04:15:58.703310Z  INFO herdr::logging: checking for updates event="update.check.start" subsystem="update" outcome="started"
2026-07-28T04:45:58.704565Z  INFO herdr::logging: checking for updates event="update.check.start" subsystem="update" outcome="started"
2026-07-28T05:15:58.705556Z  INFO herdr::logging: checking for updates event="update.check.start" subsystem="update" outcome="started"
2026-07-28T05:45:58.706683Z  INFO herdr::logging: checking for updates event="update.check.start" subsystem="update" outcome="started"
2026-07-28T06:15:58.707390Z  INFO herdr::logging: checking for updates event="update.check.start" subsystem="update" outcome="started"
2026-07-28T06:45:58.708773Z  INFO herdr::logging: checking for updates event="update.check.start" subsystem="update" outcome="started"
2026-07-28T07:15:58.710099Z  INFO herdr::logging: checking for updates event="update.check.start" subsystem="update" outcome="started"
2026-07-28T07:45:58.712114Z  INFO herdr::logging: checking for updates event="update.check.start" subsystem="update" outcome="started"
2026-07-28T08:15:58.713666Z  INFO herdr::logging: checking for updates event="update.check.start" subsystem="update" outcome="started"
2026-07-28T08:45:58.714562Z  INFO herdr::logging: checking for updates event="update.check.start" subsystem="update" outcome="started"
2026-07-28T09:15:58.715588Z  INFO herdr::logging: checking for updates event="update.check.start" subsystem="update" outcome="started"
2026-07-28T09:45:58.716482Z  INFO herdr::logging: checking for updates event="update.check.start" subsystem="update" outcome="started"
2026-07-28T10:15:58.717062Z  INFO herdr::logging: checking for updates event="update.check.start" subsystem="update" outcome="started"
2026-07-28T10:45:58.717696Z  INFO herdr::logging: checking for updates event="update.check.start" subsystem="update" outcome="started"
2026-07-28T11:15:58.719740Z  INFO herdr::logging: checking for updates event="update.check.start" subsystem="update" outcome="started"
2026-07-28T11:45:58.720998Z  INFO herdr::logging: checking for updates event="update.check.start" subsystem="update" outcome="started"
2026-07-28T11:59:25.307795Z  INFO herdr::server::headless: client connected client_id=18 cols=210 rows=54 cell_width_px=0 cell_height_px=0 render_encoding=SemanticFrame
2026-07-28T11:59:40.610738Z  INFO herdr::logging: pane child exited event="pane.exit" subsystem="pane" outcome="completed" pane_id=16 status="ExitStatus { code: 0, signal: None }"
2026-07-28T11:59:40.613419Z  INFO herdr::pane: pane session terminated pane=16 pid=1645763 signal=Hangup
2026-07-28T11:59:40.616990Z  INFO herdr::logging: spawning pane terminal event="pane.spawn.start" subsystem="pane" outcome="started" pane_id=17 rows=53 cols=206 scrollback_limit_bytes=10000000
2026-07-28T11:59:40.618903Z  INFO herdr::logging: pane child spawned event="pane.spawned" subsystem="pane" outcome="ok" pane_id=17 pid=2291222
2026-07-28T11:59:40.619066Z  INFO herdr::logging: workspace created event="workspace.create" subsystem="workspace" outcome="ok" workspace_id="w1G" pane_id=17
2026-07-28T11:59:40.619076Z  INFO herdr::logging: workspace focused event="workspace.focus" subsystem="workspace" outcome="ok" workspace_id="w1G"
2026-07-28T11:59:40.619081Z  INFO herdr::logging: tab focused event="tab.focus" subsystem="tab" outcome="ok" workspace_id="w1G" tab_id="w1G:t1"
2026-07-28T11:59:42.048874Z  INFO herdr::server::headless: client detach requested via keybind client_id=18
2026-07-28T11:59:42.058219Z  INFO herdr::server::headless: client disconnected client_id=18
2026-07-28T11:59:45.621600Z  INFO herdr::logging: session saved event="persist.save" subsystem="persist" outcome="ok" path=/home/morehush/.config/herdr/session.json workspaces=1
2026-07-28T12:06:45.933610Z  INFO herdr::server::headless: client connected client_id=20 cols=210 rows=54 cell_width_px=0 cell_height_px=0 render_encoding=SemanticFrame
2026-07-28T12:12:46.052795Z  INFO herdr::logging: pane child exited event="pane.exit" subsystem="pane" outcome="completed" pane_id=17 status="ExitStatus { code: 0, signal: None }"
2026-07-28T12:12:46.061705Z  INFO herdr::pane: pane session terminated pane=17 pid=2291222 signal=Hangup
2026-07-28T12:12:46.061867Z  INFO herdr::logging: spawning pane terminal event="pane.spawn.start" subsystem="pane" outcome="started" pane_id=18 rows=53 cols=206 scrollback_limit_bytes=10000000
2026-07-28T12:12:46.064636Z  INFO herdr::logging: pane child spawned event="pane.spawned" subsystem="pane" outcome="ok" pane_id=18 pid=2300740
2026-07-28T12:12:46.065016Z  INFO herdr::logging: workspace created event="workspace.create" subsystem="workspace" outcome="ok" workspace_id="w1H" pane_id=18
2026-07-28T12:12:46.065047Z  INFO herdr::logging: workspace focused event="workspace.focus" subsystem="workspace" outcome="ok" workspace_id="w1H"
2026-07-28T12:12:46.065061Z  INFO herdr::logging: tab focused event="tab.focus" subsystem="tab" outcome="ok" workspace_id="w1H" tab_id="w1H:t1"
2026-07-28T12:12:48.701305Z  INFO herdr::server::headless: client detach requested via keybind client_id=20
2026-07-28T12:12:48.710593Z  INFO herdr::server::headless: client disconnected client_id=20
2026-07-28T12:12:51.066825Z  INFO herdr::logging: session saved event="persist.save" subsystem="persist" outcome="ok" path=/home/morehush/.config/herdr/session.json workspaces=1
2026-07-28T12:15:58.721973Z  INFO herdr::logging: checking for updates event="update.check.start" subsystem="update" outcome="started"
2026-07-28T12:45:58.723577Z  INFO herdr::logging: checking for updates event="update.check.start" subsystem="update" outcome="started"
2026-07-28T13:15:58.725162Z  INFO herdr::logging: checking for updates event="update.check.start" subsystem="update" outcome="started"
2026-07-28T13:26:27.781313Z  INFO herdr::server::headless: client connected client_id=22 cols=210 rows=54 cell_width_px=0 cell_height_px=0 render_encoding=SemanticFrame
2026-07-28T13:26:41.832677Z  INFO herdr::logging: pane child exited event="pane.exit" subsystem="pane" outcome="completed" pane_id=18 status="ExitStatus { code: 0, signal: None }"
2026-07-28T13:26:41.835727Z  INFO herdr::pane: pane session terminated pane=18 pid=2300740 signal=Hangup
2026-07-28T13:26:41.835938Z  INFO herdr::logging: spawning pane terminal event="pane.spawn.start" subsystem="pane" outcome="started" pane_id=19 rows=53 cols=206 scrollback_limit_bytes=10000000
2026-07-28T13:26:41.836751Z  INFO herdr::logging: pane child spawned event="pane.spawned" subsystem="pane" outcome="ok" pane_id=19 pid=2352798
2026-07-28T13:26:41.836876Z  INFO herdr::logging: workspace created event="workspace.create" subsystem="workspace" outcome="ok" workspace_id="w1J" pane_id=19
2026-07-28T13:26:41.836885Z  INFO herdr::logging: workspace focused event="workspace.focus" subsystem="workspace" outcome="ok" workspace_id="w1J"
2026-07-28T13:26:41.836889Z  INFO herdr::logging: tab focused event="tab.focus" subsystem="tab" outcome="ok" workspace_id="w1J" tab_id="w1J:t1"
2026-07-28T13:26:43.445737Z  INFO herdr::server::headless: client detach requested via keybind client_id=22
2026-07-28T13:26:43.455104Z  INFO herdr::server::headless: client disconnected client_id=22
2026-07-28T13:26:46.839384Z  INFO herdr::logging: session saved event="persist.save" subsystem="persist" outcome="ok" path=/home/morehush/.config/herdr/session.json workspaces=1
2026-07-28T13:45:58.727216Z  INFO herdr::logging: checking for updates event="update.check.start" subsystem="update" outcome="started"
2026-07-28T14:15:58.728968Z  INFO herdr::logging: checking for updates event="update.check.start" subsystem="update" outcome="started"
2026-07-28T14:45:58.731005Z  INFO herdr::logging: checking for updates event="update.check.start" subsystem="update" outcome="started"
2026-07-28T15:15:58.732763Z  INFO herdr::logging: checking for updates event="update.check.start" subsystem="update" outcome="started"
2026-07-28T15:26:43.737805Z  INFO herdr::server::headless: client connected client_id=24 cols=210 rows=54 cell_width_px=0 cell_height_px=0 render_encoding=SemanticFrame
2026-07-28T15:27:14.410965Z  INFO herdr::logging: pane child exited event="pane.exit" subsystem="pane" outcome="completed" pane_id=19 status="ExitStatus { code: 0, signal: None }"
2026-07-28T15:27:14.413604Z  INFO herdr::pane: pane session terminated pane=19 pid=2352798 signal=Hangup
2026-07-28T15:27:14.413866Z  INFO herdr::logging: spawning pane terminal event="pane.spawn.start" subsystem="pane" outcome="started" pane_id=20 rows=53 cols=206 scrollback_limit_bytes=10000000
2026-07-28T15:27:14.414857Z  INFO herdr::logging: pane child spawned event="pane.spawned" subsystem="pane" outcome="ok" pane_id=20 pid=2437262
2026-07-28T15:27:14.415007Z  INFO herdr::logging: workspace created event="workspace.create" subsystem="workspace" outcome="ok" workspace_id="w1K" pane_id=20
2026-07-28T15:27:14.415018Z  INFO herdr::logging: workspace focused event="workspace.focus" subsystem="workspace" outcome="ok" workspace_id="w1K"
2026-07-28T15:27:14.415026Z  INFO herdr::logging: tab focused event="tab.focus" subsystem="tab" outcome="ok" workspace_id="w1K" tab_id="w1K:t1"
2026-07-28T15:27:15.922715Z  INFO herdr::server::headless: client detach requested via keybind client_id=24
2026-07-28T15:27:15.926983Z  INFO herdr::server::headless: client disconnected client_id=24
2026-07-28T15:27:19.416505Z  INFO herdr::logging: session saved event="persist.save" subsystem="persist" outcome="ok" path=/home/morehush/.config/herdr/session.json workspaces=1
2026-07-28T15:43:47.476050Z  INFO herdr::server::headless: client connected client_id=26 cols=210 rows=54 cell_width_px=0 cell_height_px=0 render_encoding=SemanticFrame
2026-07-28T15:45:58.733543Z  INFO herdr::logging: checking for updates event="update.check.start" subsystem="update" outcome="started"
2026-07-28T15:57:59.166999Z  INFO herdr::logging: pane child exited event="pane.exit" subsystem="pane" outcome="completed" pane_id=20 status="ExitStatus { code: 0, signal: None }"
2026-07-28T15:57:59.170869Z  INFO herdr::pane: pane session terminated pane=20 pid=2437262 signal=Hangup
2026-07-28T15:57:59.171113Z  INFO herdr::logging: spawning pane terminal event="pane.spawn.start" subsystem="pane" outcome="started" pane_id=21 rows=53 cols=206 scrollback_limit_bytes=10000000
2026-07-28T15:57:59.172012Z  INFO herdr::logging: pane child spawned event="pane.spawned" subsystem="pane" outcome="ok" pane_id=21 pid=2463980
2026-07-28T15:57:59.172196Z  INFO herdr::logging: workspace created event="workspace.create" subsystem="workspace" outcome="ok" workspace_id="w1M" pane_id=21
2026-07-28T15:57:59.172204Z  INFO herdr::logging: workspace focused event="workspace.focus" subsystem="workspace" outcome="ok" workspace_id="w1M"
2026-07-28T15:57:59.172210Z  INFO herdr::logging: tab focused event="tab.focus" subsystem="tab" outcome="ok" workspace_id="w1M" tab_id="w1M:t1"
2026-07-28T15:58:04.174459Z  INFO herdr::logging: session saved event="persist.save" subsystem="persist" outcome="ok" path=/home/morehush/.config/herdr/session.json workspaces=1
2026-07-28T15:58:12.042253Z  INFO herdr::logging: pane child exited event="pane.exit" subsystem="pane" outcome="completed" pane_id=21 status="ExitStatus { code: 0, signal: None }"
2026-07-28T15:58:12.048025Z  INFO herdr::pane: pane session terminated pane=21 pid=2463980 signal=Hangup
2026-07-28T15:58:12.048112Z  INFO herdr::logging: spawning pane terminal event="pane.spawn.start" subsystem="pane" outcome="started" pane_id=22 rows=53 cols=206 scrollback_limit_bytes=10000000
2026-07-28T15:58:12.048975Z  INFO herdr::logging: pane child spawned event="pane.spawned" subsystem="pane" outcome="ok" pane_id=22 pid=2464435
2026-07-28T15:58:12.049140Z  INFO herdr::logging: workspace created event="workspace.create" subsystem="workspace" outcome="ok" workspace_id="w1N" pane_id=22
2026-07-28T15:58:12.049163Z  INFO herdr::logging: workspace focused event="workspace.focus" subsystem="workspace" outcome="ok" workspace_id="w1N"
2026-07-28T15:58:12.049167Z  INFO herdr::logging: tab focused event="tab.focus" subsystem="tab" outcome="ok" workspace_id="w1N" tab_id="w1N:t1"
2026-07-28T15:58:17.050680Z  INFO herdr::logging: session saved event="persist.save" subsystem="persist" outcome="ok" path=/home/morehush/.config/herdr/session.json workspaces=1
2026-07-28T15:58:17.772091Z  INFO herdr::server::headless: client detach requested via keybind client_id=26
2026-07-28T15:58:17.777551Z  INFO herdr::server::headless: client disconnected client_id=26
2026-07-28T16:15:58.735195Z  INFO herdr::logging: checking for updates event="update.check.start" subsystem="update" outcome="started"
2026-07-28T16:45:58.736810Z  INFO herdr::logging: checking for updates event="update.check.start" subsystem="update" outcome="started"
2026-07-28T17:15:58.739048Z  INFO herdr::logging: checking for updates event="update.check.start" subsystem="update" outcome="started"
2026-07-28T17:45:58.740423Z  INFO herdr::logging: checking for updates event="update.check.start" subsystem="update" outcome="started"
2026-07-28T18:04:05.527208Z  INFO herdr::server::headless: client connected client_id=28 cols=210 rows=54 cell_width_px=0 cell_height_px=0 render_encoding=SemanticFrame
2026-07-28T18:04:23.176462Z  INFO herdr::logging: pane child exited event="pane.exit" subsystem="pane" outcome="completed" pane_id=22 status="ExitStatus { code: 0, signal: None }"
2026-07-28T18:04:23.186772Z  INFO herdr::pane: pane session terminated pane=22 pid=2464435 signal=Hangup
2026-07-28T18:04:23.187521Z  INFO herdr::logging: spawning pane terminal event="pane.spawn.start" subsystem="pane" outcome="started" pane_id=23 rows=53 cols=206 scrollback_limit_bytes=10000000
2026-07-28T18:04:23.190837Z  INFO herdr::logging: pane child spawned event="pane.spawned" subsystem="pane" outcome="ok" pane_id=23 pid=2551982
2026-07-28T18:04:23.191277Z  INFO herdr::logging: workspace created event="workspace.create" subsystem="workspace" outcome="ok" workspace_id="w1P" pane_id=23
2026-07-28T18:04:23.191334Z  INFO herdr::logging: workspace focused event="workspace.focus" subsystem="workspace" outcome="ok" workspace_id="w1P"
2026-07-28T18:04:23.191356Z  INFO herdr::logging: tab focused event="tab.focus" subsystem="tab" outcome="ok" workspace_id="w1P" tab_id="w1P:t1"
2026-07-28T18:04:24.614772Z  INFO herdr::server::headless: client detach requested via keybind client_id=28
2026-07-28T18:04:24.617960Z  INFO herdr::server::headless: client disconnected client_id=28
2026-07-28T18:04:28.194553Z  INFO herdr::logging: session saved event="persist.save" subsystem="persist" outcome="ok" path=/home/morehush/.config/herdr/session.json workspaces=1
2026-07-28T18:15:58.741235Z  INFO herdr::logging: checking for updates event="update.check.start" subsystem="update" outcome="started"
2026-07-28T18:45:58.742430Z  INFO herdr::logging: checking for updates event="update.check.start" subsystem="update" outcome="started"
2026-07-28T19:15:58.743108Z  INFO herdr::logging: checking for updates event="update.check.start" subsystem="update" outcome="started"
2026-07-28T19:45:58.744672Z  INFO herdr::logging: checking for updates event="update.check.start" subsystem="update" outcome="started"
2026-07-28T20:15:58.745522Z  INFO herdr::logging: checking for updates event="update.check.start" subsystem="update" outcome="started"
2026-07-28T20:45:58.746480Z  INFO herdr::logging: checking for updates event="update.check.start" subsystem="update" outcome="started"
2026-07-28T21:06:31.444988Z  INFO herdr::server::headless: client connected client_id=30 cols=210 rows=54 cell_width_px=0 cell_height_px=0 render_encoding=SemanticFrame
2026-07-28T21:06:44.004777Z  INFO herdr::logging: pane child exited event="pane.exit" subsystem="pane" outcome="completed" pane_id=23 status="ExitStatus { code: 0, signal: None }"
2026-07-28T21:06:44.014849Z  INFO herdr::pane: pane session terminated pane=23 pid=2551982 signal=Hangup
2026-07-28T21:06:44.015027Z  INFO herdr::logging: spawning pane terminal event="pane.spawn.start" subsystem="pane" outcome="started" pane_id=24 rows=53 cols=206 scrollback_limit_bytes=10000000
2026-07-28T21:06:44.017706Z  INFO herdr::logging: pane child spawned event="pane.spawned" subsystem="pane" outcome="ok" pane_id=24 pid=2694111
2026-07-28T21:06:44.018195Z  INFO herdr::logging: workspace created event="workspace.create" subsystem="workspace" outcome="ok" workspace_id="w1Q" pane_id=24
2026-07-28T21:06:44.018230Z  INFO herdr::logging: workspace focused event="workspace.focus" subsystem="workspace" outcome="ok" workspace_id="w1Q"
2026-07-28T21:06:44.018246Z  INFO herdr::logging: tab focused event="tab.focus" subsystem="tab" outcome="ok" workspace_id="w1Q" tab_id="w1Q:t1"
2026-07-28T21:06:45.111533Z  INFO herdr::logging: pane child exited event="pane.exit" subsystem="pane" outcome="completed" pane_id=24 status="ExitStatus { code: 0, signal: None }"
2026-07-28T21:06:45.114771Z  INFO herdr::pane: pane session terminated pane=24 pid=2694111 signal=Hangup
2026-07-28T21:06:45.114937Z  INFO herdr::logging: spawning pane terminal event="pane.spawn.start" subsystem="pane" outcome="started" pane_id=25 rows=53 cols=206 scrollback_limit_bytes=10000000
2026-07-28T21:06:45.115825Z  INFO herdr::logging: pane child spawned event="pane.spawned" subsystem="pane" outcome="ok" pane_id=25 pid=2694164
2026-07-28T21:06:45.115942Z  INFO herdr::logging: workspace created event="workspace.create" subsystem="workspace" outcome="ok" workspace_id="w1R" pane_id=25
2026-07-28T21:06:45.115951Z  INFO herdr::logging: workspace focused event="workspace.focus" subsystem="workspace" outcome="ok" workspace_id="w1R"
2026-07-28T21:06:45.115957Z  INFO herdr::logging: tab focused event="tab.focus" subsystem="tab" outcome="ok" workspace_id="w1R" tab_id="w1R:t1"
2026-07-28T21:06:46.634613Z  INFO herdr::server::headless: client detach requested via keybind client_id=30
2026-07-28T21:06:46.637158Z  INFO herdr::server::headless: client disconnected client_id=30
2026-07-28T21:06:50.117984Z  INFO herdr::logging: session saved event="persist.save" subsystem="persist" outcome="ok" path=/home/morehush/.config/herdr/session.json workspaces=1
2026-07-28T21:15:58.747439Z  INFO herdr::logging: checking for updates event="update.check.start" subsystem="update" outcome="started"
2026-07-28T21:45:58.749016Z  INFO herdr::logging: checking for updates event="update.check.start" subsystem="update" outcome="started"
2026-07-28T22:15:58.750968Z  INFO herdr::logging: checking for updates event="update.check.start" subsystem="update" outcome="started"
2026-07-28T22:45:58.752524Z  INFO herdr::logging: checking for updates event="update.check.start" subsystem="update" outcome="started"
2026-07-28T23:15:58.753242Z  INFO herdr::logging: checking for updates event="update.check.start" subsystem="update" outcome="started"
2026-07-28T23:45:58.754328Z  INFO herdr::logging: checking for updates event="update.check.start" subsystem="update" outcome="started"
2026-07-29T00:15:58.756081Z  INFO herdr::logging: checking for updates event="update.check.start" subsystem="update" outcome="started"
2026-07-29T00:45:58.757627Z  INFO herdr::logging: checking for updates event="update.check.start" subsystem="update" outcome="started"
2026-07-29T01:15:58.758315Z  INFO herdr::logging: checking for updates event="update.check.start" subsystem="update" outcome="started"
2026-07-29T01:45:58.759201Z  INFO herdr::logging: checking for updates event="update.check.start" subsystem="update" outcome="started"
2026-07-29T02:15:58.760305Z  INFO herdr::logging: checking for updates event="update.check.start" subsystem="update" outcome="started"
2026-07-29T02:45:58.761239Z  INFO herdr::logging: checking for updates event="update.check.start" subsystem="update" outcome="started"
2026-07-29T03:15:58.762132Z  INFO herdr::logging: checking for updates event="update.check.start" subsystem="update" outcome="started"
2026-07-29T03:45:58.763562Z  INFO herdr::logging: checking for updates event="update.check.start" subsystem="update" outcome="started"
2026-07-29T04:15:58.764296Z  INFO herdr::logging: checking for updates event="update.check.start" subsystem="update" outcome="started"
2026-07-29T04:45:58.766089Z  INFO herdr::logging: checking for updates event="update.check.start" subsystem="update" outcome="started"
2026-07-29T05:15:58.768051Z  INFO herdr::logging: checking for updates event="update.check.start" subsystem="update" outcome="started"
2026-07-29T05:45:58.769756Z  INFO herdr::logging: checking for updates event="update.check.start" subsystem="update" outcome="started"
2026-07-29T06:15:58.770852Z  INFO herdr::logging: checking for updates event="update.check.start" subsystem="update" outcome="started"
2026-07-29T06:45:58.773198Z  INFO herdr::logging: checking for updates event="update.check.start" subsystem="update" outcome="started"
2026-07-29T07:15:58.775082Z  INFO herdr::logging: checking for updates event="update.check.start" subsystem="update" outcome="started"
2026-07-29T07:45:58.776699Z  INFO herdr::logging: checking for updates event="update.check.start" subsystem="update" outcome="started"
2026-07-29T08:15:58.778280Z  INFO herdr::logging: checking for updates event="update.check.start" subsystem="update" outcome="started"
2026-07-29T08:45:58.778988Z  INFO herdr::logging: checking for updates event="update.check.start" subsystem="update" outcome="started"
2026-07-29T09:15:58.780385Z  INFO herdr::logging: checking for updates event="update.check.start" subsystem="update" outcome="started"
2026-07-29T09:45:58.782053Z  INFO herdr::logging: checking for updates event="update.check.start" subsystem="update" outcome="started"
2026-07-29T10:15:58.783293Z  INFO herdr::logging: checking for updates event="update.check.start" subsystem="update" outcome="started"
2026-07-29T10:45:58.785127Z  INFO herdr::logging: checking for updates event="update.check.start" subsystem="update" outcome="started"
2026-07-29T11:15:58.786716Z  INFO herdr::logging: checking for updates event="update.check.start" subsystem="update" outcome="started"
2026-07-29T11:45:58.787821Z  INFO herdr::logging: checking for updates event="update.check.start" subsystem="update" outcome="started"
2026-07-29T11:54:23.959432Z  INFO herdr::server::headless: client connected client_id=32 cols=210 rows=54 cell_width_px=0 cell_height_px=0 render_encoding=SemanticFrame
2026-07-29T11:54:47.980000Z  INFO herdr::server::headless: client detach requested via keybind client_id=32
2026-07-29T11:54:47.989529Z  INFO herdr::server::headless: client disconnected client_id=32
2026-07-29T12:15:58.789806Z  INFO herdr::logging: checking for updates event="update.check.start" subsystem="update" outcome="started"
2026-07-29T12:45:58.791847Z  INFO herdr::logging: checking for updates event="update.check.start" subsystem="update" outcome="started"
2026-07-29T13:15:58.794091Z  INFO herdr::logging: checking for updates event="update.check.start" subsystem="update" outcome="started"
2026-07-29T13:22:21.796945Z  INFO herdr::server::headless: client connected client_id=34 cols=210 rows=54 cell_width_px=0 cell_height_px=0 render_encoding=SemanticFrame
2026-07-29T13:45:58.795295Z  INFO herdr::logging: checking for updates event="update.check.start" subsystem="update" outcome="started"
2026-07-29T14:15:58.796217Z  INFO herdr::logging: checking for updates event="update.check.start" subsystem="update" outcome="started"
2026-07-29T14:43:59.713703Z  INFO herdr::logging: pane child exited event="pane.exit" subsystem="pane" outcome="completed" pane_id=25 status="ExitStatus { code: 0, signal: None }"
2026-07-29T14:43:59.713982Z  INFO herdr::pane: pane session terminated pane=25 pid=2694164 signal=Hangup
2026-07-29T14:43:59.714792Z  INFO herdr::logging: spawning pane terminal event="pane.spawn.start" subsystem="pane" outcome="started" pane_id=26 rows=53 cols=206 scrollback_limit_bytes=10000000
2026-07-29T14:43:59.717500Z  INFO herdr::logging: pane child spawned event="pane.spawned" subsystem="pane" outcome="ok" pane_id=26 pid=3420426
2026-07-29T14:43:59.717956Z  INFO herdr::logging: workspace created event="workspace.create" subsystem="workspace" outcome="ok" workspace_id="w1S" pane_id=26
2026-07-29T14:43:59.717994Z  INFO herdr::logging: workspace focused event="workspace.focus" subsystem="workspace" outcome="ok" workspace_id="w1S"
2026-07-29T14:43:59.718045Z  INFO herdr::logging: tab focused event="tab.focus" subsystem="tab" outcome="ok" workspace_id="w1S" tab_id="w1S:t1"
2026-07-29T14:44:01.286504Z  INFO herdr::logging: pane child exited event="pane.exit" subsystem="pane" outcome="completed" pane_id=26 status="ExitStatus { code: 0, signal: None }"
2026-07-29T14:44:01.298849Z  INFO herdr::pane: pane session terminated pane=26 pid=3420426 signal=Hangup
2026-07-29T14:44:01.299110Z  INFO herdr::logging: spawning pane terminal event="pane.spawn.start" subsystem="pane" outcome="started" pane_id=27 rows=53 cols=206 scrollback_limit_bytes=10000000
2026-07-29T14:44:01.300230Z  INFO herdr::logging: pane child spawned event="pane.spawned" subsystem="pane" outcome="ok" pane_id=27 pid=3420496
2026-07-29T14:44:01.300396Z  INFO herdr::logging: workspace created event="workspace.create" subsystem="workspace" outcome="ok" workspace_id="w1T" pane_id=27
2026-07-29T14:44:01.300408Z  INFO herdr::logging: workspace focused event="workspace.focus" subsystem="workspace" outcome="ok" workspace_id="w1T"
2026-07-29T14:44:01.300415Z  INFO herdr::logging: tab focused event="tab.focus" subsystem="tab" outcome="ok" workspace_id="w1T" tab_id="w1T:t1"
2026-07-29T14:44:02.769491Z  INFO herdr::server::headless: client detach requested via keybind client_id=34
2026-07-29T14:44:02.772848Z  INFO herdr::server::headless: client disconnected client_id=34
2026-07-29T14:44:06.308046Z  INFO herdr::logging: session saved event="persist.save" subsystem="persist" outcome="ok" path=/home/morehush/.config/herdr/session.json workspaces=1
2026-07-29T14:45:58.797301Z  INFO herdr::logging: checking for updates event="update.check.start" subsystem="update" outcome="started"
2026-07-29T15:15:58.799054Z  INFO herdr::logging: checking for updates event="update.check.start" subsystem="update" outcome="started"
2026-07-29T15:20:40.402110Z  INFO herdr::server::headless: client connected client_id=36 cols=210 rows=54 cell_width_px=0 cell_height_px=0 render_encoding=SemanticFrame
2026-07-29T15:33:38.142639Z  INFO herdr::server::headless: client resize client_id=36 cols=210 rows=51 cell_width_px=0 cell_height_px=0
2026-07-29T15:33:38.242813Z  INFO herdr::server::headless: client resize client_id=36 cols=210 rows=53 cell_width_px=0 cell_height_px=0
2026-07-29T15:33:38.342799Z  INFO herdr::server::headless: client resize client_id=36 cols=210 rows=54 cell_width_px=0 cell_height_px=0
2026-07-29T15:35:25.475754Z  INFO herdr::logging: pane child exited event="pane.exit" subsystem="pane" outcome="completed" pane_id=27 status="ExitStatus { code: 0, signal: None }"
2026-07-29T15:35:25.481993Z  INFO herdr::pane: pane session terminated pane=27 pid=3420496 signal=Hangup
2026-07-29T15:35:25.482290Z  INFO herdr::logging: spawning pane terminal event="pane.spawn.start" subsystem="pane" outcome="started" pane_id=28 rows=53 cols=206 scrollback_limit_bytes=10000000
2026-07-29T15:35:25.483460Z  INFO herdr::logging: pane child spawned event="pane.spawned" subsystem="pane" outcome="ok" pane_id=28 pid=3460758
2026-07-29T15:35:25.483607Z  INFO herdr::logging: workspace created event="workspace.create" subsystem="workspace" outcome="ok" workspace_id="w1V" pane_id=28
2026-07-29T15:35:25.483632Z  INFO herdr::logging: workspace focused event="workspace.focus" subsystem="workspace" outcome="ok" workspace_id="w1V"
2026-07-29T15:35:25.483640Z  INFO herdr::logging: tab focused event="tab.focus" subsystem="tab" outcome="ok" workspace_id="w1V" tab_id="w1V:t1"
2026-07-29T15:35:26.971460Z  INFO herdr::server::headless: client detach requested via keybind client_id=36
2026-07-29T15:35:26.975738Z  INFO herdr::server::headless: client disconnected client_id=36
2026-07-29T15:35:30.486438Z  INFO herdr::logging: session saved event="persist.save" subsystem="persist" outcome="ok" path=/home/morehush/.config/herdr/session.json workspaces=1
2026-07-29T15:36:24.017120Z  INFO herdr::server::headless: client connected client_id=38 cols=210 rows=54 cell_width_px=0 cell_height_px=0 render_encoding=SemanticFrame
2026-07-29T15:36:34.068168Z  INFO herdr::server::headless: client detach requested via keybind client_id=38
2026-07-29T15:36:34.077359Z  INFO herdr::server::headless: client disconnected client_id=38
2026-07-29T15:45:58.800427Z  INFO herdr::logging: checking for updates event="update.check.start" subsystem="update" outcome="started"
2026-07-29T16:15:58.801227Z  INFO herdr::logging: checking for updates event="update.check.start" subsystem="update" outcome="started"
2026-07-29T16:45:58.803047Z  INFO herdr::logging: checking for updates event="update.check.start" subsystem="update" outcome="started"
2026-07-29T17:15:58.804263Z  INFO herdr::logging: checking for updates event="update.check.start" subsystem="update" outcome="started"
2026-07-29T17:45:58.805621Z  INFO herdr::logging: checking for updates event="update.check.start" subsystem="update" outcome="started"
2026-07-29T18:05:25.442987Z  INFO herdr::server::headless: client connected client_id=40 cols=211 rows=52 cell_width_px=0 cell_height_px=0 render_encoding=SemanticFrame
2026-07-29T18:05:47.884810Z  INFO herdr::logging: pane child exited event="pane.exit" subsystem="pane" outcome="completed" pane_id=28 status="ExitStatus { code: 0, signal: None }"
2026-07-29T18:05:47.889875Z  INFO herdr::pane: pane session terminated pane=28 pid=3460758 signal=Hangup
2026-07-29T18:05:47.890104Z  INFO herdr::logging: spawning pane terminal event="pane.spawn.start" subsystem="pane" outcome="started" pane_id=29 rows=51 cols=207 scrollback_limit_bytes=10000000
2026-07-29T18:05:47.891913Z  INFO herdr::logging: pane child spawned event="pane.spawned" subsystem="pane" outcome="ok" pane_id=29 pid=3565044
2026-07-29T18:05:47.892097Z  INFO herdr::logging: workspace created event="workspace.create" subsystem="workspace" outcome="ok" workspace_id="w1W" pane_id=29
2026-07-29T18:05:47.892266Z  INFO herdr::logging: workspace focused event="workspace.focus" subsystem="workspace" outcome="ok" workspace_id="w1W"
2026-07-29T18:05:47.892285Z  INFO herdr::logging: tab focused event="tab.focus" subsystem="tab" outcome="ok" workspace_id="w1W" tab_id="w1W:t1"
2026-07-29T18:05:51.163635Z  INFO herdr::server::headless: client detach requested via keybind client_id=40
2026-07-29T18:05:51.172592Z  INFO herdr::server::headless: client disconnected client_id=40
2026-07-29T18:05:52.901082Z  INFO herdr::logging: session saved event="persist.save" subsystem="persist" outcome="ok" path=/home/morehush/.config/herdr/session.json workspaces=1
2026-07-29T18:11:07.099410Z  INFO herdr::server::headless: client connected client_id=42 cols=211 rows=52 cell_width_px=0 cell_height_px=0 render_encoding=TerminalAnsi
2026-07-29T18:11:16.058663Z  INFO herdr::logging: pane child exited event="pane.exit" subsystem="pane" outcome="completed" pane_id=29 status="ExitStatus { code: 0, signal: None }"
2026-07-29T18:11:16.069573Z  INFO herdr::pane: pane session terminated pane=29 pid=3565044 signal=Hangup
2026-07-29T18:11:16.069753Z  INFO herdr::logging: spawning pane terminal event="pane.spawn.start" subsystem="pane" outcome="started" pane_id=30 rows=51 cols=207 scrollback_limit_bytes=10000000
2026-07-29T18:11:16.072564Z  INFO herdr::logging: pane child spawned event="pane.spawned" subsystem="pane" outcome="ok" pane_id=30 pid=3568800
2026-07-29T18:11:16.072932Z  INFO herdr::logging: workspace created event="workspace.create" subsystem="workspace" outcome="ok" workspace_id="w1X" pane_id=30
2026-07-29T18:11:16.072963Z  INFO herdr::logging: workspace focused event="workspace.focus" subsystem="workspace" outcome="ok" workspace_id="w1X"
2026-07-29T18:11:16.072980Z  INFO herdr::logging: tab focused event="tab.focus" subsystem="tab" outcome="ok" workspace_id="w1X" tab_id="w1X:t1"
2026-07-29T18:11:17.443642Z  INFO herdr::server::headless: client detach requested via keybind client_id=42
2026-07-29T18:11:17.451151Z  INFO herdr::server::headless: client disconnected client_id=42
2026-07-29T18:11:21.075418Z  INFO herdr::logging: session saved event="persist.save" subsystem="persist" outcome="ok" path=/home/morehush/.config/herdr/session.json workspaces=1
2026-07-29T18:11:29.373846Z  INFO herdr::server::headless: client connected client_id=44 cols=211 rows=52 cell_width_px=0 cell_height_px=0 render_encoding=TerminalAnsi
2026-07-29T18:12:33.434175Z  INFO herdr::server::headless: client detach requested via keybind client_id=44
2026-07-29T18:12:33.442627Z  INFO herdr::server::headless: client disconnected client_id=44
2026-07-29T18:12:38.735241Z  INFO herdr::server::headless: client connected client_id=46 cols=211 rows=52 cell_width_px=0 cell_height_px=0 render_encoding=TerminalAnsi
2026-07-29T18:12:55.169271Z  INFO herdr::logging: pane child exited event="pane.exit" subsystem="pane" outcome="completed" pane_id=30 status="ExitStatus { code: 0, signal: None }"
2026-07-29T18:12:55.174725Z  INFO herdr::pane: pane session terminated pane=30 pid=3568800 signal=Hangup
2026-07-29T18:12:55.174831Z  INFO herdr::logging: spawning pane terminal event="pane.spawn.start" subsystem="pane" outcome="started" pane_id=31 rows=51 cols=207 scrollback_limit_bytes=10000000
2026-07-29T18:12:55.175848Z  INFO herdr::logging: pane child spawned event="pane.spawned" subsystem="pane" outcome="ok" pane_id=31 pid=3571992
2026-07-29T18:12:55.176016Z  INFO herdr::logging: workspace created event="workspace.create" subsystem="workspace" outcome="ok" workspace_id="w1Y" pane_id=31
2026-07-29T18:12:55.176026Z  INFO herdr::logging: workspace focused event="workspace.focus" subsystem="workspace" outcome="ok" workspace_id="w1Y"
2026-07-29T18:12:55.176032Z  INFO herdr::logging: tab focused event="tab.focus" subsystem="tab" outcome="ok" workspace_id="w1Y" tab_id="w1Y:t1"
2026-07-29T18:12:56.920451Z  INFO herdr::server::headless: client detach requested via keybind client_id=46
2026-07-29T18:12:56.929371Z  INFO herdr::server::headless: client disconnected client_id=46
2026-07-29T18:13:00.177318Z  INFO herdr::logging: session saved event="persist.save" subsystem="persist" outcome="ok" path=/home/morehush/.config/herdr/session.json workspaces=1
2026-07-29T18:15:58.806889Z  INFO herdr::logging: checking for updates event="update.check.start" subsystem="update" outcome="started"
2026-07-29T18:26:09.955350Z  INFO herdr::server::headless: client connected client_id=48 cols=211 rows=52 cell_width_px=0 cell_height_px=0 render_encoding=TerminalAnsi
2026-07-29T18:26:15.341779Z  INFO herdr::logging: spawning pane terminal event="pane.spawn.start" subsystem="pane" outcome="started" pane_id=32 rows=51 cols=207 scrollback_limit_bytes=10000000
2026-07-29T18:26:15.345030Z  INFO herdr::logging: pane child spawned event="pane.spawned" subsystem="pane" outcome="ok" pane_id=32 pid=3581117
2026-07-29T18:26:15.345515Z  INFO herdr::logging: tab focused event="tab.focus" subsystem="tab" outcome="ok" workspace_id="w1Y" tab_id="w1Y:t2"
2026-07-29T18:26:17.441104Z  INFO herdr::logging: pane child exited event="pane.exit" subsystem="pane" outcome="completed" pane_id=32 status="ExitStatus { code: 0, signal: None }"
2026-07-29T18:26:17.452126Z  INFO herdr::pane: pane session terminated pane=32 pid=3581117 signal=Hangup
2026-07-29T18:26:22.453867Z  INFO herdr::logging: session saved event="persist.save" subsystem="persist" outcome="ok" path=/home/morehush/.config/herdr/session.json workspaces=1
2026-07-29T18:26:32.921053Z  INFO herdr::logging: pane child exited event="pane.exit" subsystem="pane" outcome="completed" pane_id=31 status="ExitStatus { code: 0, signal: None }"
2026-07-29T18:26:32.921332Z  INFO herdr::pane: pane session terminated pane=31 pid=3571992 signal=Hangup
2026-07-29T18:26:32.921978Z  INFO herdr::logging: spawning pane terminal event="pane.spawn.start" subsystem="pane" outcome="started" pane_id=33 rows=51 cols=207 scrollback_limit_bytes=10000000
2026-07-29T18:26:32.924246Z  INFO herdr::logging: pane child spawned event="pane.spawned" subsystem="pane" outcome="ok" pane_id=33 pid=3582970
2026-07-29T18:26:32.924426Z  INFO herdr::logging: workspace created event="workspace.create" subsystem="workspace" outcome="ok" workspace_id="w1Z" pane_id=33
2026-07-29T18:26:32.924435Z  INFO herdr::logging: workspace focused event="workspace.focus" subsystem="workspace" outcome="ok" workspace_id="w1Z"
2026-07-29T18:26:32.924439Z  INFO herdr::logging: tab focused event="tab.focus" subsystem="tab" outcome="ok" workspace_id="w1Z" tab_id="w1Z:t1"
2026-07-29T18:26:34.136758Z  INFO herdr::server::headless: client detach requested via keybind client_id=48
2026-07-29T18:26:34.139780Z  INFO herdr::server::headless: client disconnected client_id=48
2026-07-29T18:26:37.932001Z  INFO herdr::logging: session saved event="persist.save" subsystem="persist" outcome="ok" path=/home/morehush/.config/herdr/session.json workspaces=1
2026-07-29T18:45:58.808673Z  INFO herdr::logging: checking for updates event="update.check.start" subsystem="update" outcome="started"
2026-07-29T19:15:58.809374Z  INFO herdr::logging: checking for updates event="update.check.start" subsystem="update" outcome="started"
2026-07-29T19:45:58.810646Z  INFO herdr::logging: checking for updates event="update.check.start" subsystem="update" outcome="started"
2026-07-29T20:15:58.811691Z  INFO herdr::logging: checking for updates event="update.check.start" subsystem="update" outcome="started"
2026-07-29T20:45:58.813171Z  INFO herdr::logging: checking for updates event="update.check.start" subsystem="update" outcome="started"
2026-07-29T20:51:45.092815Z  INFO herdr::server::headless: client connected client_id=50 cols=211 rows=52 cell_width_px=0 cell_height_px=0 render_encoding=TerminalAnsi
2026-07-29T20:51:58.202418Z  INFO herdr::server::headless: client detach requested via keybind client_id=50
2026-07-29T20:51:58.207937Z  INFO herdr::server::headless: client disconnected client_id=50
2026-07-29T20:56:28.428363Z  INFO herdr::server::headless: client connected client_id=52 cols=211 rows=52 cell_width_px=0 cell_height_px=0 render_encoding=TerminalAnsi
2026-07-29T20:56:37.618216Z  INFO herdr::logging: pane child exited event="pane.exit" subsystem="pane" outcome="completed" pane_id=33 status="ExitStatus { code: 0, signal: None }"
2026-07-29T20:56:37.630801Z  INFO herdr::pane: pane session terminated pane=33 pid=3582970 signal=Hangup
2026-07-29T20:56:37.630992Z  INFO herdr::logging: spawning pane terminal event="pane.spawn.start" subsystem="pane" outcome="started" pane_id=34 rows=51 cols=207 scrollback_limit_bytes=10000000
2026-07-29T20:56:37.633666Z  INFO herdr::logging: pane child spawned event="pane.spawned" subsystem="pane" outcome="ok" pane_id=34 pid=3695321
2026-07-29T20:56:37.634004Z  INFO herdr::logging: workspace created event="workspace.create" subsystem="workspace" outcome="ok" workspace_id="w10" pane_id=34
2026-07-29T20:56:37.634066Z  INFO herdr::logging: workspace focused event="workspace.focus" subsystem="workspace" outcome="ok" workspace_id="w10"
2026-07-29T20:56:37.634081Z  INFO herdr::logging: tab focused event="tab.focus" subsystem="tab" outcome="ok" workspace_id="w10" tab_id="w10:t1"
2026-07-29T20:56:39.983164Z  INFO herdr::server::headless: client detach requested via keybind client_id=52
2026-07-29T20:56:39.992510Z  INFO herdr::server::headless: client disconnected client_id=52
2026-07-29T20:56:42.636223Z  INFO herdr::logging: session saved event="persist.save" subsystem="persist" outcome="ok" path=/home/morehush/.config/herdr/session.json workspaces=1
2026-07-29T20:56:47.161551Z  INFO herdr::server::headless: client connected client_id=54 cols=211 rows=52 cell_width_px=0 cell_height_px=0 render_encoding=TerminalAnsi
2026-07-29T20:57:16.045950Z  INFO herdr::server::headless: client detach requested via keybind client_id=54
2026-07-29T20:57:16.054473Z  INFO herdr::server::headless: client disconnected client_id=54
2026-07-29T20:57:42.746765Z  INFO herdr::api::server: api server listening path=/home/morehush/.config/herdr/herdr.sock
2026-07-29T20:57:42.747864Z  INFO herdr::logging: spawning pane terminal event="pane.spawn.start" subsystem="pane" outcome="started" pane_id=1 rows=24 cols=80 scrollback_limit_bytes=10000000
2026-07-29T20:57:42.748719Z  INFO herdr::logging: pane child spawned event="pane.spawned" subsystem="pane" outcome="ok" pane_id=1 pid=186339
2026-07-29T20:57:42.748992Z  INFO herdr::logging: session restore evaluated event="persist.restore" subsystem="persist" outcome="ok" workspaces=1
2026-07-29T20:57:42.749008Z  INFO herdr::app: using pane scrollback configuration pane_scrollback_limit_bytes=10000000
2026-07-29T20:57:42.812718Z  INFO herdr::logging: checking for updates event="update.check.start" subsystem="update" outcome="started"
2026-07-29T20:57:42.813685Z  INFO herdr::server::headless: restored session already has workspaces; ignoring startup cwd cwd=/home/morehush
2026-07-29T20:57:42.813766Z  INFO herdr::server::headless: client protocol socket listening path=/home/morehush/.config/herdr/herdr-client.sock
2026-07-29T20:57:42.813792Z  INFO herdr::server::headless: herdr server started api_socket=/home/morehush/.config/herdr/herdr.sock client_socket=/home/morehush/.config/herdr/herdr-client.sock
2026-07-29T20:57:42.813931Z  INFO herdr::logging: herdr starting event="app.startup" subsystem="server" outcome="started" pid=186329
2026-07-29T20:57:42.863708Z  INFO herdr::server::headless: client connected client_id=2 cols=211 rows=52 cell_width_px=0 cell_height_px=0 render_encoding=SemanticFrame
2026-07-29T20:58:41.105035Z  INFO herdr::server::headless: client detach requested via keybind client_id=2
2026-07-29T20:58:41.116768Z  INFO herdr::server::headless: client disconnected client_id=2
2026-07-29T20:58:44.850920Z  INFO herdr::server::headless: server shutdown initiated
2026-07-29T20:58:44.901008Z  INFO herdr::server::headless: completing server shutdown
2026-07-29T20:58:44.901270Z  INFO herdr::logging: session saved event="persist.save" subsystem="persist" outcome="ok" path=/home/morehush/.config/herdr/session.json workspaces=1
2026-07-29T20:58:44.901284Z  INFO herdr::server::headless: headless server exiting
2026-07-29T20:58:44.901950Z  INFO herdr::logging: pane child exited event="pane.exit" subsystem="pane" outcome="completed" pane_id=1 status="ExitStatus { code: 1, signal: None }"
2026-07-29T20:58:44.904648Z  INFO herdr::pane: pane session terminated pane=1 pid=186339 signal=Hangup
2026-07-29T20:58:44.905118Z  INFO herdr::logging: herdr exiting event="app.shutdown" subsystem="server" outcome="completed" pid=186329
2026-08-07T14:34:29.520472Z  INFO herdr::api::server: api server listening path=/home/morehush/.config/herdr/herdr.sock
2026-08-07T14:34:29.530511Z  INFO herdr::logging: spawning pane terminal event="pane.spawn.start" subsystem="pane" outcome="started" pane_id=1 rows=24 cols=80 scrollback_limit_bytes=10000000
2026-08-07T14:34:29.531298Z  INFO herdr::logging: pane child spawned event="pane.spawned" subsystem="pane" outcome="ok" pane_id=1 pid=3275521
2026-08-07T14:34:29.531569Z  INFO herdr::logging: session restore evaluated event="persist.restore" subsystem="persist" outcome="ok" workspaces=1
2026-08-07T14:34:29.531580Z  INFO herdr::app: using pane scrollback configuration pane_scrollback_limit_bytes=10000000
2026-08-07T14:34:29.593949Z  INFO herdr::logging: checking for updates event="update.check.start" subsystem="update" outcome="started"
2026-08-07T14:34:29.596605Z  INFO herdr::server::headless: restored session already has workspaces; ignoring startup cwd cwd=/home/morehush
2026-08-07T14:34:29.596686Z  INFO herdr::server::headless: client protocol socket listening path=/home/morehush/.config/herdr/herdr-client.sock
2026-08-07T14:34:29.596712Z  INFO herdr::server::headless: herdr server started api_socket=/home/morehush/.config/herdr/herdr.sock client_socket=/home/morehush/.config/herdr/herdr-client.sock
2026-08-07T14:34:29.596874Z  INFO herdr::logging: herdr starting event="app.startup" subsystem="server" outcome="started" pid=3275507
2026-08-07T14:34:29.865493Z  INFO herdr::server::headless: client connected client_id=2 cols=210 rows=53 cell_width_px=0 cell_height_px=0 render_encoding=SemanticFrame
2026-08-07T14:34:36.582354Z  INFO herdr::server::headless: client detach requested via keybind client_id=2
2026-08-07T14:34:36.591009Z  INFO herdr::server::headless: client disconnected client_id=2
2026-08-07T15:04:29.595409Z  INFO herdr::logging: checking for updates event="update.check.start" subsystem="update" outcome="started"
2026-08-07T15:34:29.596559Z  INFO herdr::logging: checking for updates event="update.check.start" subsystem="update" outcome="started"
2026-08-07T16:04:29.598004Z  INFO herdr::logging: checking for updates event="update.check.start" subsystem="update" outcome="started"
2026-08-07T16:34:29.599269Z  INFO herdr::logging: checking for updates event="update.check.start" subsystem="update" outcome="started"
2026-08-07T17:04:29.600707Z  INFO herdr::logging: checking for updates event="update.check.start" subsystem="update" outcome="started"
2026-08-07T17:34:29.601962Z  INFO herdr::logging: checking for updates event="update.check.start" subsystem="update" outcome="started"
2026-08-07T18:04:29.603555Z  INFO herdr::logging: checking for updates event="update.check.start" subsystem="update" outcome="started"
2026-08-07T18:34:29.604082Z  INFO herdr::logging: checking for updates event="update.check.start" subsystem="update" outcome="started"
2026-08-07T18:45:19.788410Z  INFO herdr::server::headless: client connected client_id=4 cols=210 rows=53 cell_width_px=0 cell_height_px=0 render_encoding=SemanticFrame
2026-08-07T18:45:43.194863Z  INFO herdr::logging: pane child exited event="pane.exit" subsystem="pane" outcome="completed" pane_id=1 status="ExitStatus { code: 0, signal: None }"
2026-08-07T18:45:43.204857Z  INFO herdr::pane: pane session terminated pane=1 pid=3275521 signal=Hangup
2026-08-07T18:45:43.205077Z  INFO herdr::logging: spawning pane terminal event="pane.spawn.start" subsystem="pane" outcome="started" pane_id=2 rows=52 cols=206 scrollback_limit_bytes=10000000
2026-08-07T18:45:43.207608Z  INFO herdr::logging: pane child spawned event="pane.spawned" subsystem="pane" outcome="ok" pane_id=2 pid=3449447
2026-08-07T18:45:43.207976Z  INFO herdr::logging: workspace created event="workspace.create" subsystem="workspace" outcome="ok" workspace_id="w35" pane_id=2
2026-08-07T18:45:43.208021Z  INFO herdr::logging: workspace focused event="workspace.focus" subsystem="workspace" outcome="ok" workspace_id="w35"
2026-08-07T18:45:43.208042Z  INFO herdr::logging: tab focused event="tab.focus" subsystem="tab" outcome="ok" workspace_id="w35" tab_id="w35:t1"
2026-08-07T18:45:44.769257Z  INFO herdr::server::headless: client detach requested via keybind client_id=4
2026-08-07T18:45:44.778264Z  INFO herdr::server::headless: client disconnected client_id=4
2026-08-07T18:45:48.209645Z  INFO herdr::logging: session saved event="persist.save" subsystem="persist" outcome="ok" path=/home/morehush/.config/herdr/session.json workspaces=1
2026-08-07T19:04:29.605071Z  INFO herdr::logging: checking for updates event="update.check.start" subsystem="update" outcome="started"
2026-08-07T19:34:29.606203Z  INFO herdr::logging: checking for updates event="update.check.start" subsystem="update" outcome="started"
2026-08-07T20:04:29.607187Z  INFO herdr::logging: checking for updates event="update.check.start" subsystem="update" outcome="started"
2026-08-07T20:09:19.761566Z  INFO herdr::server::headless: client connected client_id=6 cols=210 rows=53 cell_width_px=0 cell_height_px=0 render_encoding=TerminalAnsi
2026-08-07T20:09:40.316864Z  INFO herdr::server::headless: client detach requested via keybind client_id=6
2026-08-07T20:09:40.333606Z  INFO herdr::server::headless: client disconnected client_id=6
2026-08-07T20:31:25.000339Z  INFO herdr::server::headless: client connected client_id=8 cols=210 rows=53 cell_width_px=0 cell_height_px=0 render_encoding=TerminalAnsi
2026-08-07T20:34:29.608537Z  INFO herdr::logging: checking for updates event="update.check.start" subsystem="update" outcome="started"
2026-08-07T20:34:51.562908Z  INFO herdr::server::headless: client detach requested via keybind client_id=8
2026-08-07T20:34:51.635147Z  INFO herdr::server::headless: client disconnected client_id=8
2026-08-07T21:04:29.609847Z  INFO herdr::logging: checking for updates event="update.check.start" subsystem="update" outcome="started"
2026-08-07T21:34:29.611401Z  INFO herdr::logging: checking for updates event="update.check.start" subsystem="update" outcome="started"
2026-08-07T21:35:36.293596Z  INFO herdr::server::headless: client connected client_id=10 cols=210 rows=53 cell_width_px=0 cell_height_px=0 render_encoding=TerminalAnsi
2026-08-07T21:35:55.408564Z  INFO herdr::server::headless: client detach requested via keybind client_id=10
2026-08-07T21:35:55.416860Z  INFO herdr::server::headless: client disconnected client_id=10
2026-08-07T22:04:29.612914Z  INFO herdr::logging: checking for updates event="update.check.start" subsystem="update" outcome="started"
2026-08-07T22:16:49.402670Z  INFO herdr::server::headless: client connected client_id=12 cols=210 rows=53 cell_width_px=0 cell_height_px=0 render_encoding=TerminalAnsi
2026-08-07T22:17:05.015440Z  INFO herdr::server::headless: client detach requested via keybind client_id=12
2026-08-07T22:17:05.022319Z  INFO herdr::server::headless: client disconnected client_id=12
2026-08-07T22:34:29.614974Z  INFO herdr::logging: checking for updates event="update.check.start" subsystem="update" outcome="started"
2026-08-07T22:50:39.304794Z  INFO herdr::server::headless: client connected client_id=14 cols=210 rows=53 cell_width_px=0 cell_height_px=0 render_encoding=TerminalAnsi
2026-08-07T22:51:55.413750Z  INFO herdr::server::headless: client detach requested via keybind client_id=14
2026-08-07T22:51:55.422486Z  INFO herdr::server::headless: client disconnected client_id=14
2026-08-07T22:59:53.093552Z  INFO herdr::server::headless: client connected client_id=16 cols=210 rows=53 cell_width_px=0 cell_height_px=0 render_encoding=TerminalAnsi
2026-08-07T23:00:14.860437Z  INFO herdr::logging: pane child exited event="pane.exit" subsystem="pane" outcome="completed" pane_id=2 status="ExitStatus { code: 0, signal: None }"
2026-08-07T23:00:14.866435Z  INFO herdr::pane: pane session terminated pane=2 pid=3449447 signal=Hangup
2026-08-07T23:00:14.866527Z  INFO herdr::logging: spawning pane terminal event="pane.spawn.start" subsystem="pane" outcome="started" pane_id=3 rows=52 cols=206 scrollback_limit_bytes=10000000
2026-08-07T23:00:14.867525Z  INFO herdr::logging: pane child spawned event="pane.spawned" subsystem="pane" outcome="ok" pane_id=3 pid=3630105
2026-08-07T23:00:14.867666Z  INFO herdr::logging: workspace created event="workspace.create" subsystem="workspace" outcome="ok" workspace_id="w36" pane_id=3
2026-08-07T23:00:14.867673Z  INFO herdr::logging: workspace focused event="workspace.focus" subsystem="workspace" outcome="ok" workspace_id="w36"
2026-08-07T23:00:14.867677Z  INFO herdr::logging: tab focused event="tab.focus" subsystem="tab" outcome="ok" workspace_id="w36" tab_id="w36:t1"
2026-08-07T23:00:19.870250Z  INFO herdr::logging: session saved event="persist.save" subsystem="persist" outcome="ok" path=/home/morehush/.config/herdr/session.json workspaces=1
2026-08-07T23:00:33.867999Z  INFO herdr::server::headless: client detach requested via keybind client_id=16
2026-08-07T23:00:33.876027Z  INFO herdr::server::headless: client disconnected client_id=16
2026-08-07T23:04:29.616818Z  INFO herdr::logging: checking for updates event="update.check.start" subsystem="update" outcome="started"
2026-08-07T23:34:29.618665Z  INFO herdr::logging: checking for updates event="update.check.start" subsystem="update" outcome="started"
2026-08-08T00:04:29.619347Z  INFO herdr::logging: checking for updates event="update.check.start" subsystem="update" outcome="started"
2026-08-08T00:34:29.620964Z  INFO herdr::logging: checking for updates event="update.check.start" subsystem="update" outcome="started"
2026-08-08T01:04:29.622710Z  INFO herdr::logging: checking for updates event="update.check.start" subsystem="update" outcome="started"
2026-08-08T01:34:29.624120Z  INFO herdr::logging: checking for updates event="update.check.start" subsystem="update" outcome="started"
2026-08-08T02:04:29.626525Z  INFO herdr::logging: checking for updates event="update.check.start" subsystem="update" outcome="started"
2026-08-08T02:34:29.627374Z  INFO herdr::logging: checking for updates event="update.check.start" subsystem="update" outcome="started"
2026-08-08T03:04:29.628818Z  INFO herdr::logging: checking for updates event="update.check.start" subsystem="update" outcome="started"
2026-08-08T03:34:29.630595Z  INFO herdr::logging: checking for updates event="update.check.start" subsystem="update" outcome="started"
2026-08-08T04:04:29.631777Z  INFO herdr::logging: checking for updates event="update.check.start" subsystem="update" outcome="started"
2026-08-08T04:34:29.634418Z  INFO herdr::logging: checking for updates event="update.check.start" subsystem="update" outcome="started"
2026-08-08T05:04:29.635662Z  INFO herdr::logging: checking for updates event="update.check.start" subsystem="update" outcome="started"
2026-08-08T05:34:29.636122Z  INFO herdr::logging: checking for updates event="update.check.start" subsystem="update" outcome="started"
2026-08-08T06:04:29.643933Z  INFO herdr::logging: checking for updates event="update.check.start" subsystem="update" outcome="started"
2026-08-08T06:34:29.638769Z  INFO herdr::logging: checking for updates event="update.check.start" subsystem="update" outcome="started"
2026-08-08T07:04:29.640870Z  INFO herdr::logging: checking for updates event="update.check.start" subsystem="update" outcome="started"
2026-08-08T07:34:29.642756Z  INFO herdr::logging: checking for updates event="update.check.start" subsystem="update" outcome="started"
2026-08-08T08:04:29.644783Z  INFO herdr::logging: checking for updates event="update.check.start" subsystem="update" outcome="started"
2026-08-08T08:34:29.647016Z  INFO herdr::logging: checking for updates event="update.check.start" subsystem="update" outcome="started"
2026-08-08T09:04:29.648584Z  INFO herdr::logging: checking for updates event="update.check.start" subsystem="update" outcome="started"
2026-08-08T09:34:29.649704Z  INFO herdr::logging: checking for updates event="update.check.start" subsystem="update" outcome="started"
2026-08-08T10:04:29.651071Z  INFO herdr::logging: checking for updates event="update.check.start" subsystem="update" outcome="started"
2026-08-08T10:34:29.652805Z  INFO herdr::logging: checking for updates event="update.check.start" subsystem="update" outcome="started"
2026-08-08T11:04:29.654057Z  INFO herdr::logging: checking for updates event="update.check.start" subsystem="update" outcome="started"
2026-08-08T11:34:29.655652Z  INFO herdr::logging: checking for updates event="update.check.start" subsystem="update" outcome="started"
2026-08-08T12:04:29.656422Z  INFO herdr::logging: checking for updates event="update.check.start" subsystem="update" outcome="started"
2026-08-08T12:23:31.483674Z  INFO herdr::server::headless: client connected client_id=18 cols=210 rows=53 cell_width_px=0 cell_height_px=0 render_encoding=TerminalAnsi
2026-08-08T12:25:20.909798Z  INFO herdr::server::headless: client detach requested via keybind client_id=18
2026-08-08T12:25:20.915002Z  INFO herdr::server::headless: client disconnected client_id=18
2026-08-08T12:34:29.657718Z  INFO herdr::logging: checking for updates event="update.check.start" subsystem="update" outcome="started"
2026-08-08T13:04:29.659280Z  INFO herdr::logging: checking for updates event="update.check.start" subsystem="update" outcome="started"
2026-08-08T13:07:21.523373Z  INFO herdr::server::headless: client connected client_id=20 cols=210 rows=53 cell_width_px=0 cell_height_px=0 render_encoding=SemanticFrame
2026-08-08T13:07:57.703206Z  INFO herdr::logging: pane child exited event="pane.exit" subsystem="pane" outcome="completed" pane_id=3 status="ExitStatus { code: 0, signal: None }"
2026-08-08T13:07:57.715352Z  INFO herdr::pane: pane session terminated pane=3 pid=3630105 signal=Hangup
2026-08-08T13:07:57.716224Z  INFO herdr::logging: spawning pane terminal event="pane.spawn.start" subsystem="pane" outcome="started" pane_id=4 rows=52 cols=206 scrollback_limit_bytes=10000000
2026-08-08T13:07:57.718929Z  INFO herdr::logging: pane child spawned event="pane.spawned" subsystem="pane" outcome="ok" pane_id=4 pid=14392
2026-08-08T13:07:57.719386Z  INFO herdr::logging: workspace created event="workspace.create" subsystem="workspace" outcome="ok" workspace_id="w37" pane_id=4
2026-08-08T13:07:57.719423Z  INFO herdr::logging: workspace focused event="workspace.focus" subsystem="workspace" outcome="ok" workspace_id="w37"
2026-08-08T13:07:57.719441Z  INFO herdr::logging: tab focused event="tab.focus" subsystem="tab" outcome="ok" workspace_id="w37" tab_id="w37:t1"
2026-08-08T13:07:59.498968Z  INFO herdr::server::headless: client detach requested via keybind client_id=20
2026-08-08T13:07:59.508175Z  INFO herdr::server::headless: client disconnected client_id=20
2026-08-08T13:08:02.722222Z  INFO herdr::logging: session saved event="persist.save" subsystem="persist" outcome="ok" path=/home/morehush/.config/herdr/session.json workspaces=1
2026-08-08T13:34:29.660324Z  INFO herdr::logging: checking for updates event="update.check.start" subsystem="update" outcome="started"
2026-08-08T14:04:29.661482Z  INFO herdr::logging: checking for updates event="update.check.start" subsystem="update" outcome="started"
2026-08-08T14:34:29.662491Z  INFO herdr::logging: checking for updates event="update.check.start" subsystem="update" outcome="started"
2026-08-08T15:04:29.663442Z  INFO herdr::logging: checking for updates event="update.check.start" subsystem="update" outcome="started"
2026-08-08T15:34:29.664010Z  INFO herdr::logging: checking for updates event="update.check.start" subsystem="update" outcome="started"
2026-08-08T16:04:29.665159Z  INFO herdr::logging: checking for updates event="update.check.start" subsystem="update" outcome="started"
2026-08-08T16:34:29.666253Z  INFO herdr::logging: checking for updates event="update.check.start" subsystem="update" outcome="started"
2026-08-08T17:04:29.667751Z  INFO herdr::logging: checking for updates event="update.check.start" subsystem="update" outcome="started"
2026-08-08T17:34:29.669040Z  INFO herdr::logging: checking for updates event="update.check.start" subsystem="update" outcome="started"
2026-08-08T18:04:29.670205Z  INFO herdr::logging: checking for updates event="update.check.start" subsystem="update" outcome="started"
2026-08-08T18:34:29.671376Z  INFO herdr::logging: checking for updates event="update.check.start" subsystem="update" outcome="started"
2026-08-08T19:04:29.673184Z  INFO herdr::logging: checking for updates event="update.check.start" subsystem="update" outcome="started"
2026-08-08T19:34:29.674191Z  INFO herdr::logging: checking for updates event="update.check.start" subsystem="update" outcome="started"
2026-08-08T20:04:29.675189Z  INFO herdr::logging: checking for updates event="update.check.start" subsystem="update" outcome="started"
2026-08-08T20:34:29.676748Z  INFO herdr::logging: checking for updates event="update.check.start" subsystem="update" outcome="started"
2026-08-08T21:04:29.677941Z  INFO herdr::logging: checking for updates event="update.check.start" subsystem="update" outcome="started"
2026-08-08T21:17:12.065582Z  INFO herdr::server::headless: client connected client_id=22 cols=210 rows=53 cell_width_px=0 cell_height_px=0 render_encoding=TerminalAnsi
2026-08-08T21:17:32.036964Z  INFO herdr::server::headless: client detach requested via keybind client_id=22
2026-08-08T21:17:32.042554Z  INFO herdr::server::headless: client disconnected client_id=22
2026-08-08T21:34:29.679750Z  INFO herdr::logging: checking for updates event="update.check.start" subsystem="update" outcome="started"
2026-08-08T22:04:29.680442Z  INFO herdr::logging: checking for updates event="update.check.start" subsystem="update" outcome="started"
2026-08-08T22:34:29.681132Z  INFO herdr::logging: checking for updates event="update.check.start" subsystem="update" outcome="started"
2026-08-08T23:04:29.682635Z  INFO herdr::logging: checking for updates event="update.check.start" subsystem="update" outcome="started"
2026-08-08T23:34:29.683526Z  INFO herdr::logging: checking for updates event="update.check.start" subsystem="update" outcome="started"
2026-08-09T00:04:29.684283Z  INFO herdr::logging: checking for updates event="update.check.start" subsystem="update" outcome="started"
2026-08-09T00:19:03.367843Z  INFO herdr::server::headless: client connected client_id=24 cols=210 rows=53 cell_width_px=0 cell_height_px=0 render_encoding=TerminalAnsi
2026-08-09T00:19:10.444801Z  INFO herdr::server::headless: client detach requested via keybind client_id=24
2026-08-09T00:19:10.453393Z  INFO herdr::server::headless: client disconnected client_id=24
2026-08-09T00:34:29.685416Z  INFO herdr::logging: checking for updates event="update.check.start" subsystem="update" outcome="started"
2026-08-09T00:46:31.581687Z  INFO herdr::server::headless: client connected client_id=26 cols=210 rows=53 cell_width_px=0 cell_height_px=0 render_encoding=TerminalAnsi
2026-08-09T00:46:48.899514Z  INFO herdr::server::headless: client detach requested via keybind client_id=26
2026-08-09T00:46:48.903630Z  INFO herdr::server::headless: client disconnected client_id=26
2026-08-09T01:04:29.686929Z  INFO herdr::logging: checking for updates event="update.check.start" subsystem="update" outcome="started"
2026-08-09T01:34:29.688863Z  INFO herdr::logging: checking for updates event="update.check.start" subsystem="update" outcome="started"
2026-08-09T02:04:29.690709Z  INFO herdr::logging: checking for updates event="update.check.start" subsystem="update" outcome="started"
2026-08-09T02:34:29.692869Z  INFO herdr::logging: checking for updates event="update.check.start" subsystem="update" outcome="started"
2026-08-09T03:04:29.695386Z  INFO herdr::logging: checking for updates event="update.check.start" subsystem="update" outcome="started"
2026-08-09T03:34:29.697022Z  INFO herdr::logging: checking for updates event="update.check.start" subsystem="update" outcome="started"
2026-08-09T04:04:29.698753Z  INFO herdr::logging: checking for updates event="update.check.start" subsystem="update" outcome="started"
2026-08-09T04:34:29.701175Z  INFO herdr::logging: checking for updates event="update.check.start" subsystem="update" outcome="started"
2026-08-09T05:04:29.702624Z  INFO herdr::logging: checking for updates event="update.check.start" subsystem="update" outcome="started"
2026-08-09T05:34:29.704355Z  INFO herdr::logging: checking for updates event="update.check.start" subsystem="update" outcome="started"
2026-08-09T06:04:29.704916Z  INFO herdr::logging: checking for updates event="update.check.start" subsystem="update" outcome="started"
2026-08-09T06:34:29.706559Z  INFO herdr::logging: checking for updates event="update.check.start" subsystem="update" outcome="started"
2026-08-09T07:04:29.707403Z  INFO herdr::logging: checking for updates event="update.check.start" subsystem="update" outcome="started"
2026-08-09T07:34:29.708721Z  INFO herdr::logging: checking for updates event="update.check.start" subsystem="update" outcome="started"
2026-08-09T08:04:29.710770Z  INFO herdr::logging: checking for updates event="update.check.start" subsystem="update" outcome="started"
2026-08-09T08:34:29.712467Z  INFO herdr::logging: checking for updates event="update.check.start" subsystem="update" outcome="started"
2026-08-09T09:04:29.713983Z  INFO herdr::logging: checking for updates event="update.check.start" subsystem="update" outcome="started"
2026-08-09T09:34:29.716020Z  INFO herdr::logging: checking for updates event="update.check.start" subsystem="update" outcome="started"
2026-08-09T10:04:29.717870Z  INFO herdr::logging: checking for updates event="update.check.start" subsystem="update" outcome="started"
2026-08-09T10:34:29.719481Z  INFO herdr::logging: checking for updates event="update.check.start" subsystem="update" outcome="started"
2026-08-09T11:04:29.720754Z  INFO herdr::logging: checking for updates event="update.check.start" subsystem="update" outcome="started"
2026-08-09T11:34:29.722758Z  INFO herdr::logging: checking for updates event="update.check.start" subsystem="update" outcome="started"
2026-08-09T12:04:29.724944Z  INFO herdr::logging: checking for updates event="update.check.start" subsystem="update" outcome="started"
2026-08-09T12:34:29.726207Z  INFO herdr::logging: checking for updates event="update.check.start" subsystem="update" outcome="started"
2026-08-09T12:43:44.454138Z  INFO herdr::server::headless: client connected client_id=28 cols=210 rows=53 cell_width_px=0 cell_height_px=0 render_encoding=TerminalAnsi
2026-08-09T12:44:19.267614Z  INFO herdr::logging: pane child exited event="pane.exit" subsystem="pane" outcome="completed" pane_id=4 status="ExitStatus { code: 0, signal: None }"
2026-08-09T12:44:19.274761Z  INFO herdr::pane: pane session terminated pane=4 pid=14392 signal=Hangup
2026-08-09T12:44:19.275769Z  INFO herdr::logging: spawning pane terminal event="pane.spawn.start" subsystem="pane" outcome="started" pane_id=5 rows=52 cols=206 scrollback_limit_bytes=10000000
2026-08-09T12:44:19.278884Z  INFO herdr::logging: pane child spawned event="pane.spawned" subsystem="pane" outcome="ok" pane_id=5 pid=995796
2026-08-09T12:44:19.279262Z  INFO herdr::logging: workspace created event="workspace.create" subsystem="workspace" outcome="ok" workspace_id="w38" pane_id=5
2026-08-09T12:44:19.279476Z  INFO herdr::logging: workspace focused event="workspace.focus" subsystem="workspace" outcome="ok" workspace_id="w38"
2026-08-09T12:44:19.279644Z  INFO herdr::logging: tab focused event="tab.focus" subsystem="tab" outcome="ok" workspace_id="w38" tab_id="w38:t1"
2026-08-09T12:44:21.118307Z  INFO herdr::server::headless: client detach requested via keybind client_id=28
2026-08-09T12:44:21.134061Z  INFO herdr::server::headless: client disconnected client_id=28
2026-08-09T12:44:24.295091Z  INFO herdr::logging: session saved event="persist.save" subsystem="persist" outcome="ok" path=/home/morehush/.config/herdr/session.json workspaces=1
2026-08-09T12:44:34.181036Z  INFO herdr::server::headless: server shutdown initiated
2026-08-09T12:44:34.231264Z  INFO herdr::server::headless: completing server shutdown
2026-08-09T12:44:34.231818Z  INFO herdr::logging: session saved event="persist.save" subsystem="persist" outcome="ok" path=/home/morehush/.config/herdr/session.json workspaces=1
2026-08-09T12:44:34.231871Z  INFO herdr::server::headless: headless server exiting
2026-08-09T12:44:34.233256Z  INFO herdr::logging: pane child exited event="pane.exit" subsystem="pane" outcome="completed" pane_id=5 status="ExitStatus { code: 1, signal: Some(\"Hangup\") }"
2026-08-09T12:44:34.238662Z  INFO herdr::pane: pane session terminated pane=5 pid=995796 signal=Hangup
2026-08-09T12:44:34.239909Z  INFO herdr::logging: herdr exiting event="app.shutdown" subsystem="server" outcome="completed" pid=3275507
2026-08-10T14:59:00.121608Z  INFO herdr::api::server: api server listening path=/home/morehush/.config/herdr/herdr.sock
2026-08-10T14:59:00.127818Z  INFO herdr::logging: spawning pane terminal event="pane.spawn.start" subsystem="pane" outcome="started" pane_id=1 rows=24 cols=80 scrollback_limit_bytes=10000000
2026-08-10T14:59:00.130849Z  INFO herdr::logging: pane child spawned event="pane.spawned" subsystem="pane" outcome="ok" pane_id=1 pid=2490338
2026-08-10T14:59:00.132349Z  INFO herdr::logging: session restore evaluated event="persist.restore" subsystem="persist" outcome="ok" workspaces=1
2026-08-10T14:59:00.132654Z  INFO herdr::app: using pane scrollback configuration pane_scrollback_limit_bytes=10000000
2026-08-10T14:59:00.208551Z  INFO herdr::logging: checking for updates event="update.check.start" subsystem="update" outcome="started"
2026-08-10T14:59:00.210518Z  INFO herdr::server::headless: restored session already has workspaces; ignoring startup cwd cwd=/home/morehush
2026-08-10T14:59:00.210610Z  INFO herdr::server::headless: client protocol socket listening path=/home/morehush/.config/herdr/herdr-client.sock
2026-08-10T14:59:00.210668Z  INFO herdr::server::headless: herdr server started api_socket=/home/morehush/.config/herdr/herdr.sock client_socket=/home/morehush/.config/herdr/herdr-client.sock
2026-08-10T14:59:00.211949Z  INFO herdr::logging: herdr starting event="app.startup" subsystem="server" outcome="started" pid=2490324
2026-08-10T14:59:00.229601Z  INFO herdr::server::headless: client connected client_id=2 cols=210 rows=53 cell_width_px=0 cell_height_px=0 render_encoding=SemanticFrame
2026-08-10T15:29:00.210388Z  INFO herdr::logging: checking for updates event="update.check.start" subsystem="update" outcome="started"
2026-08-10T15:57:50.001480Z  INFO herdr::logging: pane child exited event="pane.exit" subsystem="pane" outcome="completed" pane_id=1 status="ExitStatus { code: 0, signal: None }"
2026-08-10T15:57:50.008417Z  INFO herdr::pane: pane session terminated pane=1 pid=2490338 signal=Hangup
2026-08-10T15:57:50.008614Z  INFO herdr::logging: spawning pane terminal event="pane.spawn.start" subsystem="pane" outcome="started" pane_id=2 rows=52 cols=206 scrollback_limit_bytes=10000000
2026-08-10T15:57:50.009522Z  INFO herdr::logging: pane child spawned event="pane.spawned" subsystem="pane" outcome="ok" pane_id=2 pid=2549973
2026-08-10T15:57:50.009643Z  INFO herdr::logging: workspace created event="workspace.create" subsystem="workspace" outcome="ok" workspace_id="w39" pane_id=2
2026-08-10T15:57:50.009652Z  INFO herdr::logging: workspace focused event="workspace.focus" subsystem="workspace" outcome="ok" workspace_id="w39"
2026-08-10T15:57:50.009657Z  INFO herdr::logging: tab focused event="tab.focus" subsystem="tab" outcome="ok" workspace_id="w39" tab_id="w39:t1"
2026-08-10T15:57:51.650586Z  INFO herdr::server::headless: client detach requested via keybind client_id=2
2026-08-10T15:57:51.660948Z  INFO herdr::server::headless: client disconnected client_id=2
2026-08-10T15:57:55.012622Z  INFO herdr::logging: session saved event="persist.save" subsystem="persist" outcome="ok" path=/home/morehush/.config/herdr/session.json workspaces=1
2026-08-10T15:59:00.211494Z  INFO herdr::logging: checking for updates event="update.check.start" subsystem="update" outcome="started"
2026-08-10T16:29:00.212791Z  INFO herdr::logging: checking for updates event="update.check.start" subsystem="update" outcome="started"
2026-08-10T16:56:03.934347Z  INFO herdr::server::headless: client connected client_id=4 cols=210 rows=53 cell_width_px=0 cell_height_px=0 render_encoding=TerminalAnsi
2026-08-10T16:59:00.213467Z  INFO herdr::logging: checking for updates event="update.check.start" subsystem="update" outcome="started"
2026-08-10T17:29:00.214467Z  INFO herdr::logging: checking for updates event="update.check.start" subsystem="update" outcome="started"
2026-08-10T17:59:00.215577Z  INFO herdr::logging: checking for updates event="update.check.start" subsystem="update" outcome="started"
2026-08-10T18:29:00.217185Z  INFO herdr::logging: checking for updates event="update.check.start" subsystem="update" outcome="started"
2026-08-10T18:34:35.826839Z  INFO herdr::logging: pane child exited event="pane.exit" subsystem="pane" outcome="completed" pane_id=2 status="ExitStatus { code: 0, signal: None }"
2026-08-10T18:34:35.841739Z  INFO herdr::pane: pane session terminated pane=2 pid=2549973 signal=Hangup
2026-08-10T18:34:35.842696Z  INFO herdr::logging: spawning pane terminal event="pane.spawn.start" subsystem="pane" outcome="started" pane_id=3 rows=52 cols=206 scrollback_limit_bytes=10000000
2026-08-10T18:34:35.845797Z  INFO herdr::logging: pane child spawned event="pane.spawned" subsystem="pane" outcome="ok" pane_id=3 pid=2725426
2026-08-10T18:34:35.846269Z  INFO herdr::logging: workspace created event="workspace.create" subsystem="workspace" outcome="ok" workspace_id="w3A" pane_id=3
2026-08-10T18:34:35.846313Z  INFO herdr::logging: workspace focused event="workspace.focus" subsystem="workspace" outcome="ok" workspace_id="w3A"
2026-08-10T18:34:35.846336Z  INFO herdr::logging: tab focused event="tab.focus" subsystem="tab" outcome="ok" workspace_id="w3A" tab_id="w3A:t1"
2026-08-10T18:34:37.058136Z  INFO herdr::server::headless: client detach requested via keybind client_id=4
2026-08-10T18:34:37.072218Z  INFO herdr::server::headless: client disconnected client_id=4
2026-08-10T18:34:40.868043Z  INFO herdr::logging: session saved event="persist.save" subsystem="persist" outcome="ok" path=/home/morehush/.config/herdr/session.json workspaces=1
2026-08-10T18:59:00.219050Z  INFO herdr::logging: checking for updates event="update.check.start" subsystem="update" outcome="started"
2026-08-10T19:29:00.220871Z  INFO herdr::logging: checking for updates event="update.check.start" subsystem="update" outcome="started"
2026-08-10T19:59:00.222094Z  INFO herdr::logging: checking for updates event="update.check.start" subsystem="update" outcome="started"
2026-08-10T20:29:00.223404Z  INFO herdr::logging: checking for updates event="update.check.start" subsystem="update" outcome="started"
2026-08-10T20:59:00.224298Z  INFO herdr::logging: checking for updates event="update.check.start" subsystem="update" outcome="started"
2026-08-10T21:27:37.670351Z  INFO herdr::server::headless: client connected client_id=6 cols=210 rows=53 cell_width_px=0 cell_height_px=0 render_encoding=SemanticFrame
2026-08-10T21:27:54.365531Z  INFO herdr::server::headless: client detach requested via keybind client_id=6
2026-08-10T21:27:54.374931Z  INFO herdr::server::headless: client disconnected client_id=6
2026-08-10T21:29:00.226139Z  INFO herdr::logging: checking for updates event="update.check.start" subsystem="update" outcome="started"
2026-08-10T21:38:07.234398Z  INFO herdr::server::headless: client connected client_id=8 cols=210 rows=53 cell_width_px=0 cell_height_px=0 render_encoding=TerminalAnsi
2026-08-10T21:38:21.570315Z  INFO herdr::server::headless: client detach requested via keybind client_id=8
2026-08-10T21:38:21.575447Z  INFO herdr::server::headless: client disconnected client_id=8
2026-08-10T21:59:00.228039Z  INFO herdr::logging: checking for updates event="update.check.start" subsystem="update" outcome="started"
2026-08-10T22:29:00.230482Z  INFO herdr::logging: checking for updates event="update.check.start" subsystem="update" outcome="started"
2026-08-10T22:59:00.232493Z  INFO herdr::logging: checking for updates event="update.check.start" subsystem="update" outcome="started"
2026-08-10T23:29:00.234060Z  INFO herdr::logging: checking for updates event="update.check.start" subsystem="update" outcome="started"
2026-08-10T23:59:00.235501Z  INFO herdr::logging: checking for updates event="update.check.start" subsystem="update" outcome="started"
2026-08-11T00:29:00.236646Z  INFO herdr::logging: checking for updates event="update.check.start" subsystem="update" outcome="started"
2026-08-11T00:59:00.237654Z  INFO herdr::logging: checking for updates event="update.check.start" subsystem="update" outcome="started"
2026-08-11T01:29:00.239054Z  INFO herdr::logging: checking for updates event="update.check.start" subsystem="update" outcome="started"
2026-08-11T01:59:00.240455Z  INFO herdr::logging: checking for updates event="update.check.start" subsystem="update" outcome="started"
2026-08-11T02:29:00.241397Z  INFO herdr::logging: checking for updates event="update.check.start" subsystem="update" outcome="started"
2026-08-11T02:59:00.242822Z  INFO herdr::logging: checking for updates event="update.check.start" subsystem="update" outcome="started"
2026-08-11T03:29:00.243878Z  INFO herdr::logging: checking for updates event="update.check.start" subsystem="update" outcome="started"
2026-08-11T03:59:00.245661Z  INFO herdr::logging: checking for updates event="update.check.start" subsystem="update" outcome="started"
2026-08-11T04:29:00.246795Z  INFO herdr::logging: checking for updates event="update.check.start" subsystem="update" outcome="started"
2026-08-11T04:59:00.247544Z  INFO herdr::logging: checking for updates event="update.check.start" subsystem="update" outcome="started"
2026-08-11T05:29:00.249223Z  INFO herdr::logging: checking for updates event="update.check.start" subsystem="update" outcome="started"
2026-08-11T05:59:00.251000Z  INFO herdr::logging: checking for updates event="update.check.start" subsystem="update" outcome="started"
2026-08-11T06:29:00.253494Z  INFO herdr::logging: checking for updates event="update.check.start" subsystem="update" outcome="started"
2026-08-11T06:59:00.255108Z  INFO herdr::logging: checking for updates event="update.check.start" subsystem="update" outcome="started"
2026-08-11T07:29:00.257234Z  INFO herdr::logging: checking for updates event="update.check.start" subsystem="update" outcome="started"
2026-08-11T07:59:00.268122Z  INFO herdr::logging: checking for updates event="update.check.start" subsystem="update" outcome="started"
2026-08-11T08:29:00.259385Z  INFO herdr::logging: checking for updates event="update.check.start" subsystem="update" outcome="started"
2026-08-11T08:59:00.260942Z  INFO herdr::logging: checking for updates event="update.check.start" subsystem="update" outcome="started"
2026-08-11T09:29:00.261681Z  INFO herdr::logging: checking for updates event="update.check.start" subsystem="update" outcome="started"
2026-08-11T09:59:00.262591Z  INFO herdr::logging: checking for updates event="update.check.start" subsystem="update" outcome="started"
2026-08-11T10:08:49.707087Z  INFO herdr::server::headless: client connected client_id=10 cols=210 rows=53 cell_width_px=0 cell_height_px=0 render_encoding=TerminalAnsi
2026-08-11T10:09:26.445491Z  INFO herdr::server::headless: client detach requested via keybind client_id=10
2026-08-11T10:09:26.454259Z  INFO herdr::server::headless: client disconnected client_id=10
2026-08-11T10:29:00.264155Z  INFO herdr::logging: checking for updates event="update.check.start" subsystem="update" outcome="started"
2026-08-11T10:59:00.266228Z  INFO herdr::logging: checking for updates event="update.check.start" subsystem="update" outcome="started"
2026-08-11T11:05:41.318141Z  INFO herdr::server::headless: client connected client_id=12 cols=210 rows=53 cell_width_px=0 cell_height_px=0 render_encoding=TerminalAnsi
2026-08-11T11:10:47.078411Z  INFO herdr::logging: pane child exited event="pane.exit" subsystem="pane" outcome="completed" pane_id=3 status="ExitStatus { code: 0, signal: None }"
2026-08-11T11:10:47.082397Z  INFO herdr::pane: pane session terminated pane=3 pid=2725426 signal=Hangup
2026-08-11T11:10:47.083092Z  INFO herdr::logging: spawning pane terminal event="pane.spawn.start" subsystem="pane" outcome="started" pane_id=4 rows=52 cols=206 scrollback_limit_bytes=10000000
2026-08-11T11:10:47.085983Z  INFO herdr::logging: pane child spawned event="pane.spawned" subsystem="pane" outcome="ok" pane_id=4 pid=3533824
2026-08-11T11:10:47.086447Z  INFO herdr::logging: workspace created event="workspace.create" subsystem="workspace" outcome="ok" workspace_id="w3B" pane_id=4
2026-08-11T11:10:47.086482Z  INFO herdr::logging: workspace focused event="workspace.focus" subsystem="workspace" outcome="ok" workspace_id="w3B"
2026-08-11T11:10:47.086498Z  INFO herdr::logging: tab focused event="tab.focus" subsystem="tab" outcome="ok" workspace_id="w3B" tab_id="w3B:t1"
2026-08-11T11:10:48.767125Z  INFO herdr::server::headless: client detach requested via keybind client_id=12
2026-08-11T11:10:48.776244Z  INFO herdr::server::headless: client disconnected client_id=12
2026-08-11T11:10:52.096068Z  INFO herdr::logging: session saved event="persist.save" subsystem="persist" outcome="ok" path=/home/morehush/.config/herdr/session.json workspaces=1
2026-08-11T11:29:00.267457Z  INFO herdr::logging: checking for updates event="update.check.start" subsystem="update" outcome="started"
2026-08-11T11:50:03.800897Z  INFO herdr::server::headless: client connected client_id=14 cols=210 rows=53 cell_width_px=0 cell_height_px=0 render_encoding=TerminalAnsi
2026-08-11T11:50:13.623192Z  INFO herdr::logging: pane child exited event="pane.exit" subsystem="pane" outcome="completed" pane_id=4 status="ExitStatus { code: 0, signal: None }"
2026-08-11T11:50:13.627172Z  INFO herdr::pane: pane session terminated pane=4 pid=3533824 signal=Hangup
2026-08-11T11:50:13.627576Z  INFO herdr::logging: spawning pane terminal event="pane.spawn.start" subsystem="pane" outcome="started" pane_id=5 rows=52 cols=206 scrollback_limit_bytes=10000000
2026-08-11T11:50:13.629405Z  INFO herdr::logging: pane child spawned event="pane.spawned" subsystem="pane" outcome="ok" pane_id=5 pid=3578988
2026-08-11T11:50:13.629768Z  INFO herdr::logging: workspace created event="workspace.create" subsystem="workspace" outcome="ok" workspace_id="w3C" pane_id=5
2026-08-11T11:50:13.629789Z  INFO herdr::logging: workspace focused event="workspace.focus" subsystem="workspace" outcome="ok" workspace_id="w3C"
2026-08-11T11:50:13.629932Z  INFO herdr::logging: tab focused event="tab.focus" subsystem="tab" outcome="ok" workspace_id="w3C" tab_id="w3C:t1"
2026-08-11T11:50:15.273836Z  INFO herdr::server::headless: client detach requested via keybind client_id=14
2026-08-11T11:50:15.283212Z  INFO herdr::server::headless: client disconnected client_id=14
2026-08-11T11:50:18.631999Z  INFO herdr::logging: session saved event="persist.save" subsystem="persist" outcome="ok" path=/home/morehush/.config/herdr/session.json workspaces=1
2026-08-11T11:59:00.268730Z  INFO herdr::logging: checking for updates event="update.check.start" subsystem="update" outcome="started"
2026-08-11T12:29:00.270125Z  INFO herdr::logging: checking for updates event="update.check.start" subsystem="update" outcome="started"
2026-08-11T12:59:00.271435Z  INFO herdr::logging: checking for updates event="update.check.start" subsystem="update" outcome="started"
2026-08-11T13:29:00.272233Z  INFO herdr::logging: checking for updates event="update.check.start" subsystem="update" outcome="started"
2026-08-11T13:59:00.273993Z  INFO herdr::logging: checking for updates event="update.check.start" subsystem="update" outcome="started"
2026-08-11T14:29:00.275347Z  INFO herdr::logging: checking for updates event="update.check.start" subsystem="update" outcome="started"
2026-08-11T14:59:00.276315Z  INFO herdr::logging: checking for updates event="update.check.start" subsystem="update" outcome="started"
2026-08-11T15:29:00.277275Z  INFO herdr::logging: checking for updates event="update.check.start" subsystem="update" outcome="started"
2026-08-11T15:59:00.278985Z  INFO herdr::logging: checking for updates event="update.check.start" subsystem="update" outcome="started"
2026-08-11T16:03:24.803109Z  INFO herdr::server::headless: client connected client_id=16 cols=210 rows=53 cell_width_px=0 cell_height_px=0 render_encoding=TerminalAnsi
2026-08-11T16:20:39.818412Z  INFO herdr::server::headless: client resize client_id=16 cols=210 rows=55 cell_width_px=0 cell_height_px=0
2026-08-11T16:20:40.312431Z  INFO herdr::server::headless: client resize client_id=16 cols=210 rows=53 cell_width_px=0 cell_height_px=0
2026-08-11T16:29:00.280419Z  INFO herdr::logging: checking for updates event="update.check.start" subsystem="update" outcome="started"
2026-08-11T16:40:37.250646Z  INFO herdr::server::headless: client detach requested via keybind client_id=16
2026-08-11T16:40:37.256194Z  INFO herdr::server::headless: client disconnected client_id=16
2026-08-11T16:59:00.281724Z  INFO herdr::logging: checking for updates event="update.check.start" subsystem="update" outcome="started"
2026-08-11T17:29:00.282521Z  INFO herdr::logging: checking for updates event="update.check.start" subsystem="update" outcome="started"
2026-08-11T17:59:00.283384Z  INFO herdr::logging: checking for updates event="update.check.start" subsystem="update" outcome="started"
2026-08-11T18:29:00.284478Z  INFO herdr::logging: checking for updates event="update.check.start" subsystem="update" outcome="started"
2026-08-11T18:59:00.285932Z  INFO herdr::logging: checking for updates event="update.check.start" subsystem="update" outcome="started"
2026-08-11T19:29:00.288209Z  INFO herdr::logging: checking for updates event="update.check.start" subsystem="update" outcome="started"
2026-08-11T19:43:09.116659Z  INFO herdr::server::headless: client connected client_id=18 cols=210 rows=53 cell_width_px=0 cell_height_px=0 render_encoding=TerminalAnsi
2026-08-11T19:44:00.929297Z  INFO herdr::server::headless: client detach requested via keybind client_id=18
2026-08-11T19:44:00.938144Z  INFO herdr::server::headless: client disconnected client_id=18
2026-08-11T19:59:00.290190Z  INFO herdr::logging: checking for updates event="update.check.start" subsystem="update" outcome="started"
2026-08-11T20:29:00.291703Z  INFO herdr::logging: checking for updates event="update.check.start" subsystem="update" outcome="started"
2026-08-11T20:59:00.293056Z  INFO herdr::logging: checking for updates event="update.check.start" subsystem="update" outcome="started"
2026-08-11T21:29:00.295299Z  INFO herdr::logging: checking for updates event="update.check.start" subsystem="update" outcome="started"
2026-08-11T21:59:00.296306Z  INFO herdr::logging: checking for updates event="update.check.start" subsystem="update" outcome="started"
2026-08-11T22:29:00.297879Z  INFO herdr::logging: checking for updates event="update.check.start" subsystem="update" outcome="started"
2026-08-11T22:59:00.299218Z  INFO herdr::logging: checking for updates event="update.check.start" subsystem="update" outcome="started"
2026-08-11T23:29:00.301033Z  INFO herdr::logging: checking for updates event="update.check.start" subsystem="update" outcome="started"
2026-08-11T23:59:00.302622Z  INFO herdr::logging: checking for updates event="update.check.start" subsystem="update" outcome="started"
2026-08-12T00:19:47.072615Z  INFO herdr::server::headless: client connected client_id=20 cols=210 rows=53 cell_width_px=0 cell_height_px=0 render_encoding=TerminalAnsi
2026-08-12T00:20:04.925462Z  INFO herdr::server::headless: client detach requested via keybind client_id=20
2026-08-12T00:20:04.935860Z  INFO herdr::server::headless: client disconnected client_id=20
2026-08-12T00:20:09.717214Z  INFO herdr::server::headless: client connected client_id=22 cols=210 rows=53 cell_width_px=0 cell_height_px=0 render_encoding=TerminalAnsi
2026-08-12T00:20:16.728414Z  INFO herdr::server::headless: client detach requested via keybind client_id=22
2026-08-12T00:20:16.732412Z  INFO herdr::server::headless: client disconnected client_id=22
2026-08-12T00:29:00.304482Z  INFO herdr::logging: checking for updates event="update.check.start" subsystem="update" outcome="started"
2026-08-12T00:59:00.306501Z  INFO herdr::logging: checking for updates event="update.check.start" subsystem="update" outcome="started"
2026-08-12T01:29:00.307560Z  INFO herdr::logging: checking for updates event="update.check.start" subsystem="update" outcome="started"
2026-08-12T01:59:00.308573Z  INFO herdr::logging: checking for updates event="update.check.start" subsystem="update" outcome="started"
2026-08-12T02:29:00.310105Z  INFO herdr::logging: checking for updates event="update.check.start" subsystem="update" outcome="started"
2026-08-12T02:59:00.311303Z  INFO herdr::logging: checking for updates event="update.check.start" subsystem="update" outcome="started"
2026-08-12T03:29:00.313303Z  INFO herdr::logging: checking for updates event="update.check.start" subsystem="update" outcome="started"
2026-08-12T03:59:00.315676Z  INFO herdr::logging: checking for updates event="update.check.start" subsystem="update" outcome="started"
2026-08-12T04:29:00.316469Z  INFO herdr::logging: checking for updates event="update.check.start" subsystem="update" outcome="started"
2026-08-12T04:59:00.317690Z  INFO herdr::logging: checking for updates event="update.check.start" subsystem="update" outcome="started"
2026-08-12T05:29:00.318879Z  INFO herdr::logging: checking for updates event="update.check.start" subsystem="update" outcome="started"
2026-08-12T05:59:00.319976Z  INFO herdr::logging: checking for updates event="update.check.start" subsystem="update" outcome="started"
2026-08-12T06:29:00.321574Z  INFO herdr::logging: checking for updates event="update.check.start" subsystem="update" outcome="started"
2026-08-12T06:59:00.322496Z  INFO herdr::logging: checking for updates event="update.check.start" subsystem="update" outcome="started"
2026-08-12T07:29:00.324054Z  INFO herdr::logging: checking for updates event="update.check.start" subsystem="update" outcome="started"
2026-08-12T07:59:00.325283Z  INFO herdr::logging: checking for updates event="update.check.start" subsystem="update" outcome="started"
2026-08-12T08:29:00.327329Z  INFO herdr::logging: checking for updates event="update.check.start" subsystem="update" outcome="started"
2026-08-12T08:59:00.329062Z  INFO herdr::logging: checking for updates event="update.check.start" subsystem="update" outcome="started"
2026-08-12T09:29:00.331080Z  INFO herdr::logging: checking for updates event="update.check.start" subsystem="update" outcome="started"
2026-08-12T09:59:00.332609Z  INFO herdr::logging: checking for updates event="update.check.start" subsystem="update" outcome="started"
2026-08-12T10:28:34.656127Z  INFO herdr::server::headless: client connected client_id=24 cols=210 rows=53 cell_width_px=0 cell_height_px=0 render_encoding=TerminalAnsi
2026-08-12T10:28:48.156328Z  INFO herdr::server::headless: client detach requested via keybind client_id=24
2026-08-12T10:28:48.165978Z  INFO herdr::server::headless: client disconnected client_id=24
2026-08-12T10:29:00.333810Z  INFO herdr::logging: checking for updates event="update.check.start" subsystem="update" outcome="started"
2026-08-12T10:59:00.334397Z  INFO herdr::logging: checking for updates event="update.check.start" subsystem="update" outcome="started"
2026-08-12T11:29:00.335597Z  INFO herdr::logging: checking for updates event="update.check.start" subsystem="update" outcome="started"
2026-08-12T11:35:56.978392Z  INFO herdr::server::headless: client connected client_id=26 cols=210 rows=53 cell_width_px=0 cell_height_px=0 render_encoding=TerminalAnsi
2026-08-12T11:37:35.189883Z  INFO herdr::logging: pane child exited event="pane.exit" subsystem="pane" outcome="completed" pane_id=5 status="ExitStatus { code: 0, signal: None }"
2026-08-12T11:37:35.204792Z  INFO herdr::pane: pane session terminated pane=5 pid=3578988 signal=Hangup
2026-08-12T11:37:35.206120Z  INFO herdr::logging: spawning pane terminal event="pane.spawn.start" subsystem="pane" outcome="started" pane_id=6 rows=52 cols=206 scrollback_limit_bytes=10000000
2026-08-12T11:37:35.209543Z  INFO herdr::logging: pane child spawned event="pane.spawned" subsystem="pane" outcome="ok" pane_id=6 pid=589058
2026-08-12T11:37:35.210200Z  INFO herdr::logging: workspace created event="workspace.create" subsystem="workspace" outcome="ok" workspace_id="w3D" pane_id=6
2026-08-12T11:37:35.210460Z  INFO herdr::logging: workspace focused event="workspace.focus" subsystem="workspace" outcome="ok" workspace_id="w3D"
2026-08-12T11:37:35.210620Z  INFO herdr::logging: tab focused event="tab.focus" subsystem="tab" outcome="ok" workspace_id="w3D" tab_id="w3D:t1"
2026-08-12T11:37:36.151304Z  INFO herdr::server::headless: client detach requested via keybind client_id=26
2026-08-12T11:37:36.160592Z  INFO herdr::server::headless: client disconnected client_id=26
2026-08-12T11:37:40.224196Z  INFO herdr::logging: session saved event="persist.save" subsystem="persist" outcome="ok" path=/home/morehush/.config/herdr/session.json workspaces=1
2026-08-12T11:59:00.336222Z  INFO herdr::logging: checking for updates event="update.check.start" subsystem="update" outcome="started"
2026-08-12T12:22:10.890679Z  INFO herdr::server::headless: client connected client_id=28 cols=210 rows=53 cell_width_px=0 cell_height_px=0 render_encoding=TerminalAnsi
2026-08-12T12:22:34.925681Z  INFO herdr::server::headless: client detach requested via keybind client_id=28
2026-08-12T12:22:34.931412Z  INFO herdr::server::headless: client disconnected client_id=28
2026-08-12T12:29:00.337842Z  INFO herdr::logging: checking for updates event="update.check.start" subsystem="update" outcome="started"
2026-08-12T12:33:13.204053Z  INFO herdr::server::headless: client connected client_id=30 cols=210 rows=53 cell_width_px=0 cell_height_px=0 render_encoding=TerminalAnsi
2026-08-12T12:33:30.429583Z  INFO herdr::server::headless: client detach requested via keybind client_id=30
2026-08-12T12:33:30.435704Z  INFO herdr::server::headless: client disconnected client_id=30
2026-08-12T12:59:00.340624Z  INFO herdr::logging: checking for updates event="update.check.start" subsystem="update" outcome="started"
2026-08-12T13:29:00.342369Z  INFO herdr::logging: checking for updates event="update.check.start" subsystem="update" outcome="started"
2026-08-12T13:59:00.343395Z  INFO herdr::logging: checking for updates event="update.check.start" subsystem="update" outcome="started"
2026-08-12T14:19:01.909324Z  INFO herdr::server::headless: client connected client_id=32 cols=210 rows=53 cell_width_px=0 cell_height_px=0 render_encoding=TerminalAnsi
2026-08-12T14:29:00.344092Z  INFO herdr::logging: checking for updates event="update.check.start" subsystem="update" outcome="started"
2026-08-12T14:59:00.345481Z  INFO herdr::logging: checking for updates event="update.check.start" subsystem="update" outcome="started"
2026-08-12T15:29:00.347370Z  INFO herdr::logging: checking for updates event="update.check.start" subsystem="update" outcome="started"
2026-08-12T15:59:00.349219Z  INFO herdr::logging: checking for updates event="update.check.start" subsystem="update" outcome="started"
2026-08-12T16:09:48.144082Z  INFO herdr::logging: pane child exited event="pane.exit" subsystem="pane" outcome="completed" pane_id=6 status="ExitStatus { code: 0, signal: None }"
2026-08-12T16:09:48.158645Z  INFO herdr::pane: pane session terminated pane=6 pid=589058 signal=Hangup
2026-08-12T16:09:48.159252Z  INFO herdr::logging: spawning pane terminal event="pane.spawn.start" subsystem="pane" outcome="started" pane_id=7 rows=52 cols=206 scrollback_limit_bytes=10000000
2026-08-12T16:09:48.161755Z  INFO herdr::logging: pane child spawned event="pane.spawned" subsystem="pane" outcome="ok" pane_id=7 pid=842819
2026-08-12T16:09:48.162791Z  INFO herdr::logging: workspace created event="workspace.create" subsystem="workspace" outcome="ok" workspace_id="w3E" pane_id=7
2026-08-12T16:09:48.163065Z  INFO herdr::logging: workspace focused event="workspace.focus" subsystem="workspace" outcome="ok" workspace_id="w3E"
2026-08-12T16:09:48.163259Z  INFO herdr::logging: tab focused event="tab.focus" subsystem="tab" outcome="ok" workspace_id="w3E" tab_id="w3E:t1"
2026-08-12T16:09:49.499297Z  INFO herdr::server::headless: client detach requested via keybind client_id=32
2026-08-12T16:09:49.505181Z  INFO herdr::server::headless: client disconnected client_id=32
2026-08-12T16:09:53.182594Z  INFO herdr::logging: session saved event="persist.save" subsystem="persist" outcome="ok" path=/home/morehush/.config/herdr/session.json workspaces=1
2026-08-12T16:29:00.350746Z  INFO herdr::logging: checking for updates event="update.check.start" subsystem="update" outcome="started"
2026-08-12T16:59:00.351504Z  INFO herdr::logging: checking for updates event="update.check.start" subsystem="update" outcome="started"
2026-08-12T17:29:00.352417Z  INFO herdr::logging: checking for updates event="update.check.start" subsystem="update" outcome="started"
2026-08-12T17:59:00.353841Z  INFO herdr::logging: checking for updates event="update.check.start" subsystem="update" outcome="started"
2026-08-12T18:29:00.354875Z  INFO herdr::logging: checking for updates event="update.check.start" subsystem="update" outcome="started"
2026-08-12T18:59:00.356404Z  INFO herdr::logging: checking for updates event="update.check.start" subsystem="update" outcome="started"
2026-08-12T19:29:00.357812Z  INFO herdr::logging: checking for updates event="update.check.start" subsystem="update" outcome="started"
2026-08-12T19:43:02.083044Z  INFO herdr::server::headless: client connected client_id=34 cols=210 rows=53 cell_width_px=0 cell_height_px=0 render_encoding=TerminalAnsi
2026-08-12T19:43:17.846410Z  INFO herdr::server::headless: client detach requested via keybind client_id=34
2026-08-12T19:43:17.855077Z  INFO herdr::server::headless: client disconnected client_id=34
2026-08-12T19:59:00.359168Z  INFO herdr::logging: checking for updates event="update.check.start" subsystem="update" outcome="started"
2026-08-12T20:29:00.361198Z  INFO herdr::logging: checking for updates event="update.check.start" subsystem="update" outcome="started"
2026-08-12T20:59:00.362599Z  INFO herdr::logging: checking for updates event="update.check.start" subsystem="update" outcome="started"
2026-08-12T21:29:00.364039Z  INFO herdr::logging: checking for updates event="update.check.start" subsystem="update" outcome="started"
2026-08-12T21:59:00.365411Z  INFO herdr::logging: checking for updates event="update.check.start" subsystem="update" outcome="started"
2026-08-12T22:09:18.159678Z  INFO herdr::server::headless: client connected client_id=36 cols=210 rows=53 cell_width_px=0 cell_height_px=0 render_encoding=TerminalAnsi
2026-08-12T22:29:00.366334Z  INFO herdr::logging: checking for updates event="update.check.start" subsystem="update" outcome="started"
2026-08-12T22:32:27.518558Z  INFO herdr::server::headless: client detach requested via keybind client_id=36
2026-08-12T22:32:27.595587Z  INFO herdr::server::headless: client disconnected client_id=36
2026-08-12T22:59:00.367155Z  INFO herdr::logging: checking for updates event="update.check.start" subsystem="update" outcome="started"
2026-08-12T23:29:00.368982Z  INFO herdr::logging: checking for updates event="update.check.start" subsystem="update" outcome="started"
2026-08-12T23:59:00.370746Z  INFO herdr::logging: checking for updates event="update.check.start" subsystem="update" outcome="started"
2026-08-13T00:29:00.371354Z  INFO herdr::logging: checking for updates event="update.check.start" subsystem="update" outcome="started"
2026-08-13T00:29:00.455640Z  WARN herdr::detect::manifest_update: skipping unknown remote manifest agent agent="qwen"
2026-08-13T00:59:00.373023Z  INFO herdr::logging: checking for updates event="update.check.start" subsystem="update" outcome="started"
2026-08-13T00:59:00.565692Z  WARN herdr::detect::manifest_update: skipping unknown remote manifest agent agent="qwen"
2026-08-13T01:29:00.374581Z  INFO herdr::logging: checking for updates event="update.check.start" subsystem="update" outcome="started"
2026-08-13T01:29:00.470304Z  WARN herdr::detect::manifest_update: skipping unknown remote manifest agent agent="qwen"
2026-08-13T01:59:00.375563Z  INFO herdr::logging: checking for updates event="update.check.start" subsystem="update" outcome="started"
2026-08-13T01:59:00.472879Z  WARN herdr::detect::manifest_update: skipping unknown remote manifest agent agent="qwen"
2026-08-13T02:29:00.377136Z  INFO herdr::logging: checking for updates event="update.check.start" subsystem="update" outcome="started"
2026-08-13T02:29:00.482094Z  WARN herdr::detect::manifest_update: skipping unknown remote manifest agent agent="qwen"
2026-08-13T02:59:00.378596Z  INFO herdr::logging: checking for updates event="update.check.start" subsystem="update" outcome="started"
2026-08-13T02:59:00.484971Z  WARN herdr::detect::manifest_update: skipping unknown remote manifest agent agent="qwen"
2026-08-13T03:29:00.379628Z  INFO herdr::logging: checking for updates event="update.check.start" subsystem="update" outcome="started"
2026-08-13T03:29:00.461310Z  WARN herdr::detect::manifest_update: skipping unknown remote manifest agent agent="qwen"
2026-08-13T03:59:00.380705Z  INFO herdr::logging: checking for updates event="update.check.start" subsystem="update" outcome="started"
2026-08-13T03:59:00.489251Z  WARN herdr::detect::manifest_update: skipping unknown remote manifest agent agent="qwen"
2026-08-13T04:29:00.381933Z  INFO herdr::logging: checking for updates event="update.check.start" subsystem="update" outcome="started"
2026-08-13T04:29:00.461142Z  WARN herdr::detect::manifest_update: skipping unknown remote manifest agent agent="qwen"
2026-08-13T04:59:00.383263Z  INFO herdr::logging: checking for updates event="update.check.start" subsystem="update" outcome="started"
2026-08-13T04:59:00.476323Z  WARN herdr::detect::manifest_update: skipping unknown remote manifest agent agent="qwen"
2026-08-13T05:29:00.384566Z  INFO herdr::logging: checking for updates event="update.check.start" subsystem="update" outcome="started"
2026-08-13T05:29:00.480741Z  WARN herdr::detect::manifest_update: skipping unknown remote manifest agent agent="qwen"
2026-08-13T05:59:00.385264Z  INFO herdr::logging: checking for updates event="update.check.start" subsystem="update" outcome="started"
2026-08-13T05:59:00.461917Z  WARN herdr::detect::manifest_update: skipping unknown remote manifest agent agent="qwen"
2026-08-13T06:29:00.387252Z  INFO herdr::logging: checking for updates event="update.check.start" subsystem="update" outcome="started"
2026-08-13T06:29:00.539697Z  WARN herdr::detect::manifest_update: skipping unknown remote manifest agent agent="qwen"
2026-08-13T06:59:00.388757Z  INFO herdr::logging: checking for updates event="update.check.start" subsystem="update" outcome="started"
2026-08-13T06:59:00.488699Z  WARN herdr::detect::manifest_update: skipping unknown remote manifest agent agent="qwen"
2026-08-13T07:29:00.389413Z  INFO herdr::logging: checking for updates event="update.check.start" subsystem="update" outcome="started"
2026-08-13T07:29:00.461893Z  WARN herdr::detect::manifest_update: skipping unknown remote manifest agent agent="qwen"
2026-08-13T07:59:00.390515Z  INFO herdr::logging: checking for updates event="update.check.start" subsystem="update" outcome="started"
2026-08-13T07:59:00.479274Z  WARN herdr::detect::manifest_update: skipping unknown remote manifest agent agent="qwen"
2026-08-13T08:29:00.391834Z  INFO herdr::logging: checking for updates event="update.check.start" subsystem="update" outcome="started"
2026-08-13T08:29:00.491159Z  WARN herdr::detect::manifest_update: skipping unknown remote manifest agent agent="qwen"
2026-08-13T08:59:00.392589Z  INFO herdr::logging: checking for updates event="update.check.start" subsystem="update" outcome="started"
2026-08-13T08:59:00.470718Z  WARN herdr::detect::manifest_update: skipping unknown remote manifest agent agent="qwen"
2026-08-13T09:29:00.393740Z  INFO herdr::logging: checking for updates event="update.check.start" subsystem="update" outcome="started"
2026-08-13T09:29:00.473158Z  WARN herdr::detect::manifest_update: skipping unknown remote manifest agent agent="qwen"
2026-08-13T09:59:00.394825Z  INFO herdr::logging: checking for updates event="update.check.start" subsystem="update" outcome="started"
2026-08-13T09:59:00.477146Z  WARN herdr::detect::manifest_update: skipping unknown remote manifest agent agent="qwen"
2026-08-13T10:29:00.396275Z  INFO herdr::logging: checking for updates event="update.check.start" subsystem="update" outcome="started"
2026-08-13T10:29:00.477085Z  WARN herdr::detect::manifest_update: skipping unknown remote manifest agent agent="qwen"
2026-08-13T10:59:00.397898Z  INFO herdr::logging: checking for updates event="update.check.start" subsystem="update" outcome="started"
2026-08-13T10:59:00.508718Z  WARN herdr::detect::manifest_update: skipping unknown remote manifest agent agent="qwen"
2026-08-13T11:29:00.399347Z  INFO herdr::logging: checking for updates event="update.check.start" subsystem="update" outcome="started"
2026-08-13T11:29:00.488767Z  WARN herdr::detect::manifest_update: skipping unknown remote manifest agent agent="qwen"
2026-08-13T11:49:08.177590Z  INFO herdr::server::headless: client connected client_id=38 cols=210 rows=53 cell_width_px=0 cell_height_px=0 render_encoding=TerminalAnsi
2026-08-13T11:49:31.241237Z  INFO herdr::server::headless: client detach requested via keybind client_id=38
2026-08-13T11:49:31.249517Z  INFO herdr::server::headless: client disconnected client_id=38
2026-08-13T11:59:00.401151Z  INFO herdr::logging: checking for updates event="update.check.start" subsystem="update" outcome="started"
2026-08-13T11:59:00.480433Z  WARN herdr::detect::manifest_update: skipping unknown remote manifest agent agent="qwen"
2026-08-13T12:09:54.382538Z  INFO herdr::server::headless: client connected client_id=40 cols=210 rows=53 cell_width_px=0 cell_height_px=0 render_encoding=TerminalAnsi
2026-08-13T12:29:00.402575Z  INFO herdr::logging: checking for updates event="update.check.start" subsystem="update" outcome="started"
2026-08-13T12:29:00.484623Z  WARN herdr::detect::manifest_update: skipping unknown remote manifest agent agent="qwen"
2026-08-13T12:30:40.505311Z  INFO herdr::server::headless: client detach requested via keybind client_id=40
2026-08-13T12:30:40.510417Z  INFO herdr::server::headless: client disconnected client_id=40
2026-08-13T12:59:00.404440Z  INFO herdr::logging: checking for updates event="update.check.start" subsystem="update" outcome="started"
2026-08-13T12:59:00.464970Z  WARN herdr::detect::manifest_update: skipping unknown remote manifest agent agent="qwen"
2026-08-13T13:26:49.627424Z  INFO herdr::server::headless: client connected client_id=42 cols=210 rows=53 cell_width_px=0 cell_height_px=0 render_encoding=TerminalAnsi
2026-08-13T13:29:00.405585Z  INFO herdr::logging: checking for updates event="update.check.start" subsystem="update" outcome="started"
2026-08-13T13:29:00.502928Z  WARN herdr::detect::manifest_update: skipping unknown remote manifest agent agent="qwen"
2026-08-13T13:34:29.976702Z  INFO herdr::logging: pane child exited event="pane.exit" subsystem="pane" outcome="completed" pane_id=7 status="ExitStatus { code: 0, signal: None }"
2026-08-13T13:34:29.992124Z  INFO herdr::pane: pane session terminated pane=7 pid=842819 signal=Hangup
2026-08-13T13:34:29.992392Z  INFO herdr::logging: spawning pane terminal event="pane.spawn.start" subsystem="pane" outcome="started" pane_id=8 rows=52 cols=206 scrollback_limit_bytes=10000000
2026-08-13T13:34:29.995334Z  INFO herdr::logging: pane child spawned event="pane.spawned" subsystem="pane" outcome="ok" pane_id=8 pid=1916418
2026-08-13T13:34:29.995775Z  INFO herdr::logging: workspace created event="workspace.create" subsystem="workspace" outcome="ok" workspace_id="w3F" pane_id=8
2026-08-13T13:34:29.995813Z  INFO herdr::logging: workspace focused event="workspace.focus" subsystem="workspace" outcome="ok" workspace_id="w3F"
2026-08-13T13:34:29.996009Z  INFO herdr::logging: tab focused event="tab.focus" subsystem="tab" outcome="ok" workspace_id="w3F" tab_id="w3F:t1"
2026-08-13T13:34:31.073476Z  INFO herdr::server::headless: client detach requested via keybind client_id=42
2026-08-13T13:34:31.082111Z  INFO herdr::server::headless: client disconnected client_id=42
2026-08-13T13:34:35.013970Z  INFO herdr::logging: session saved event="persist.save" subsystem="persist" outcome="ok" path=/home/morehush/.config/herdr/session.json workspaces=1
2026-08-13T13:59:00.406421Z  INFO herdr::logging: checking for updates event="update.check.start" subsystem="update" outcome="started"
2026-08-13T13:59:00.495674Z  WARN herdr::detect::manifest_update: skipping unknown remote manifest agent agent="qwen"
2026-08-13T14:29:00.407705Z  INFO herdr::logging: checking for updates event="update.check.start" subsystem="update" outcome="started"
2026-08-13T14:29:00.486845Z  WARN herdr::detect::manifest_update: skipping unknown remote manifest agent agent="qwen"
2026-08-13T14:59:00.409159Z  INFO herdr::logging: checking for updates event="update.check.start" subsystem="update" outcome="started"
2026-08-13T14:59:00.497262Z  WARN herdr::detect::manifest_update: skipping unknown remote manifest agent agent="qwen"
2026-08-13T15:27:34.033069Z  INFO herdr::server::headless: client connected client_id=44 cols=210 rows=53 cell_width_px=0 cell_height_px=0 render_encoding=TerminalAnsi
2026-08-13T15:28:07.004985Z  INFO herdr::server::headless: client detach requested via keybind client_id=44
2026-08-13T15:28:07.013639Z  INFO herdr::server::headless: client disconnected client_id=44
2026-08-13T15:29:00.410475Z  INFO herdr::logging: checking for updates event="update.check.start" subsystem="update" outcome="started"
2026-08-13T15:29:00.493013Z  WARN herdr::detect::manifest_update: skipping unknown remote manifest agent agent="qwen"
2026-08-13T15:59:00.411628Z  INFO herdr::logging: checking for updates event="update.check.start" subsystem="update" outcome="started"
2026-08-13T15:59:00.508892Z  WARN herdr::detect::manifest_update: skipping unknown remote manifest agent agent="qwen"
2026-08-13T16:29:00.412557Z  INFO herdr::logging: checking for updates event="update.check.start" subsystem="update" outcome="started"
2026-08-13T16:29:00.488977Z  WARN herdr::detect::manifest_update: skipping unknown remote manifest agent agent="qwen"
2026-08-13T16:59:00.414433Z  INFO herdr::logging: checking for updates event="update.check.start" subsystem="update" outcome="started"
2026-08-13T16:59:00.495560Z  WARN herdr::detect::manifest_update: skipping unknown remote manifest agent agent="qwen"
2026-08-13T17:29:00.415535Z  INFO herdr::logging: checking for updates event="update.check.start" subsystem="update" outcome="started"
2026-08-13T17:29:00.511570Z  WARN herdr::detect::manifest_update: skipping unknown remote manifest agent agent="qwen"
2026-08-13T17:39:15.992649Z  INFO herdr::server::headless: client connected client_id=46 cols=210 rows=53 cell_width_px=0 cell_height_px=0 render_encoding=TerminalAnsi
2026-08-13T17:39:40.486350Z  INFO herdr::logging: pane child exited event="pane.exit" subsystem="pane" outcome="completed" pane_id=8 status="ExitStatus { code: 0, signal: None }"
2026-08-13T17:39:40.499345Z  INFO herdr::pane: pane session terminated pane=8 pid=1916418 signal=Hangup
2026-08-13T17:39:40.499494Z  INFO herdr::logging: spawning pane terminal event="pane.spawn.start" subsystem="pane" outcome="started" pane_id=9 rows=52 cols=206 scrollback_limit_bytes=10000000
2026-08-13T17:39:40.502242Z  INFO herdr::logging: pane child spawned event="pane.spawned" subsystem="pane" outcome="ok" pane_id=9 pid=2200266
2026-08-13T17:39:40.502619Z  INFO herdr::logging: workspace created event="workspace.create" subsystem="workspace" outcome="ok" workspace_id="w3G" pane_id=9
2026-08-13T17:39:40.502646Z  INFO herdr::logging: workspace focused event="workspace.focus" subsystem="workspace" outcome="ok" workspace_id="w3G"
2026-08-13T17:39:40.502664Z  INFO herdr::logging: tab focused event="tab.focus" subsystem="tab" outcome="ok" workspace_id="w3G" tab_id="w3G:t1"
2026-08-13T17:39:45.514186Z  INFO herdr::logging: session saved event="persist.save" subsystem="persist" outcome="ok" path=/home/morehush/.config/herdr/session.json workspaces=1
2026-08-13T17:40:16.252516Z  INFO herdr::server::headless: client detach requested via keybind client_id=46
2026-08-13T17:40:16.262092Z  INFO herdr::server::headless: client disconnected client_id=46
2026-08-13T17:59:00.416266Z  INFO herdr::logging: checking for updates event="update.check.start" subsystem="update" outcome="started"
2026-08-13T17:59:00.498692Z  WARN herdr::detect::manifest_update: skipping unknown remote manifest agent agent="qwen"
2026-08-13T18:29:00.417640Z  INFO herdr::logging: checking for updates event="update.check.start" subsystem="update" outcome="started"
2026-08-13T18:29:00.527902Z  WARN herdr::detect::manifest_update: skipping unknown remote manifest agent agent="qwen"
2026-08-13T18:59:00.418944Z  INFO herdr::logging: checking for updates event="update.check.start" subsystem="update" outcome="started"
2026-08-13T18:59:00.487136Z  WARN herdr::detect::manifest_update: skipping unknown remote manifest agent agent="qwen"
2026-08-13T18:59:41.811865Z  INFO herdr::server::headless: client connected client_id=48 cols=210 rows=53 cell_width_px=0 cell_height_px=0 render_encoding=TerminalAnsi
2026-08-13T18:59:55.665083Z  INFO herdr::server::headless: client detach requested via keybind client_id=48
2026-08-13T18:59:55.673815Z  INFO herdr::server::headless: client disconnected client_id=48
2026-08-13T19:29:00.420118Z  INFO herdr::logging: checking for updates event="update.check.start" subsystem="update" outcome="started"
2026-08-13T19:29:00.485089Z  WARN herdr::detect::manifest_update: skipping unknown remote manifest agent agent="qwen"
2026-08-13T19:59:00.421932Z  INFO herdr::logging: checking for updates event="update.check.start" subsystem="update" outcome="started"
2026-08-13T19:59:00.499967Z  WARN herdr::detect::manifest_update: skipping unknown remote manifest agent agent="qwen"
2026-08-13T20:29:00.423691Z  INFO herdr::logging: checking for updates event="update.check.start" subsystem="update" outcome="started"
2026-08-13T20:29:00.512068Z  WARN herdr::detect::manifest_update: skipping unknown remote manifest agent agent="qwen"
2026-08-13T20:59:00.424994Z  INFO herdr::logging: checking for updates event="update.check.start" subsystem="update" outcome="started"
2026-08-13T20:59:00.526821Z  WARN herdr::detect::manifest_update: skipping unknown remote manifest agent agent="qwen"
2026-08-13T21:29:00.425836Z  INFO herdr::logging: checking for updates event="update.check.start" subsystem="update" outcome="started"
2026-08-13T21:29:00.516106Z  WARN herdr::detect::manifest_update: skipping unknown remote manifest agent agent="qwen"
2026-08-13T21:59:00.426741Z  INFO herdr::logging: checking for updates event="update.check.start" subsystem="update" outcome="started"
2026-08-13T21:59:00.540937Z  WARN herdr::detect::manifest_update: skipping unknown remote manifest agent agent="qwen"
2026-08-13T22:15:02.910770Z  INFO herdr::server::headless: server shutdown initiated
2026-08-13T22:15:02.960989Z  INFO herdr::server::headless: completing server shutdown
2026-08-13T22:15:02.961690Z  INFO herdr::logging: session saved event="persist.save" subsystem="persist" outcome="ok" path=/home/morehush/.config/herdr/session.json workspaces=1
2026-08-13T22:15:02.961734Z  INFO herdr::server::headless: headless server exiting
2026-08-13T22:15:02.963953Z  INFO herdr::logging: pane child exited event="pane.exit" subsystem="pane" outcome="completed" pane_id=9 status="ExitStatus { code: 1, signal: Some(\"Hangup\") }"
2026-08-13T22:15:02.969676Z  INFO herdr::pane: pane session terminated pane=9 pid=2200266 signal=Hangup
2026-08-13T22:15:02.971761Z  INFO herdr::logging: herdr exiting event="app.shutdown" subsystem="server" outcome="completed" pid=2490324
2026-08-14T15:10:01.773761Z  INFO herdr::api::server: api server listening path=/home/morehush/.config/herdr/herdr.sock
2026-08-14T15:10:01.777923Z  INFO herdr::logging: spawning pane terminal event="pane.spawn.start" subsystem="pane" outcome="started" pane_id=1 rows=24 cols=80 scrollback_limit_bytes=10000000
2026-08-14T15:10:01.780897Z  INFO herdr::logging: pane child spawned event="pane.spawned" subsystem="pane" outcome="ok" pane_id=1 pid=3276409
2026-08-14T15:10:01.782442Z  INFO herdr::logging: session restore evaluated event="persist.restore" subsystem="persist" outcome="ok" workspaces=1
2026-08-14T15:10:01.782705Z  INFO herdr::app: using pane scrollback configuration pane_scrollback_limit_bytes=10000000
2026-08-14T15:10:01.858070Z  INFO herdr::logging: checking for updates event="update.check.start" subsystem="update" outcome="started"
2026-08-14T15:10:01.859875Z  INFO herdr::server::headless: restored session already has workspaces; ignoring startup cwd cwd=/home/morehush
2026-08-14T15:10:01.859953Z  INFO herdr::server::headless: client protocol socket listening path=/home/morehush/.config/herdr/herdr-client.sock
2026-08-14T15:10:01.859983Z  INFO herdr::server::headless: herdr server started api_socket=/home/morehush/.config/herdr/herdr.sock client_socket=/home/morehush/.config/herdr/herdr-client.sock
2026-08-14T15:10:01.861021Z  INFO herdr::logging: herdr starting event="app.startup" subsystem="server" outcome="started" pid=3276395
2026-08-14T15:10:01.879154Z  INFO herdr::server::headless: client connected client_id=2 cols=210 rows=53 cell_width_px=0 cell_height_px=0 render_encoding=TerminalAnsi
2026-08-14T15:10:11.015807Z  WARN herdr::detect::manifest_update: skipping unknown remote manifest agent agent="qwen"
2026-08-14T15:10:25.452221Z  INFO herdr::logging: pane child exited event="pane.exit" subsystem="pane" outcome="completed" pane_id=1 status="ExitStatus { code: 0, signal: None }"
2026-08-14T15:10:25.459226Z  INFO herdr::pane: pane session terminated pane=1 pid=3276409 signal=Hangup
2026-08-14T15:10:25.459571Z  INFO herdr::logging: spawning pane terminal event="pane.spawn.start" subsystem="pane" outcome="started" pane_id=2 rows=52 cols=206 scrollback_limit_bytes=10000000
2026-08-14T15:10:25.460668Z  INFO herdr::logging: pane child spawned event="pane.spawned" subsystem="pane" outcome="ok" pane_id=2 pid=3278422
2026-08-14T15:10:25.460833Z  INFO herdr::logging: workspace created event="workspace.create" subsystem="workspace" outcome="ok" workspace_id="w3H" pane_id=2
2026-08-14T15:10:25.460843Z  INFO herdr::logging: workspace focused event="workspace.focus" subsystem="workspace" outcome="ok" workspace_id="w3H"
2026-08-14T15:10:25.460851Z  INFO herdr::logging: tab focused event="tab.focus" subsystem="tab" outcome="ok" workspace_id="w3H" tab_id="w3H:t1"
2026-08-14T15:10:26.896115Z  INFO herdr::server::headless: client detach requested via keybind client_id=2
2026-08-14T15:10:26.904341Z  INFO herdr::server::headless: client disconnected client_id=2
2026-08-14T15:10:30.471353Z  INFO herdr::logging: session saved event="persist.save" subsystem="persist" outcome="ok" path=/home/morehush/.config/herdr/session.json workspaces=1
2026-08-14T15:10:37.554838Z  WARN herdr::logging: update check failed event="update.check.complete" subsystem="update" outcome="error" err="failed to parse update manifest JSON: control character (\\u0000-\\u001F) found while parsing a string at line 469 column 0"
2026-08-14T15:40:01.859725Z  INFO herdr::logging: checking for updates event="update.check.start" subsystem="update" outcome="started"
2026-08-14T15:40:01.967811Z  WARN herdr::detect::manifest_update: skipping unknown remote manifest agent agent="qwen"
2026-08-14T15:54:31.466604Z  INFO herdr::server::headless: client connected client_id=4 cols=210 rows=53 cell_width_px=0 cell_height_px=0 render_encoding=TerminalAnsi
2026-08-14T15:54:51.098089Z  INFO herdr::server::headless: client detach requested via keybind client_id=4
2026-08-14T15:54:51.107221Z  INFO herdr::server::headless: client disconnected client_id=4
2026-08-14T16:10:01.860792Z  INFO herdr::logging: checking for updates event="update.check.start" subsystem="update" outcome="started"
2026-08-14T16:10:01.969535Z  WARN herdr::detect::manifest_update: skipping unknown remote manifest agent agent="qwen"
2026-08-14T16:40:01.862565Z  INFO herdr::logging: checking for updates event="update.check.start" subsystem="update" outcome="started"
2026-08-14T16:40:01.980002Z  WARN herdr::detect::manifest_update: skipping unknown remote manifest agent agent="qwen"
2026-08-14T16:59:19.593304Z  INFO herdr::server::headless: client connected client_id=6 cols=210 rows=53 cell_width_px=0 cell_height_px=0 render_encoding=TerminalAnsi
2026-08-14T16:59:46.619161Z  INFO herdr::server::headless: client detach requested via keybind client_id=6
2026-08-14T16:59:46.628388Z  INFO herdr::server::headless: client disconnected client_id=6
2026-08-14T17:10:01.863237Z  INFO herdr::logging: checking for updates event="update.check.start" subsystem="update" outcome="started"
2026-08-14T17:10:01.969535Z  WARN herdr::detect::manifest_update: skipping unknown remote manifest agent agent="qwen"
2026-08-14T17:12:54.362683Z  INFO herdr::server::headless: client connected client_id=8 cols=210 rows=53 cell_width_px=0 cell_height_px=0 render_encoding=TerminalAnsi
2026-08-14T17:13:00.663803Z  INFO herdr::server::headless: client detach requested via keybind client_id=8
2026-08-14T17:13:00.673387Z  INFO herdr::server::headless: client disconnected client_id=8
2026-08-14T17:40:01.864963Z  INFO herdr::logging: checking for updates event="update.check.start" subsystem="update" outcome="started"
2026-08-14T17:40:01.954166Z  WARN herdr::detect::manifest_update: skipping unknown remote manifest agent agent="qwen"
2026-08-14T18:10:01.866896Z  INFO herdr::logging: checking for updates event="update.check.start" subsystem="update" outcome="started"
2026-08-14T18:10:01.966196Z  WARN herdr::detect::manifest_update: skipping unknown remote manifest agent agent="qwen"
2026-08-14T18:40:01.868803Z  INFO herdr::logging: checking for updates event="update.check.start" subsystem="update" outcome="started"
2026-08-14T18:40:01.967338Z  WARN herdr::detect::manifest_update: skipping unknown remote manifest agent agent="qwen"
2026-08-14T19:10:01.870581Z  INFO herdr::logging: checking for updates event="update.check.start" subsystem="update" outcome="started"
2026-08-14T19:10:01.999202Z  WARN herdr::detect::manifest_update: skipping unknown remote manifest agent agent="qwen"
2026-08-14T19:28:05.007339Z  INFO herdr::server::headless: client connected client_id=10 cols=210 rows=53 cell_width_px=0 cell_height_px=0 render_encoding=TerminalAnsi
2026-08-14T19:28:17.518689Z  INFO herdr::server::headless: client detach requested via keybind client_id=10
2026-08-14T19:28:17.527036Z  INFO herdr::server::headless: client disconnected client_id=10
2026-08-14T19:29:02.283699Z  INFO herdr::server::headless: client connected client_id=12 cols=210 rows=53 cell_width_px=0 cell_height_px=0 render_encoding=TerminalAnsi
2026-08-14T19:29:27.524910Z  INFO herdr::server::headless: client detach requested via keybind client_id=12
2026-08-14T19:29:27.533972Z  INFO herdr::server::headless: client disconnected client_id=12
2026-08-14T19:40:01.871491Z  INFO herdr::logging: checking for updates event="update.check.start" subsystem="update" outcome="started"
2026-08-14T19:40:01.973877Z  WARN herdr::detect::manifest_update: skipping unknown remote manifest agent agent="qwen"
2026-08-14T20:10:01.872752Z  INFO herdr::logging: checking for updates event="update.check.start" subsystem="update" outcome="started"
2026-08-14T20:10:01.956761Z  WARN herdr::detect::manifest_update: skipping unknown remote manifest agent agent="qwen"
2026-08-14T20:40:01.874481Z  INFO herdr::logging: checking for updates event="update.check.start" subsystem="update" outcome="started"
2026-08-14T20:40:01.955992Z  WARN herdr::detect::manifest_update: skipping unknown remote manifest agent agent="qwen"
2026-08-14T21:10:01.875828Z  INFO herdr::logging: checking for updates event="update.check.start" subsystem="update" outcome="started"
2026-08-14T21:10:01.960539Z  WARN herdr::detect::manifest_update: skipping unknown remote manifest agent agent="qwen"
2026-08-14T21:40:01.877698Z  INFO herdr::logging: checking for updates event="update.check.start" subsystem="update" outcome="started"
2026-08-14T21:40:01.993734Z  WARN herdr::detect::manifest_update: skipping unknown remote manifest agent agent="qwen"
2026-08-14T22:10:01.878080Z  INFO herdr::logging: checking for updates event="update.check.start" subsystem="update" outcome="started"
2026-08-14T22:10:01.959683Z  WARN herdr::detect::manifest_update: skipping unknown remote manifest agent agent="qwen"
2026-08-14T22:40:01.880093Z  INFO herdr::logging: checking for updates event="update.check.start" subsystem="update" outcome="started"
2026-08-14T22:40:01.970927Z  WARN herdr::detect::manifest_update: skipping unknown remote manifest agent agent="qwen"
2026-08-14T23:10:01.881242Z  INFO herdr::logging: checking for updates event="update.check.start" subsystem="update" outcome="started"
2026-08-14T23:10:01.982143Z  WARN herdr::detect::manifest_update: skipping unknown remote manifest agent agent="qwen"
2026-08-14T23:40:01.882186Z  INFO herdr::logging: checking for updates event="update.check.start" subsystem="update" outcome="started"
2026-08-14T23:40:01.979999Z  WARN herdr::detect::manifest_update: skipping unknown remote manifest agent agent="qwen"
2026-08-15T00:10:01.883954Z  INFO herdr::logging: checking for updates event="update.check.start" subsystem="update" outcome="started"
2026-08-15T00:10:01.975153Z  WARN herdr::detect::manifest_update: skipping unknown remote manifest agent agent="qwen"
2026-08-15T00:40:01.885351Z  INFO herdr::logging: checking for updates event="update.check.start" subsystem="update" outcome="started"
2026-08-15T00:40:01.942169Z  WARN herdr::detect::manifest_update: skipping unknown remote manifest agent agent="qwen"
2026-08-15T01:10:01.886358Z  INFO herdr::logging: checking for updates event="update.check.start" subsystem="update" outcome="started"
2026-08-15T01:10:01.950760Z  WARN herdr::detect::manifest_update: skipping unknown remote manifest agent agent="qwen"
2026-08-15T01:40:01.887822Z  INFO herdr::logging: checking for updates event="update.check.start" subsystem="update" outcome="started"
2026-08-15T01:40:01.965724Z  WARN herdr::detect::manifest_update: skipping unknown remote manifest agent agent="qwen"
2026-08-15T02:10:01.889062Z  INFO herdr::logging: checking for updates event="update.check.start" subsystem="update" outcome="started"
2026-08-15T02:10:01.983882Z  WARN herdr::detect::manifest_update: skipping unknown remote manifest agent agent="qwen"
2026-08-15T02:40:01.890872Z  INFO herdr::logging: checking for updates event="update.check.start" subsystem="update" outcome="started"
2026-08-15T02:40:02.185456Z  WARN herdr::detect::manifest_update: skipping unknown remote manifest agent agent="qwen"
2026-08-15T03:10:01.892099Z  INFO herdr::logging: checking for updates event="update.check.start" subsystem="update" outcome="started"
2026-08-15T03:10:01.948572Z  WARN herdr::detect::manifest_update: skipping unknown remote manifest agent agent="qwen"
2026-08-15T03:40:01.893436Z  INFO herdr::logging: checking for updates event="update.check.start" subsystem="update" outcome="started"
2026-08-15T03:40:01.977700Z  WARN herdr::detect::manifest_update: skipping unknown remote manifest agent agent="qwen"
2026-08-15T04:10:01.894916Z  INFO herdr::logging: checking for updates event="update.check.start" subsystem="update" outcome="started"
2026-08-15T04:10:01.989135Z  WARN herdr::detect::manifest_update: skipping unknown remote manifest agent agent="qwen"
2026-08-15T04:40:01.897021Z  INFO herdr::logging: checking for updates event="update.check.start" subsystem="update" outcome="started"
2026-08-15T04:40:02.005936Z  WARN herdr::detect::manifest_update: skipping unknown remote manifest agent agent="qwen"
2026-08-15T05:10:01.898590Z  INFO herdr::logging: checking for updates event="update.check.start" subsystem="update" outcome="started"
2026-08-15T05:10:01.992484Z  WARN herdr::detect::manifest_update: skipping unknown remote manifest agent agent="qwen"
2026-08-15T05:40:01.900187Z  INFO herdr::logging: checking for updates event="update.check.start" subsystem="update" outcome="started"
2026-08-15T05:40:02.004759Z  WARN herdr::detect::manifest_update: skipping unknown remote manifest agent agent="qwen"
2026-08-15T06:10:01.902519Z  INFO herdr::logging: checking for updates event="update.check.start" subsystem="update" outcome="started"
2026-08-15T06:10:01.966055Z  WARN herdr::detect::manifest_update: skipping unknown remote manifest agent agent="qwen"
2026-08-15T06:40:01.903372Z  INFO herdr::logging: checking for updates event="update.check.start" subsystem="update" outcome="started"
2026-08-15T06:40:01.999274Z  WARN herdr::detect::manifest_update: skipping unknown remote manifest agent agent="qwen"
2026-08-15T07:10:01.904422Z  INFO herdr::logging: checking for updates event="update.check.start" subsystem="update" outcome="started"
2026-08-15T07:10:02.023955Z  WARN herdr::detect::manifest_update: skipping unknown remote manifest agent agent="qwen"
2026-08-15T07:40:01.905480Z  INFO herdr::logging: checking for updates event="update.check.start" subsystem="update" outcome="started"
2026-08-15T07:40:01.988799Z  WARN herdr::detect::manifest_update: skipping unknown remote manifest agent agent="qwen"
2026-08-15T08:10:01.906402Z  INFO herdr::logging: checking for updates event="update.check.start" subsystem="update" outcome="started"
2026-08-15T08:10:02.009283Z  WARN herdr::detect::manifest_update: skipping unknown remote manifest agent agent="qwen"
2026-08-15T08:40:01.907291Z  INFO herdr::logging: checking for updates event="update.check.start" subsystem="update" outcome="started"
2026-08-15T08:40:01.989316Z  WARN herdr::detect::manifest_update: skipping unknown remote manifest agent agent="qwen"
2026-08-15T09:10:01.908362Z  INFO herdr::logging: checking for updates event="update.check.start" subsystem="update" outcome="started"
2026-08-15T09:10:02.011365Z  WARN herdr::detect::manifest_update: skipping unknown remote manifest agent agent="qwen"
2026-08-15T09:40:01.910131Z  INFO herdr::logging: checking for updates event="update.check.start" subsystem="update" outcome="started"
2026-08-15T09:40:01.996225Z  WARN herdr::detect::manifest_update: skipping unknown remote manifest agent agent="qwen"
2026-08-15T10:10:01.911684Z  INFO herdr::logging: checking for updates event="update.check.start" subsystem="update" outcome="started"
2026-08-15T10:10:02.004959Z  WARN herdr::detect::manifest_update: skipping unknown remote manifest agent agent="qwen"
2026-08-15T10:40:01.912422Z  INFO herdr::logging: checking for updates event="update.check.start" subsystem="update" outcome="started"
2026-08-15T10:40:02.017340Z  WARN herdr::detect::manifest_update: skipping unknown remote manifest agent agent="qwen"
2026-08-15T11:10:01.913514Z  INFO herdr::logging: checking for updates event="update.check.start" subsystem="update" outcome="started"
2026-08-15T11:10:02.006133Z  WARN herdr::detect::manifest_update: skipping unknown remote manifest agent agent="qwen"
2026-08-15T11:40:01.914920Z  INFO herdr::logging: checking for updates event="update.check.start" subsystem="update" outcome="started"
2026-08-15T11:40:02.008212Z  WARN herdr::detect::manifest_update: skipping unknown remote manifest agent agent="qwen"
2026-08-15T11:58:15.360446Z  INFO herdr::server::headless: client connected client_id=14 cols=210 rows=53 cell_width_px=0 cell_height_px=0 render_encoding=TerminalAnsi
2026-08-15T11:58:31.613429Z  INFO herdr::logging: pane child exited event="pane.exit" subsystem="pane" outcome="completed" pane_id=2 status="ExitStatus { code: 0, signal: None }"
2026-08-15T11:58:31.631213Z  INFO herdr::pane: pane session terminated pane=2 pid=3278422 signal=Hangup
2026-08-15T11:58:31.632624Z  INFO herdr::logging: spawning pane terminal event="pane.spawn.start" subsystem="pane" outcome="started" pane_id=3 rows=52 cols=206 scrollback_limit_bytes=10000000
2026-08-15T11:58:31.635881Z  INFO herdr::logging: pane child spawned event="pane.spawned" subsystem="pane" outcome="ok" pane_id=3 pid=116500
2026-08-15T11:58:31.636322Z  INFO herdr::logging: workspace created event="workspace.create" subsystem="workspace" outcome="ok" workspace_id="w3J" pane_id=3
2026-08-15T11:58:31.636353Z  INFO herdr::logging: workspace focused event="workspace.focus" subsystem="workspace" outcome="ok" workspace_id="w3J"
2026-08-15T11:58:31.636545Z  INFO herdr::logging: tab focused event="tab.focus" subsystem="tab" outcome="ok" workspace_id="w3J" tab_id="w3J:t1"
2026-08-15T11:58:33.652073Z  INFO herdr::server::headless: client detach requested via keybind client_id=14
2026-08-15T11:58:33.661207Z  INFO herdr::server::headless: client disconnected client_id=14
2026-08-15T11:58:36.651752Z  INFO herdr::logging: session saved event="persist.save" subsystem="persist" outcome="ok" path=/home/morehush/.config/herdr/session.json workspaces=1
2026-08-15T12:10:01.916919Z  INFO herdr::logging: checking for updates event="update.check.start" subsystem="update" outcome="started"
2026-08-15T12:10:02.011129Z  WARN herdr::detect::manifest_update: skipping unknown remote manifest agent agent="qwen"
2026-08-15T12:40:01.917942Z  INFO herdr::logging: checking for updates event="update.check.start" subsystem="update" outcome="started"
2026-08-15T12:40:02.025508Z  WARN herdr::detect::manifest_update: skipping unknown remote manifest agent agent="qwen"
2026-08-15T13:10:01.919714Z  INFO herdr::logging: checking for updates event="update.check.start" subsystem="update" outcome="started"
2026-08-15T13:10:02.025393Z  WARN herdr::detect::manifest_update: skipping unknown remote manifest agent agent="qwen"
2026-08-15T13:40:01.920210Z  INFO herdr::logging: checking for updates event="update.check.start" subsystem="update" outcome="started"
2026-08-15T13:40:02.018207Z  WARN herdr::detect::manifest_update: skipping unknown remote manifest agent agent="qwen"
2026-08-15T14:10:01.921623Z  INFO herdr::logging: checking for updates event="update.check.start" subsystem="update" outcome="started"
2026-08-15T14:10:02.004595Z  WARN herdr::detect::manifest_update: skipping unknown remote manifest agent agent="qwen"
2026-08-15T14:40:01.922197Z  INFO herdr::logging: checking for updates event="update.check.start" subsystem="update" outcome="started"
2026-08-15T14:40:02.036765Z  WARN herdr::detect::manifest_update: skipping unknown remote manifest agent agent="qwen"
2026-08-15T15:10:01.923331Z  INFO herdr::logging: checking for updates event="update.check.start" subsystem="update" outcome="started"
2026-08-15T15:10:02.012731Z  WARN herdr::detect::manifest_update: skipping unknown remote manifest agent agent="qwen"
2026-08-15T15:40:01.924312Z  INFO herdr::logging: checking for updates event="update.check.start" subsystem="update" outcome="started"
2026-08-15T15:40:02.004058Z  WARN herdr::detect::manifest_update: skipping unknown remote manifest agent agent="qwen"
2026-08-15T16:10:01.925581Z  INFO herdr::logging: checking for updates event="update.check.start" subsystem="update" outcome="started"
2026-08-15T16:10:02.032692Z  WARN herdr::detect::manifest_update: skipping unknown remote manifest agent agent="qwen"
2026-08-15T16:40:01.926548Z  INFO herdr::logging: checking for updates event="update.check.start" subsystem="update" outcome="started"
2026-08-15T16:40:02.019118Z  WARN herdr::detect::manifest_update: skipping unknown remote manifest agent agent="qwen"
2026-08-15T17:10:01.927774Z  INFO herdr::logging: checking for updates event="update.check.start" subsystem="update" outcome="started"
2026-08-15T17:10:02.018028Z  WARN herdr::detect::manifest_update: skipping unknown remote manifest agent agent="qwen"
2026-08-15T17:40:01.929772Z  INFO herdr::logging: checking for updates event="update.check.start" subsystem="update" outcome="started"
2026-08-15T17:40:02.022817Z  WARN herdr::detect::manifest_update: skipping unknown remote manifest agent agent="qwen"
2026-08-15T18:10:01.931640Z  INFO herdr::logging: checking for updates event="update.check.start" subsystem="update" outcome="started"
2026-08-15T18:10:02.016859Z  WARN herdr::detect::manifest_update: skipping unknown remote manifest agent agent="qwen"
2026-08-15T18:40:01.932606Z  INFO herdr::logging: checking for updates event="update.check.start" subsystem="update" outcome="started"
2026-08-15T18:40:02.047630Z  WARN herdr::detect::manifest_update: skipping unknown remote manifest agent agent="qwen"
2026-08-15T19:10:01.934318Z  INFO herdr::logging: checking for updates event="update.check.start" subsystem="update" outcome="started"
2026-08-15T19:10:02.027723Z  WARN herdr::detect::manifest_update: skipping unknown remote manifest agent agent="qwen"
2026-08-15T19:40:01.935480Z  INFO herdr::logging: checking for updates event="update.check.start" subsystem="update" outcome="started"
2026-08-15T19:40:02.052539Z  WARN herdr::detect::manifest_update: skipping unknown remote manifest agent agent="qwen"
2026-08-15T20:10:01.936796Z  INFO herdr::logging: checking for updates event="update.check.start" subsystem="update" outcome="started"
2026-08-15T20:10:02.034656Z  WARN herdr::detect::manifest_update: skipping unknown remote manifest agent agent="qwen"
2026-08-15T20:40:01.938232Z  INFO herdr::logging: checking for updates event="update.check.start" subsystem="update" outcome="started"
2026-08-15T20:40:02.040898Z  WARN herdr::detect::manifest_update: skipping unknown remote manifest agent agent="qwen"
2026-08-15T21:10:01.939780Z  INFO herdr::logging: checking for updates event="update.check.start" subsystem="update" outcome="started"
2026-08-15T21:10:02.037335Z  WARN herdr::detect::manifest_update: skipping unknown remote manifest agent agent="qwen"
2026-08-15T21:40:01.941225Z  INFO herdr::logging: checking for updates event="update.check.start" subsystem="update" outcome="started"
2026-08-15T21:40:02.043802Z  WARN herdr::detect::manifest_update: skipping unknown remote manifest agent agent="qwen"
2026-08-15T22:10:01.942221Z  INFO herdr::logging: checking for updates event="update.check.start" subsystem="update" outcome="started"
2026-08-15T22:10:02.031855Z  WARN herdr::detect::manifest_update: skipping unknown remote manifest agent agent="qwen"
2026-08-15T22:40:01.942831Z  INFO herdr::logging: checking for updates event="update.check.start" subsystem="update" outcome="started"
2026-08-15T22:40:02.049885Z  WARN herdr::detect::manifest_update: skipping unknown remote manifest agent agent="qwen"
2026-08-15T23:10:01.944459Z  INFO herdr::logging: checking for updates event="update.check.start" subsystem="update" outcome="started"
2026-08-15T23:10:02.029068Z  WARN herdr::detect::manifest_update: skipping unknown remote manifest agent agent="qwen"
2026-08-15T23:40:01.945271Z  INFO herdr::logging: checking for updates event="update.check.start" subsystem="update" outcome="started"
2026-08-15T23:40:02.036840Z  WARN herdr::detect::manifest_update: skipping unknown remote manifest agent agent="qwen"
2026-08-16T00:10:01.946196Z  INFO herdr::logging: checking for updates event="update.check.start" subsystem="update" outcome="started"
2026-08-16T00:10:02.094934Z  WARN herdr::detect::manifest_update: skipping unknown remote manifest agent agent="qwen"
2026-08-16T00:40:01.948006Z  INFO herdr::logging: checking for updates event="update.check.start" subsystem="update" outcome="started"
2026-08-16T00:40:02.024443Z  WARN herdr::detect::manifest_update: skipping unknown remote manifest agent agent="qwen"
2026-08-16T00:57:38.201838Z  INFO herdr::server::headless: client connected client_id=16 cols=210 rows=53 cell_width_px=0 cell_height_px=0 render_encoding=TerminalAnsi
2026-08-16T00:57:55.430573Z  INFO herdr::server::headless: client detach requested via keybind client_id=16
2026-08-16T00:57:55.440032Z  INFO herdr::server::headless: client disconnected client_id=16
2026-08-16T01:10:01.949915Z  INFO herdr::logging: checking for updates event="update.check.start" subsystem="update" outcome="started"
2026-08-16T01:10:02.013774Z  WARN herdr::detect::manifest_update: skipping unknown remote manifest agent agent="qwen"
2026-08-16T01:40:01.951049Z  INFO herdr::logging: checking for updates event="update.check.start" subsystem="update" outcome="started"
2026-08-16T01:40:02.071463Z  WARN herdr::detect::manifest_update: skipping unknown remote manifest agent agent="qwen"
2026-08-16T02:10:01.953506Z  INFO herdr::logging: checking for updates event="update.check.start" subsystem="update" outcome="started"
2026-08-16T02:10:02.046189Z  WARN herdr::detect::manifest_update: skipping unknown remote manifest agent agent="qwen"
2026-08-16T02:40:01.955275Z  INFO herdr::logging: checking for updates event="update.check.start" subsystem="update" outcome="started"
2026-08-16T02:40:02.054959Z  WARN herdr::detect::manifest_update: skipping unknown remote manifest agent agent="qwen"
2026-08-16T03:10:01.956334Z  INFO herdr::logging: checking for updates event="update.check.start" subsystem="update" outcome="started"
2026-08-16T03:10:02.018306Z  WARN herdr::detect::manifest_update: skipping unknown remote manifest agent agent="qwen"
2026-08-16T03:40:01.957953Z  INFO herdr::logging: checking for updates event="update.check.start" subsystem="update" outcome="started"
2026-08-16T03:40:02.151930Z  WARN herdr::detect::manifest_update: skipping unknown remote manifest agent agent="qwen"
2026-08-16T04:10:01.959417Z  INFO herdr::logging: checking for updates event="update.check.start" subsystem="update" outcome="started"
2026-08-16T04:10:02.049310Z  WARN herdr::detect::manifest_update: skipping unknown remote manifest agent agent="qwen"
2026-08-16T04:40:01.960857Z  INFO herdr::logging: checking for updates event="update.check.start" subsystem="update" outcome="started"
2026-08-16T04:40:02.061826Z  WARN herdr::detect::manifest_update: skipping unknown remote manifest agent agent="qwen"
2026-08-16T05:10:01.962519Z  INFO herdr::logging: checking for updates event="update.check.start" subsystem="update" outcome="started"
2026-08-16T05:10:02.050730Z  WARN herdr::detect::manifest_update: skipping unknown remote manifest agent agent="qwen"
2026-08-16T05:40:01.963709Z  INFO herdr::logging: checking for updates event="update.check.start" subsystem="update" outcome="started"
2026-08-16T05:40:02.046956Z  WARN herdr::detect::manifest_update: skipping unknown remote manifest agent agent="qwen"
2026-08-16T06:10:01.964795Z  INFO herdr::logging: checking for updates event="update.check.start" subsystem="update" outcome="started"
2026-08-16T06:10:02.056450Z  WARN herdr::detect::manifest_update: skipping unknown remote manifest agent agent="qwen"
2026-08-16T06:40:01.967088Z  INFO herdr::logging: checking for updates event="update.check.start" subsystem="update" outcome="started"
2026-08-16T06:40:02.052396Z  WARN herdr::detect::manifest_update: skipping unknown remote manifest agent agent="qwen"
2026-08-16T07:10:01.968868Z  INFO herdr::logging: checking for updates event="update.check.start" subsystem="update" outcome="started"
2026-08-16T07:10:02.050078Z  WARN herdr::detect::manifest_update: skipping unknown remote manifest agent agent="qwen"
2026-08-16T07:40:01.970859Z  INFO herdr::logging: checking for updates event="update.check.start" subsystem="update" outcome="started"
2026-08-16T07:40:02.053438Z  WARN herdr::detect::manifest_update: skipping unknown remote manifest agent agent="qwen"
2026-08-16T08:10:01.972430Z  INFO herdr::logging: checking for updates event="update.check.start" subsystem="update" outcome="started"
2026-08-16T08:10:02.104541Z  WARN herdr::detect::manifest_update: skipping unknown remote manifest agent agent="qwen"
2026-08-16T08:40:01.974276Z  INFO herdr::logging: checking for updates event="update.check.start" subsystem="update" outcome="started"
2026-08-16T08:40:02.056029Z  WARN herdr::detect::manifest_update: skipping unknown remote manifest agent agent="qwen"
2026-08-16T09:10:01.975453Z  INFO herdr::logging: checking for updates event="update.check.start" subsystem="update" outcome="started"
2026-08-16T09:10:02.071650Z  WARN herdr::detect::manifest_update: skipping unknown remote manifest agent agent="qwen"
2026-08-16T09:40:01.976635Z  INFO herdr::logging: checking for updates event="update.check.start" subsystem="update" outcome="started"
2026-08-16T09:40:02.058125Z  WARN herdr::detect::manifest_update: skipping unknown remote manifest agent agent="qwen"
2026-08-16T10:10:01.977838Z  INFO herdr::logging: checking for updates event="update.check.start" subsystem="update" outcome="started"
2026-08-16T10:10:02.069679Z  WARN herdr::detect::manifest_update: skipping unknown remote manifest agent agent="qwen"
2026-08-16T10:40:01.979795Z  INFO herdr::logging: checking for updates event="update.check.start" subsystem="update" outcome="started"
2026-08-16T10:40:02.076104Z  WARN herdr::detect::manifest_update: skipping unknown remote manifest agent agent="qwen"
2026-08-16T11:10:01.981813Z  INFO herdr::logging: checking for updates event="update.check.start" subsystem="update" outcome="started"
2026-08-16T11:10:02.073471Z  WARN herdr::detect::manifest_update: skipping unknown remote manifest agent agent="qwen"
2026-08-16T11:40:01.983189Z  INFO herdr::logging: checking for updates event="update.check.start" subsystem="update" outcome="started"
2026-08-16T11:40:02.075191Z  WARN herdr::detect::manifest_update: skipping unknown remote manifest agent agent="qwen"
2026-08-16T12:10:01.984944Z  INFO herdr::logging: checking for updates event="update.check.start" subsystem="update" outcome="started"
2026-08-16T12:10:02.076962Z  WARN herdr::detect::manifest_update: skipping unknown remote manifest agent agent="qwen"
2026-08-16T12:40:01.987072Z  INFO herdr::logging: checking for updates event="update.check.start" subsystem="update" outcome="started"
2026-08-16T12:40:02.084046Z  WARN herdr::detect::manifest_update: skipping unknown remote manifest agent agent="qwen"
2026-08-16T12:43:30.200244Z  INFO herdr::server::headless: client connected client_id=18 cols=210 rows=53 cell_width_px=0 cell_height_px=0 render_encoding=TerminalAnsi
2026-08-16T12:43:49.980794Z  INFO herdr::server::headless: client detach requested via keybind client_id=18
2026-08-16T12:43:49.989640Z  INFO herdr::server::headless: client disconnected client_id=18
2026-08-16T12:52:23.844060Z  INFO herdr::server::headless: client connected client_id=20 cols=148 rows=48 cell_width_px=0 cell_height_px=0 render_encoding=TerminalAnsi
2026-08-16T12:52:49.126533Z  INFO herdr::logging: pane child exited event="pane.exit" subsystem="pane" outcome="completed" pane_id=3 status="ExitStatus { code: 127, signal: None }"
2026-08-16T12:52:49.127238Z  INFO herdr::pane: pane session terminated pane=3 pid=116500 signal=Hangup
2026-08-16T12:52:49.127430Z  INFO herdr::logging: spawning pane terminal event="pane.spawn.start" subsystem="pane" outcome="started" pane_id=4 rows=47 cols=144 scrollback_limit_bytes=10000000
2026-08-16T12:52:49.130125Z  INFO herdr::logging: pane child spawned event="pane.spawned" subsystem="pane" outcome="ok" pane_id=4 pid=1301699
2026-08-16T12:52:49.130588Z  INFO herdr::logging: workspace created event="workspace.create" subsystem="workspace" outcome="ok" workspace_id="w3K" pane_id=4
2026-08-16T12:52:49.130620Z  INFO herdr::logging: workspace focused event="workspace.focus" subsystem="workspace" outcome="ok" workspace_id="w3K"
2026-08-16T12:52:49.130637Z  INFO herdr::logging: tab focused event="tab.focus" subsystem="tab" outcome="ok" workspace_id="w3K" tab_id="w3K:t1"
2026-08-16T12:52:54.132565Z  INFO herdr::logging: session saved event="persist.save" subsystem="persist" outcome="ok" path=/home/morehush/.config/herdr/session.json workspaces=1
2026-08-16T12:53:48.046303Z  INFO herdr::logging: pane child exited event="pane.exit" subsystem="pane" outcome="completed" pane_id=4 status="ExitStatus { code: 0, signal: None }"
2026-08-16T12:53:48.053246Z  INFO herdr::pane: pane session terminated pane=4 pid=1301699 signal=Hangup
2026-08-16T12:53:48.053417Z  INFO herdr::logging: spawning pane terminal event="pane.spawn.start" subsystem="pane" outcome="started" pane_id=5 rows=47 cols=144 scrollback_limit_bytes=10000000
2026-08-16T12:53:48.055802Z  INFO herdr::logging: pane child spawned event="pane.spawned" subsystem="pane" outcome="ok" pane_id=5 pid=1302855
2026-08-16T12:53:48.056207Z  INFO herdr::logging: workspace created event="workspace.create" subsystem="workspace" outcome="ok" workspace_id="w3M" pane_id=5
2026-08-16T12:53:48.056247Z  INFO herdr::logging: workspace focused event="workspace.focus" subsystem="workspace" outcome="ok" workspace_id="w3M"
2026-08-16T12:53:48.056268Z  INFO herdr::logging: tab focused event="tab.focus" subsystem="tab" outcome="ok" workspace_id="w3M" tab_id="w3M:t1"
2026-08-16T12:53:53.058197Z  INFO herdr::logging: session saved event="persist.save" subsystem="persist" outcome="ok" path=/home/morehush/.config/herdr/session.json workspaces=1
2026-08-16T12:53:55.712519Z  INFO herdr::server::headless: client detach requested via keybind client_id=20
2026-08-16T12:53:55.717770Z  INFO herdr::server::headless: client disconnected client_id=20
2026-08-16T12:54:17.921032Z  INFO herdr::server::headless: server shutdown initiated
2026-08-16T12:54:17.971281Z  INFO herdr::server::headless: completing server shutdown
2026-08-16T12:54:17.971989Z  INFO herdr::logging: session saved event="persist.save" subsystem="persist" outcome="ok" path=/home/morehush/.config/herdr/session.json workspaces=1
2026-08-16T12:54:17.972032Z  INFO herdr::server::headless: headless server exiting
2026-08-16T12:54:17.973729Z  INFO herdr::logging: pane child exited event="pane.exit" subsystem="pane" outcome="completed" pane_id=5 status="ExitStatus { code: 1, signal: Some(\"Hangup\") }"
2026-08-16T12:54:17.979150Z  INFO herdr::pane: pane session terminated pane=5 pid=1302855 signal=Hangup
2026-08-16T12:54:17.980353Z  INFO herdr::logging: herdr exiting event="app.shutdown" subsystem="server" outcome="completed" pid=3276395
2026-08-16T12:55:34.503356Z  INFO herdr::api::server: api server listening path=/home/morehush/.config/herdr/herdr.sock
2026-08-16T12:55:34.506862Z  INFO herdr::logging: spawning pane terminal event="pane.spawn.start" subsystem="pane" outcome="started" pane_id=1 rows=24 cols=80 scrollback_limit_bytes=10000000
2026-08-16T12:55:34.508878Z  INFO herdr::logging: pane child spawned event="pane.spawned" subsystem="pane" outcome="ok" pane_id=1 pid=1307104
2026-08-16T12:55:34.509493Z  INFO herdr::logging: session restore evaluated event="persist.restore" subsystem="persist" outcome="ok" workspaces=1
2026-08-16T12:55:34.509539Z  INFO herdr::app: using pane scrollback configuration pane_scrollback_limit_bytes=10000000
2026-08-16T12:55:34.578434Z  INFO herdr::logging: checking for updates event="update.check.start" subsystem="update" outcome="started"
2026-08-16T12:55:34.579902Z  INFO herdr::server::headless: restored session already has workspaces; ignoring startup cwd cwd=/home/morehush
2026-08-16T12:55:34.579992Z  INFO herdr::server::headless: client protocol socket listening path=/home/morehush/.config/herdr/herdr-client.sock
2026-08-16T12:55:34.580020Z  INFO herdr::server::headless: herdr server started api_socket=/home/morehush/.config/herdr/herdr.sock client_socket=/home/morehush/.config/herdr/herdr-client.sock
2026-08-16T12:55:34.580324Z  INFO herdr::logging: herdr starting event="app.startup" subsystem="server" outcome="started" pid=1307090
2026-08-16T12:55:34.657593Z  WARN herdr::detect::manifest_update: skipping unknown remote manifest agent agent="qwen"
2026-08-16T12:55:34.848797Z  INFO herdr::server::headless: client connected client_id=2 cols=148 rows=48 cell_width_px=0 cell_height_px=0 render_encoding=SemanticFrame
2026-08-16T12:55:57.144253Z  INFO herdr::server::headless: client connected client_id=4 cols=210 rows=53 cell_width_px=0 cell_height_px=0 render_encoding=SemanticFrame
2026-08-16T12:56:12.542679Z  INFO herdr::server::headless: client detach requested via keybind client_id=4
2026-08-16T12:56:12.553579Z  INFO herdr::server::headless: client disconnected client_id=4
2026-08-16T13:25:34.579982Z  INFO herdr::logging: checking for updates event="update.check.start" subsystem="update" outcome="started"
2026-08-16T13:25:34.690607Z  WARN herdr::detect::manifest_update: skipping unknown remote manifest agent agent="qwen"
2026-08-16T13:34:22.894601Z  INFO herdr::logging: pane child exited event="pane.exit" subsystem="pane" outcome="completed" pane_id=1 status="ExitStatus { code: 0, signal: None }"
2026-08-16T13:34:22.900244Z  INFO herdr::pane: pane session terminated pane=1 pid=1307104 signal=Hangup
2026-08-16T13:34:22.900414Z  INFO herdr::logging: spawning pane terminal event="pane.spawn.start" subsystem="pane" outcome="started" pane_id=2 rows=47 cols=144 scrollback_limit_bytes=10000000
2026-08-16T13:34:22.903091Z  INFO herdr::logging: pane child spawned event="pane.spawned" subsystem="pane" outcome="ok" pane_id=2 pid=1350686
2026-08-16T13:34:22.903477Z  INFO herdr::logging: workspace created event="workspace.create" subsystem="workspace" outcome="ok" workspace_id="w3N" pane_id=2
2026-08-16T13:34:22.903507Z  INFO herdr::logging: workspace focused event="workspace.focus" subsystem="workspace" outcome="ok" workspace_id="w3N"
2026-08-16T13:34:22.903538Z  INFO herdr::logging: tab focused event="tab.focus" subsystem="tab" outcome="ok" workspace_id="w3N" tab_id="w3N:t1"
2026-08-16T13:34:26.198203Z  INFO herdr::server::headless: client detach requested via keybind client_id=2
2026-08-16T13:34:26.200700Z  INFO herdr::server::headless: client disconnected client_id=2
2026-08-16T13:34:27.905850Z  INFO herdr::logging: session saved event="persist.save" subsystem="persist" outcome="ok" path=/home/morehush/.config/herdr/session.json workspaces=1
2026-08-16T13:55:34.581125Z  INFO herdr::logging: checking for updates event="update.check.start" subsystem="update" outcome="started"
2026-08-16T13:55:34.662822Z  WARN herdr::detect::manifest_update: skipping unknown remote manifest agent agent="qwen"
2026-08-16T14:21:59.445638Z  INFO herdr::server::headless: client connected client_id=6 cols=135 rows=48 cell_width_px=0 cell_height_px=0 render_encoding=SemanticFrame
2026-08-16T14:23:08.232094Z  INFO herdr::server::headless: client detach requested via keybind client_id=6
2026-08-16T14:23:08.233932Z  INFO herdr::server::headless: client disconnected client_id=6
2026-08-16T14:25:34.582508Z  INFO herdr::logging: checking for updates event="update.check.start" subsystem="update" outcome="started"
2026-08-16T14:25:34.713699Z  WARN herdr::detect::manifest_update: skipping unknown remote manifest agent agent="qwen"
2026-08-16T14:43:42.121903Z  INFO herdr::server::headless: server shutdown initiated
2026-08-16T14:43:42.172118Z  INFO herdr::server::headless: completing server shutdown
2026-08-16T14:43:42.172783Z  INFO herdr::logging: session saved event="persist.save" subsystem="persist" outcome="ok" path=/home/morehush/.config/herdr/session.json workspaces=1
2026-08-16T14:43:42.178859Z  INFO herdr::server::headless: headless server exiting
2026-08-16T14:43:42.179550Z  INFO herdr::logging: pane child exited event="pane.exit" subsystem="pane" outcome="completed" pane_id=2 status="ExitStatus { code: 1, signal: Some(\"Hangup\") }"
2026-08-16T14:43:42.183861Z  INFO herdr::pane: pane session terminated pane=2 pid=1350686 signal=Hangup
2026-08-16T14:43:42.184624Z  INFO herdr::logging: herdr exiting event="app.shutdown" subsystem="server" outcome="completed" pid=1307090
2026-08-16T14:43:47.356567Z  INFO herdr::api::server: api server listening path=/home/morehush/.config/herdr/herdr.sock
2026-08-16T14:43:47.363372Z  INFO herdr::logging: spawning pane terminal event="pane.spawn.start" subsystem="pane" outcome="started" pane_id=1 rows=24 cols=80 scrollback_limit_bytes=10000000
2026-08-16T14:43:47.364011Z  INFO herdr::logging: pane child spawned event="pane.spawned" subsystem="pane" outcome="ok" pane_id=1 pid=1433682
2026-08-16T14:43:47.364252Z  INFO herdr::logging: session restore evaluated event="persist.restore" subsystem="persist" outcome="ok" workspaces=1
2026-08-16T14:43:47.364264Z  INFO herdr::app: using pane scrollback configuration pane_scrollback_limit_bytes=10000000
2026-08-16T14:43:47.428617Z  INFO herdr::logging: checking for updates event="update.check.start" subsystem="update" outcome="started"
2026-08-16T14:43:47.429848Z  INFO herdr::server::headless: restored session already has workspaces; ignoring startup cwd cwd=/home/morehush
2026-08-16T14:43:47.429938Z  INFO herdr::server::headless: client protocol socket listening path=/home/morehush/.config/herdr/herdr-client.sock
2026-08-16T14:43:47.429967Z  INFO herdr::server::headless: herdr server started api_socket=/home/morehush/.config/herdr/herdr.sock client_socket=/home/morehush/.config/herdr/herdr-client.sock
2026-08-16T14:43:47.430208Z  INFO herdr::logging: herdr starting event="app.startup" subsystem="server" outcome="started" pid=1433668
2026-08-16T14:43:47.479899Z  WARN herdr::detect::manifest_update: skipping unknown remote manifest agent agent="qwen"
2026-08-16T14:43:47.699961Z  INFO herdr::server::headless: client connected client_id=2 cols=157 rows=47 cell_width_px=0 cell_height_px=0 render_encoding=SemanticFrame
2026-08-16T14:44:06.402814Z  INFO herdr::server::headless: client detach requested via keybind client_id=2
2026-08-16T14:44:06.408887Z  INFO herdr::server::headless: client disconnected client_id=2
2026-08-16T15:13:47.430676Z  INFO herdr::logging: checking for updates event="update.check.start" subsystem="update" outcome="started"
2026-08-16T15:13:47.545551Z  WARN herdr::detect::manifest_update: skipping unknown remote manifest agent agent="qwen"
2026-08-16T15:43:47.431901Z  INFO herdr::logging: checking for updates event="update.check.start" subsystem="update" outcome="started"
2026-08-16T15:43:47.518291Z  WARN herdr::detect::manifest_update: skipping unknown remote manifest agent agent="qwen"
2026-08-16T16:13:47.433756Z  INFO herdr::logging: checking for updates event="update.check.start" subsystem="update" outcome="started"
2026-08-16T16:13:47.491514Z  WARN herdr::detect::manifest_update: skipping unknown remote manifest agent agent="qwen"
2026-08-16T16:43:47.436106Z  INFO herdr::logging: checking for updates event="update.check.start" subsystem="update" outcome="started"
2026-08-16T16:43:47.530185Z  WARN herdr::detect::manifest_update: skipping unknown remote manifest agent agent="qwen"
2026-08-16T17:13:47.437383Z  INFO herdr::logging: checking for updates event="update.check.start" subsystem="update" outcome="started"
2026-08-16T17:13:47.532290Z  WARN herdr::detect::manifest_update: skipping unknown remote manifest agent agent="qwen"
2026-08-16T17:43:47.439000Z  INFO herdr::logging: checking for updates event="update.check.start" subsystem="update" outcome="started"
2026-08-16T17:43:47.526291Z  WARN herdr::detect::manifest_update: skipping unknown remote manifest agent agent="qwen"
2026-08-16T18:13:47.440909Z  INFO herdr::logging: checking for updates event="update.check.start" subsystem="update" outcome="started"
2026-08-16T18:13:47.531277Z  WARN herdr::detect::manifest_update: skipping unknown remote manifest agent agent="qwen"
2026-08-16T18:34:01.871873Z  INFO herdr::server::headless: client connected client_id=4 cols=210 rows=53 cell_width_px=0 cell_height_px=0 render_encoding=SemanticFrame
2026-08-16T18:34:14.888043Z  INFO herdr::logging: pane child exited event="pane.exit" subsystem="pane" outcome="completed" pane_id=1 status="ExitStatus { code: 0, signal: None }"
2026-08-16T18:34:14.892777Z  INFO herdr::pane: pane session terminated pane=1 pid=1433682 signal=Hangup
2026-08-16T18:34:14.893133Z  INFO herdr::logging: spawning pane terminal event="pane.spawn.start" subsystem="pane" outcome="started" pane_id=2 rows=52 cols=206 scrollback_limit_bytes=10000000
2026-08-16T18:34:14.894008Z  INFO herdr::logging: pane child spawned event="pane.spawned" subsystem="pane" outcome="ok" pane_id=2 pid=1678255
2026-08-16T18:34:14.894248Z  INFO herdr::logging: workspace created event="workspace.create" subsystem="workspace" outcome="ok" workspace_id="w3P" pane_id=2
2026-08-16T18:34:14.894256Z  INFO herdr::logging: workspace focused event="workspace.focus" subsystem="workspace" outcome="ok" workspace_id="w3P"
2026-08-16T18:34:14.894261Z  INFO herdr::logging: tab focused event="tab.focus" subsystem="tab" outcome="ok" workspace_id="w3P" tab_id="w3P:t1"
2026-08-16T18:34:16.706756Z  INFO herdr::server::headless: client detach requested via keybind client_id=4
2026-08-16T18:34:16.712944Z  INFO herdr::server::headless: client disconnected client_id=4
2026-08-16T18:34:19.896547Z  INFO herdr::logging: session saved event="persist.save" subsystem="persist" outcome="ok" path=/home/morehush/.config/herdr/session.json workspaces=1
2026-08-16T18:43:47.442536Z  INFO herdr::logging: checking for updates event="update.check.start" subsystem="update" outcome="started"
2026-08-16T18:43:47.528451Z  WARN herdr::detect::manifest_update: skipping unknown remote manifest agent agent="qwen"
2026-08-16T19:09:01.745367Z  INFO herdr::server::headless: client connected client_id=6 cols=210 rows=53 cell_width_px=0 cell_height_px=0 render_encoding=SemanticFrame
2026-08-16T19:09:16.378343Z  INFO herdr::server::headless: client detach requested via keybind client_id=6
2026-08-16T19:09:16.383899Z  INFO herdr::server::headless: client disconnected client_id=6
2026-08-16T19:13:47.443467Z  INFO herdr::logging: checking for updates event="update.check.start" subsystem="update" outcome="started"
2026-08-16T19:13:47.530413Z  WARN herdr::detect::manifest_update: skipping unknown remote manifest agent agent="qwen"
2026-08-16T19:14:38.398182Z  INFO herdr::server::headless: client connected client_id=8 cols=210 rows=53 cell_width_px=0 cell_height_px=0 render_encoding=SemanticFrame
2026-08-16T19:15:20.999840Z  INFO herdr::logging: spawning pane terminal event="pane.spawn.start" subsystem="pane" outcome="started" pane_id=3 rows=52 cols=206 scrollback_limit_bytes=10000000
2026-08-16T19:15:21.002690Z  INFO herdr::logging: pane child spawned event="pane.spawned" subsystem="pane" outcome="ok" pane_id=3 pid=1713626
2026-08-16T19:15:21.003119Z  INFO herdr::logging: tab focused event="tab.focus" subsystem="tab" outcome="ok" workspace_id="w3P" tab_id="w3P:t1"
2026-08-16T19:15:26.019346Z  INFO herdr::logging: session saved event="persist.save" subsystem="persist" outcome="ok" path=/home/morehush/.config/herdr/session.json workspaces=1
2026-08-16T19:15:40.884980Z  INFO herdr::logging: tab focused event="tab.focus" subsystem="tab" outcome="ok" workspace_id="w3P" tab_id="w3P:t1"
2026-08-16T19:15:41.734465Z  INFO herdr::logging: tab focused event="tab.focus" subsystem="tab" outcome="ok" workspace_id="w3P" tab_id="w3P:t1"
2026-08-16T19:15:42.097547Z  INFO herdr::logging: tab focused event="tab.focus" subsystem="tab" outcome="ok" workspace_id="w3P" tab_id="w3P:t1"
2026-08-16T19:15:42.499923Z  INFO herdr::logging: tab focused event="tab.focus" subsystem="tab" outcome="ok" workspace_id="w3P" tab_id="w3P:t1"
2026-08-16T19:15:42.903360Z  INFO herdr::logging: tab focused event="tab.focus" subsystem="tab" outcome="ok" workspace_id="w3P" tab_id="w3P:t1"
2026-08-16T19:15:47.906307Z  INFO herdr::logging: session saved event="persist.save" subsystem="persist" outcome="ok" path=/home/morehush/.config/herdr/session.json workspaces=1
2026-08-16T19:16:12.201529Z  INFO herdr::logging: pane child exited event="pane.exit" subsystem="pane" outcome="completed" pane_id=2 status="ExitStatus { code: 0, signal: None }"
2026-08-16T19:16:12.212898Z  INFO herdr::pane: pane session terminated pane=2 pid=1678255 signal=Hangup
2026-08-16T19:16:17.216150Z  INFO herdr::logging: session saved event="persist.save" subsystem="persist" outcome="ok" path=/home/morehush/.config/herdr/session.json workspaces=1
2026-08-16T19:16:19.085189Z  INFO herdr::logging: pane child exited event="pane.exit" subsystem="pane" outcome="completed" pane_id=3 status="ExitStatus { code: 0, signal: None }"
2026-08-16T19:16:19.095831Z  INFO herdr::pane: pane session terminated pane=3 pid=1713626 signal=Hangup
2026-08-16T19:16:19.096253Z  INFO herdr::logging: spawning pane terminal event="pane.spawn.start" subsystem="pane" outcome="started" pane_id=4 rows=52 cols=206 scrollback_limit_bytes=10000000
2026-08-16T19:16:19.098862Z  INFO herdr::logging: pane child spawned event="pane.spawned" subsystem="pane" outcome="ok" pane_id=4 pid=1714517
2026-08-16T19:16:19.099265Z  INFO herdr::logging: workspace created event="workspace.create" subsystem="workspace" outcome="ok" workspace_id="w3Q" pane_id=4
2026-08-16T19:16:19.099298Z  INFO herdr::logging: workspace focused event="workspace.focus" subsystem="workspace" outcome="ok" workspace_id="w3Q"
2026-08-16T19:16:19.099321Z  INFO herdr::logging: tab focused event="tab.focus" subsystem="tab" outcome="ok" workspace_id="w3Q" tab_id="w3Q:t1"
2026-08-16T19:16:21.352122Z  INFO herdr::server::headless: client detach requested via keybind client_id=8
2026-08-16T19:16:21.358745Z  INFO herdr::server::headless: client disconnected client_id=8
2026-08-16T19:16:24.102349Z  INFO herdr::logging: session saved event="persist.save" subsystem="persist" outcome="ok" path=/home/morehush/.config/herdr/session.json workspaces=1
2026-08-16T19:43:47.444702Z  INFO herdr::logging: checking for updates event="update.check.start" subsystem="update" outcome="started"
2026-08-16T19:43:47.502777Z  WARN herdr::detect::manifest_update: skipping unknown remote manifest agent agent="qwen"
2026-08-16T20:13:47.446874Z  INFO herdr::logging: checking for updates event="update.check.start" subsystem="update" outcome="started"
2026-08-16T20:13:47.544781Z  WARN herdr::detect::manifest_update: skipping unknown remote manifest agent agent="qwen"
2026-08-16T20:25:15.123458Z  INFO herdr::server::headless: client connected client_id=10 cols=46 rows=22 cell_width_px=0 cell_height_px=0 render_encoding=SemanticFrame
2026-08-16T20:25:21.152227Z  INFO herdr::server::headless: client detach requested via keybind client_id=10
2026-08-16T20:25:21.153984Z  INFO herdr::server::headless: client disconnected client_id=10
2026-08-16T20:27:13.524861Z  INFO herdr::server::headless: client connected client_id=12 cols=210 rows=53 cell_width_px=0 cell_height_px=0 render_encoding=SemanticFrame
2026-08-16T20:27:56.105648Z  INFO herdr::server::headless: client detach requested via keybind client_id=12
2026-08-16T20:27:56.114303Z  INFO herdr::server::headless: client disconnected client_id=12
2026-08-16T20:43:47.448731Z  INFO herdr::logging: checking for updates event="update.check.start" subsystem="update" outcome="started"
2026-08-16T20:43:47.548949Z  WARN herdr::detect::manifest_update: skipping unknown remote manifest agent agent="qwen"
2026-08-16T21:07:57.834480Z  INFO herdr::server::headless: client connected client_id=14 cols=210 rows=53 cell_width_px=0 cell_height_px=0 render_encoding=SemanticFrame
2026-08-16T21:08:04.018510Z  INFO herdr::logging: pane child exited event="pane.exit" subsystem="pane" outcome="completed" pane_id=4 status="ExitStatus { code: 0, signal: None }"
2026-08-16T21:08:04.023270Z  INFO herdr::pane: pane session terminated pane=4 pid=1714517 signal=Hangup
2026-08-16T21:08:04.023361Z  INFO herdr::logging: spawning pane terminal event="pane.spawn.start" subsystem="pane" outcome="started" pane_id=5 rows=52 cols=206 scrollback_limit_bytes=10000000
2026-08-16T21:08:04.024861Z  INFO herdr::logging: pane child spawned event="pane.spawned" subsystem="pane" outcome="ok" pane_id=5 pid=1828008
2026-08-16T21:08:04.025076Z  INFO herdr::logging: workspace created event="workspace.create" subsystem="workspace" outcome="ok" workspace_id="w3R" pane_id=5
2026-08-16T21:08:04.025094Z  INFO herdr::logging: workspace focused event="workspace.focus" subsystem="workspace" outcome="ok" workspace_id="w3R"
2026-08-16T21:08:04.025103Z  INFO herdr::logging: tab focused event="tab.focus" subsystem="tab" outcome="ok" workspace_id="w3R" tab_id="w3R:t1"
2026-08-16T21:08:05.614141Z  INFO herdr::server::headless: client detach requested via keybind client_id=14
2026-08-16T21:08:05.622584Z  INFO herdr::server::headless: client disconnected client_id=14
2026-08-16T21:08:09.026350Z  INFO herdr::logging: session saved event="persist.save" subsystem="persist" outcome="ok" path=/home/morehush/.config/herdr/session.json workspaces=1
2026-08-16T21:08:09.276660Z  INFO herdr::server::headless: client connected client_id=16 cols=210 rows=53 cell_width_px=0 cell_height_px=0 render_encoding=SemanticFrame
2026-08-16T21:13:47.450250Z  INFO herdr::logging: checking for updates event="update.check.start" subsystem="update" outcome="started"
2026-08-16T21:13:47.544878Z  WARN herdr::detect::manifest_update: skipping unknown remote manifest agent agent="qwen"
2026-08-16T21:18:10.376292Z  INFO herdr::logging: pane child exited event="pane.exit" subsystem="pane" outcome="completed" pane_id=5 status="ExitStatus { code: 0, signal: None }"
2026-08-16T21:18:10.386293Z  INFO herdr::pane: pane session terminated pane=5 pid=1828008 signal=Hangup
2026-08-16T21:18:10.386912Z  INFO herdr::logging: spawning pane terminal event="pane.spawn.start" subsystem="pane" outcome="started" pane_id=6 rows=52 cols=206 scrollback_limit_bytes=10000000
2026-08-16T21:18:10.389519Z  INFO herdr::logging: pane child spawned event="pane.spawned" subsystem="pane" outcome="ok" pane_id=6 pid=1836180
2026-08-16T21:18:10.389889Z  INFO herdr::logging: workspace created event="workspace.create" subsystem="workspace" outcome="ok" workspace_id="w3S" pane_id=6
2026-08-16T21:18:10.389933Z  INFO herdr::logging: workspace focused event="workspace.focus" subsystem="workspace" outcome="ok" workspace_id="w3S"
2026-08-16T21:18:10.389948Z  INFO herdr::logging: tab focused event="tab.focus" subsystem="tab" outcome="ok" workspace_id="w3S" tab_id="w3S:t1"
2026-08-16T21:18:11.304608Z  INFO herdr::server::headless: client detach requested via keybind client_id=16
2026-08-16T21:18:11.313316Z  INFO herdr::server::headless: client disconnected client_id=16
2026-08-16T21:18:15.391745Z  INFO herdr::logging: session saved event="persist.save" subsystem="persist" outcome="ok" path=/home/morehush/.config/herdr/session.json workspaces=1
2026-08-16T21:43:47.450911Z  INFO herdr::logging: checking for updates event="update.check.start" subsystem="update" outcome="started"
2026-08-16T21:43:47.533926Z  WARN herdr::detect::manifest_update: skipping unknown remote manifest agent agent="qwen"
2026-08-16T22:13:47.452214Z  INFO herdr::logging: checking for updates event="update.check.start" subsystem="update" outcome="started"
2026-08-16T22:13:47.525331Z  WARN herdr::detect::manifest_update: skipping unknown remote manifest agent agent="qwen"
2026-08-16T22:43:47.453461Z  INFO herdr::logging: checking for updates event="update.check.start" subsystem="update" outcome="started"
2026-08-16T22:43:47.518246Z  WARN herdr::detect::manifest_update: skipping unknown remote manifest agent agent="qwen"
2026-08-16T23:13:47.454928Z  INFO herdr::logging: checking for updates event="update.check.start" subsystem="update" outcome="started"
2026-08-16T23:13:47.553347Z  WARN herdr::detect::manifest_update: skipping unknown remote manifest agent agent="qwen"
2026-08-16T23:23:11.644689Z  INFO herdr::server::headless: client connected client_id=18 cols=210 rows=53 cell_width_px=0 cell_height_px=0 render_encoding=SemanticFrame
2026-08-16T23:23:27.631690Z  INFO herdr::server::headless: client detach requested via keybind client_id=18
2026-08-16T23:23:27.636912Z  INFO herdr::server::headless: client disconnected client_id=18
2026-08-16T23:43:47.456438Z  INFO herdr::logging: checking for updates event="update.check.start" subsystem="update" outcome="started"
2026-08-16T23:43:47.561002Z  WARN herdr::detect::manifest_update: skipping unknown remote manifest agent agent="qwen"
2026-08-17T00:13:47.457509Z  INFO herdr::logging: checking for updates event="update.check.start" subsystem="update" outcome="started"
2026-08-17T00:13:47.674748Z  WARN herdr::detect::manifest_update: skipping unknown remote manifest agent agent="qwen"
2026-08-17T00:43:47.467692Z  INFO herdr::logging: checking for updates event="update.check.start" subsystem="update" outcome="started"
2026-08-17T00:43:47.561625Z  WARN herdr::detect::manifest_update: skipping unknown remote manifest agent agent="qwen"
2026-08-17T01:13:47.467059Z  INFO herdr::logging: checking for updates event="update.check.start" subsystem="update" outcome="started"
2026-08-17T01:13:47.552087Z  WARN herdr::detect::manifest_update: skipping unknown remote manifest agent agent="qwen"
2026-08-17T01:43:47.468412Z  INFO herdr::logging: checking for updates event="update.check.start" subsystem="update" outcome="started"
2026-08-17T01:43:47.531506Z  WARN herdr::detect::manifest_update: skipping unknown remote manifest agent agent="qwen"
2026-08-17T02:13:47.470560Z  INFO herdr::logging: checking for updates event="update.check.start" subsystem="update" outcome="started"
2026-08-17T02:13:47.560268Z  WARN herdr::detect::manifest_update: skipping unknown remote manifest agent agent="qwen"
2026-08-17T02:43:47.472565Z  INFO herdr::logging: checking for updates event="update.check.start" subsystem="update" outcome="started"
2026-08-17T02:43:47.592955Z  WARN herdr::detect::manifest_update: skipping unknown remote manifest agent agent="qwen"
2026-08-17T03:13:47.473148Z  INFO herdr::logging: checking for updates event="update.check.start" subsystem="update" outcome="started"
2026-08-17T03:13:47.572199Z  WARN herdr::detect::manifest_update: skipping unknown remote manifest agent agent="qwen"
2026-08-17T03:43:47.474511Z  INFO herdr::logging: checking for updates event="update.check.start" subsystem="update" outcome="started"
2026-08-17T03:43:47.570920Z  WARN herdr::detect::manifest_update: skipping unknown remote manifest agent agent="qwen"
2026-08-17T04:13:47.476606Z  INFO herdr::logging: checking for updates event="update.check.start" subsystem="update" outcome="started"
2026-08-17T04:13:47.585400Z  WARN herdr::detect::manifest_update: skipping unknown remote manifest agent agent="qwen"
2026-08-17T04:43:47.478109Z  INFO herdr::logging: checking for updates event="update.check.start" subsystem="update" outcome="started"
2026-08-17T04:43:47.569650Z  WARN herdr::detect::manifest_update: skipping unknown remote manifest agent agent="qwen"
2026-08-17T05:13:47.479609Z  INFO herdr::logging: checking for updates event="update.check.start" subsystem="update" outcome="started"
2026-08-17T05:13:47.558703Z  WARN herdr::detect::manifest_update: skipping unknown remote manifest agent agent="qwen"
2026-08-17T05:43:47.481489Z  INFO herdr::logging: checking for updates event="update.check.start" subsystem="update" outcome="started"
2026-08-17T05:43:47.613157Z  WARN herdr::detect::manifest_update: skipping unknown remote manifest agent agent="qwen"
2026-08-17T06:13:47.482446Z  INFO herdr::logging: checking for updates event="update.check.start" subsystem="update" outcome="started"
2026-08-17T06:13:47.571509Z  WARN herdr::detect::manifest_update: skipping unknown remote manifest agent agent="qwen"
2026-08-17T06:43:47.483034Z  INFO herdr::logging: checking for updates event="update.check.start" subsystem="update" outcome="started"
2026-08-17T06:43:47.565406Z  WARN herdr::detect::manifest_update: skipping unknown remote manifest agent agent="qwen"
2026-08-17T07:13:47.484385Z  INFO herdr::logging: checking for updates event="update.check.start" subsystem="update" outcome="started"
2026-08-17T07:13:47.566203Z  WARN herdr::detect::manifest_update: skipping unknown remote manifest agent agent="qwen"
2026-08-17T07:43:47.485447Z  INFO herdr::logging: checking for updates event="update.check.start" subsystem="update" outcome="started"
2026-08-17T07:43:47.574106Z  WARN herdr::detect::manifest_update: skipping unknown remote manifest agent agent="qwen"
2026-08-17T08:13:47.486191Z  INFO herdr::logging: checking for updates event="update.check.start" subsystem="update" outcome="started"
2026-08-17T08:13:47.579465Z  WARN herdr::detect::manifest_update: skipping unknown remote manifest agent agent="qwen"
2026-08-17T08:43:47.486856Z  INFO herdr::logging: checking for updates event="update.check.start" subsystem="update" outcome="started"
2026-08-17T08:43:47.582176Z  WARN herdr::detect::manifest_update: skipping unknown remote manifest agent agent="qwen"
2026-08-17T09:13:47.488626Z  INFO herdr::logging: checking for updates event="update.check.start" subsystem="update" outcome="started"
2026-08-17T09:13:47.570973Z  WARN herdr::detect::manifest_update: skipping unknown remote manifest agent agent="qwen"
2026-08-17T09:43:47.490375Z  INFO herdr::logging: checking for updates event="update.check.start" subsystem="update" outcome="started"
2026-08-17T09:43:47.606542Z  WARN herdr::detect::manifest_update: skipping unknown remote manifest agent agent="qwen"
2026-08-17T10:13:47.491482Z  INFO herdr::logging: checking for updates event="update.check.start" subsystem="update" outcome="started"
2026-08-17T10:13:47.593917Z  WARN herdr::detect::manifest_update: skipping unknown remote manifest agent agent="qwen"
2026-08-17T10:43:47.493134Z  INFO herdr::logging: checking for updates event="update.check.start" subsystem="update" outcome="started"
2026-08-17T10:43:47.568806Z  WARN herdr::detect::manifest_update: skipping unknown remote manifest agent agent="qwen"
2026-08-17T11:13:47.494837Z  INFO herdr::logging: checking for updates event="update.check.start" subsystem="update" outcome="started"
2026-08-17T11:13:47.577557Z  WARN herdr::detect::manifest_update: skipping unknown remote manifest agent agent="qwen"
2026-08-17T11:33:46.557979Z  INFO herdr::server::headless: client connected client_id=20 cols=104 rows=53 cell_width_px=0 cell_height_px=0 render_encoding=SemanticFrame
2026-08-17T11:43:47.495761Z  INFO herdr::logging: checking for updates event="update.check.start" subsystem="update" outcome="started"
2026-08-17T11:43:47.606473Z  WARN herdr::detect::manifest_update: skipping unknown remote manifest agent agent="qwen"
2026-08-17T12:13:47.497181Z  INFO herdr::logging: checking for updates event="update.check.start" subsystem="update" outcome="started"
2026-08-17T12:13:47.629942Z  WARN herdr::detect::manifest_update: skipping unknown remote manifest agent agent="qwen"
2026-08-17T12:29:16.413020Z  INFO herdr::server::headless: client detach requested via keybind client_id=20
2026-08-17T12:29:16.421216Z  INFO herdr::server::headless: client disconnected client_id=20
2026-08-17T12:40:45.550601Z  INFO herdr::server::headless: client connected client_id=22 cols=210 rows=53 cell_width_px=0 cell_height_px=0 render_encoding=SemanticFrame
2026-08-17T12:43:47.498617Z  INFO herdr::logging: checking for updates event="update.check.start" subsystem="update" outcome="started"
2026-08-17T12:43:47.588382Z  WARN herdr::detect::manifest_update: skipping unknown remote manifest agent agent="qwen"
2026-08-17T12:45:38.238072Z  INFO herdr::logging: pane child exited event="pane.exit" subsystem="pane" outcome="completed" pane_id=6 status="ExitStatus { code: 0, signal: None }"
2026-08-17T12:45:38.242349Z  INFO herdr::pane: pane session terminated pane=6 pid=1836180 signal=Hangup
2026-08-17T12:45:38.242574Z  INFO herdr::logging: spawning pane terminal event="pane.spawn.start" subsystem="pane" outcome="started" pane_id=7 rows=52 cols=206 scrollback_limit_bytes=10000000
2026-08-17T12:45:38.245421Z  INFO herdr::logging: pane child spawned event="pane.spawned" subsystem="pane" outcome="ok" pane_id=7 pid=2595786
2026-08-17T12:45:38.245815Z  INFO herdr::logging: workspace created event="workspace.create" subsystem="workspace" outcome="ok" workspace_id="w3T" pane_id=7
2026-08-17T12:45:38.245844Z  INFO herdr::logging: workspace focused event="workspace.focus" subsystem="workspace" outcome="ok" workspace_id="w3T"
2026-08-17T12:45:38.245860Z  INFO herdr::logging: tab focused event="tab.focus" subsystem="tab" outcome="ok" workspace_id="w3T" tab_id="w3T:t1"
2026-08-17T12:45:39.959528Z  INFO herdr::server::headless: client detach requested via keybind client_id=22
2026-08-17T12:45:39.962444Z  INFO herdr::server::headless: client disconnected client_id=22
2026-08-17T12:45:43.255210Z  INFO herdr::logging: session saved event="persist.save" subsystem="persist" outcome="ok" path=/home/morehush/.config/herdr/session.json workspaces=1
2026-08-17T13:13:47.499899Z  INFO herdr::logging: checking for updates event="update.check.start" subsystem="update" outcome="started"
2026-08-17T13:13:47.590483Z  WARN herdr::detect::manifest_update: skipping unknown remote manifest agent agent="qwen"
2026-08-17T13:43:47.501657Z  INFO herdr::logging: checking for updates event="update.check.start" subsystem="update" outcome="started"
2026-08-17T13:43:47.620483Z  WARN herdr::detect::manifest_update: skipping unknown remote manifest agent agent="qwen"
2026-08-17T14:01:37.862091Z  INFO herdr::server::headless: client connected client_id=24 cols=210 rows=53 cell_width_px=0 cell_height_px=0 render_encoding=SemanticFrame
2026-08-17T14:06:20.555784Z  INFO herdr::server::headless: client detach requested via keybind client_id=24
2026-08-17T14:06:20.563634Z  INFO herdr::server::headless: client disconnected client_id=24
2026-08-17T14:13:47.503694Z  INFO herdr::logging: checking for updates event="update.check.start" subsystem="update" outcome="started"
2026-08-17T14:13:47.610497Z  WARN herdr::detect::manifest_update: skipping unknown remote manifest agent agent="qwen"
2026-08-17T14:43:47.505349Z  INFO herdr::logging: checking for updates event="update.check.start" subsystem="update" outcome="started"
2026-08-17T14:43:47.592121Z  WARN herdr::detect::manifest_update: skipping unknown remote manifest agent agent="qwen"
2026-08-17T14:56:18.924625Z  INFO herdr::server::headless: client connected client_id=26 cols=210 rows=53 cell_width_px=0 cell_height_px=0 render_encoding=SemanticFrame
2026-08-17T14:58:38.491235Z  INFO herdr::server::headless: client detach requested via keybind client_id=26
2026-08-17T14:58:38.500253Z  INFO herdr::server::headless: client disconnected client_id=26
2026-08-17T15:13:47.506527Z  INFO herdr::logging: checking for updates event="update.check.start" subsystem="update" outcome="started"
2026-08-17T15:13:47.591909Z  WARN herdr::detect::manifest_update: skipping unknown remote manifest agent agent="qwen"
2026-08-17T15:43:47.508237Z  INFO herdr::logging: checking for updates event="update.check.start" subsystem="update" outcome="started"
2026-08-17T15:43:47.597608Z  WARN herdr::detect::manifest_update: skipping unknown remote manifest agent agent="qwen"
2026-08-17T16:09:46.391909Z  INFO herdr::server::headless: client connected client_id=28 cols=210 rows=53 cell_width_px=0 cell_height_px=0 render_encoding=SemanticFrame
2026-08-17T16:13:37.601725Z  INFO herdr::server::headless: client detach requested via keybind client_id=28
2026-08-17T16:13:37.611464Z  INFO herdr::server::headless: client disconnected client_id=28
2026-08-17T16:13:47.509267Z  INFO herdr::logging: checking for updates event="update.check.start" subsystem="update" outcome="started"
2026-08-17T16:13:47.601034Z  WARN herdr::detect::manifest_update: skipping unknown remote manifest agent agent="qwen"
2026-08-17T16:18:24.457375Z  INFO herdr::server::headless: client connected client_id=30 cols=210 rows=53 cell_width_px=0 cell_height_px=0 render_encoding=SemanticFrame
2026-08-17T16:18:52.831839Z  INFO herdr::logging: spawning pane terminal event="pane.spawn.start" subsystem="pane" outcome="started" pane_id=8 rows=52 cols=206 scrollback_limit_bytes=10000000
2026-08-17T16:18:52.835287Z  INFO herdr::logging: pane child spawned event="pane.spawned" subsystem="pane" outcome="ok" pane_id=8 pid=2797945
2026-08-17T16:18:52.835991Z  INFO herdr::logging: tab focused event="tab.focus" subsystem="tab" outcome="ok" workspace_id="w3T" tab_id="w3T:t1"
2026-08-17T16:18:57.839795Z  INFO herdr::logging: session saved event="persist.save" subsystem="persist" outcome="ok" path=/home/morehush/.config/herdr/session.json workspaces=1
2026-08-17T16:19:56.760657Z  INFO herdr::logging: tab focused event="tab.focus" subsystem="tab" outcome="ok" workspace_id="w3T" tab_id="w3T:t1"
2026-08-17T16:20:01.765527Z  INFO herdr::logging: session saved event="persist.save" subsystem="persist" outcome="ok" path=/home/morehush/.config/herdr/session.json workspaces=1
2026-08-17T16:20:11.434824Z  INFO herdr::logging: tab focused event="tab.focus" subsystem="tab" outcome="ok" workspace_id="w3T" tab_id="w3T:t1"
2026-08-17T16:20:16.437650Z  INFO herdr::logging: session saved event="persist.save" subsystem="persist" outcome="ok" path=/home/morehush/.config/herdr/session.json workspaces=1
2026-08-17T16:20:25.606678Z  INFO herdr::logging: pane child exited event="pane.exit" subsystem="pane" outcome="completed" pane_id=8 status="ExitStatus { code: 0, signal: None }"
2026-08-17T16:20:25.616846Z  INFO herdr::pane: pane session terminated pane=8 pid=2797945 signal=Hangup
2026-08-17T16:20:30.622266Z  INFO herdr::logging: session saved event="persist.save" subsystem="persist" outcome="ok" path=/home/morehush/.config/herdr/session.json workspaces=1
2026-08-17T16:20:41.415831Z  INFO herdr::server::headless: client detach requested via keybind client_id=30
2026-08-17T16:20:41.425863Z  INFO herdr::server::headless: client disconnected client_id=30
2026-08-17T16:32:34.048538Z  INFO herdr::server::headless: client connected client_id=32 cols=210 rows=53 cell_width_px=0 cell_height_px=0 render_encoding=SemanticFrame
2026-08-17T16:35:18.131766Z  INFO herdr::server::headless: client detach requested via keybind client_id=32
2026-08-17T16:35:18.140568Z  INFO herdr::server::headless: client disconnected client_id=32
2026-08-17T16:41:57.122688Z  INFO herdr::server::headless: client connected client_id=34 cols=210 rows=53 cell_width_px=0 cell_height_px=0 render_encoding=SemanticFrame
2026-08-17T16:43:47.510336Z  INFO herdr::logging: checking for updates event="update.check.start" subsystem="update" outcome="started"
2026-08-17T16:43:47.735235Z  WARN herdr::detect::manifest_update: skipping unknown remote manifest agent agent="qwen"
2026-08-17T16:45:44.187506Z  INFO herdr::logging: pane child exited event="pane.exit" subsystem="pane" outcome="completed" pane_id=7 status="ExitStatus { code: 0, signal: None }"
2026-08-17T16:45:44.192420Z  INFO herdr::pane: pane session terminated pane=7 pid=2595786 signal=Hangup
2026-08-17T16:45:44.192784Z  INFO herdr::logging: spawning pane terminal event="pane.spawn.start" subsystem="pane" outcome="started" pane_id=9 rows=52 cols=206 scrollback_limit_bytes=10000000
2026-08-17T16:45:44.193897Z  INFO herdr::logging: pane child spawned event="pane.spawned" subsystem="pane" outcome="ok" pane_id=9 pid=2824102
2026-08-17T16:45:44.194095Z  INFO herdr::logging: workspace created event="workspace.create" subsystem="workspace" outcome="ok" workspace_id="w3V" pane_id=9
2026-08-17T16:45:44.194113Z  INFO herdr::logging: workspace focused event="workspace.focus" subsystem="workspace" outcome="ok" workspace_id="w3V"
2026-08-17T16:45:44.194121Z  INFO herdr::logging: tab focused event="tab.focus" subsystem="tab" outcome="ok" workspace_id="w3V" tab_id="w3V:t1"
2026-08-17T16:45:45.274661Z  INFO herdr::server::headless: client detach requested via keybind client_id=34
2026-08-17T16:45:45.277779Z  INFO herdr::server::headless: client disconnected client_id=34
2026-08-17T16:45:49.195798Z  INFO herdr::logging: session saved event="persist.save" subsystem="persist" outcome="ok" path=/home/morehush/.config/herdr/session.json workspaces=1
2026-08-17T17:13:47.511861Z  INFO herdr::logging: checking for updates event="update.check.start" subsystem="update" outcome="started"
2026-08-17T17:13:47.607947Z  WARN herdr::detect::manifest_update: skipping unknown remote manifest agent agent="qwen"
2026-08-17T17:43:47.513231Z  INFO herdr::logging: checking for updates event="update.check.start" subsystem="update" outcome="started"
2026-08-17T17:43:47.598579Z  WARN herdr::detect::manifest_update: skipping unknown remote manifest agent agent="qwen"
2026-08-17T18:13:47.514583Z  INFO herdr::logging: checking for updates event="update.check.start" subsystem="update" outcome="started"
2026-08-17T18:13:47.605973Z  WARN herdr::detect::manifest_update: skipping unknown remote manifest agent agent="qwen"
2026-08-17T18:43:47.516454Z  INFO herdr::logging: checking for updates event="update.check.start" subsystem="update" outcome="started"
2026-08-17T18:43:47.604536Z  WARN herdr::detect::manifest_update: skipping unknown remote manifest agent agent="qwen"
2026-08-17T19:00:25.345135Z  INFO herdr::server::headless: client connected client_id=36 cols=210 rows=53 cell_width_px=0 cell_height_px=0 render_encoding=SemanticFrame
2026-08-17T19:00:52.054123Z  INFO herdr::server::headless: client detach requested via keybind client_id=36
2026-08-17T19:00:52.056680Z  INFO herdr::server::headless: client disconnected client_id=36
2026-08-17T19:13:47.517256Z  INFO herdr::logging: checking for updates event="update.check.start" subsystem="update" outcome="started"
2026-08-17T19:13:47.613986Z  WARN herdr::detect::manifest_update: skipping unknown remote manifest agent agent="qwen"
2026-08-17T19:17:36.138933Z  INFO herdr::server::headless: client connected client_id=38 cols=210 rows=53 cell_width_px=0 cell_height_px=0 render_encoding=SemanticFrame
2026-08-17T19:17:59.649236Z  INFO herdr::logging: pane child exited event="pane.exit" subsystem="pane" outcome="completed" pane_id=9 status="ExitStatus { code: 0, signal: None }"
2026-08-17T19:17:59.653813Z  INFO herdr::pane: pane session terminated pane=9 pid=2824102 signal=Hangup
2026-08-17T19:17:59.653916Z  INFO herdr::logging: spawning pane terminal event="pane.spawn.start" subsystem="pane" outcome="started" pane_id=10 rows=52 cols=206 scrollback_limit_bytes=10000000
2026-08-17T19:17:59.655001Z  INFO herdr::logging: pane child spawned event="pane.spawned" subsystem="pane" outcome="ok" pane_id=10 pid=2952773
2026-08-17T19:17:59.655197Z  INFO herdr::logging: workspace created event="workspace.create" subsystem="workspace" outcome="ok" workspace_id="w3W" pane_id=10
2026-08-17T19:17:59.655206Z  INFO herdr::logging: workspace focused event="workspace.focus" subsystem="workspace" outcome="ok" workspace_id="w3W"
2026-08-17T19:17:59.655213Z  INFO herdr::logging: tab focused event="tab.focus" subsystem="tab" outcome="ok" workspace_id="w3W" tab_id="w3W:t1"
2026-08-17T19:18:02.092411Z  INFO herdr::server::headless: client detach requested via keybind client_id=38
2026-08-17T19:18:02.101993Z  INFO herdr::server::headless: client disconnected client_id=38
2026-08-17T19:18:04.658766Z  INFO herdr::logging: session saved event="persist.save" subsystem="persist" outcome="ok" path=/home/morehush/.config/herdr/session.json workspaces=1
2026-08-17T19:43:47.518493Z  INFO herdr::logging: checking for updates event="update.check.start" subsystem="update" outcome="started"
2026-08-17T19:43:47.600306Z  WARN herdr::detect::manifest_update: skipping unknown remote manifest agent agent="qwen"
2026-08-17T20:13:47.520357Z  INFO herdr::logging: checking for updates event="update.check.start" subsystem="update" outcome="started"
2026-08-17T20:13:47.644477Z  WARN herdr::detect::manifest_update: skipping unknown remote manifest agent agent="qwen"
2026-08-17T20:43:47.521539Z  INFO herdr::logging: checking for updates event="update.check.start" subsystem="update" outcome="started"
2026-08-17T20:43:47.632420Z  WARN herdr::detect::manifest_update: skipping unknown remote manifest agent agent="qwen"
2026-08-17T20:45:13.120475Z  INFO herdr::server::headless: client connected client_id=40 cols=210 rows=53 cell_width_px=0 cell_height_px=0 render_encoding=SemanticFrame
2026-08-17T20:53:24.507193Z  INFO herdr::server::headless: client detach requested via keybind client_id=40
2026-08-17T20:53:24.515921Z  INFO herdr::server::headless: client disconnected client_id=40
2026-08-17T21:13:47.522054Z  INFO herdr::logging: checking for updates event="update.check.start" subsystem="update" outcome="started"
2026-08-17T21:13:47.641047Z  WARN herdr::detect::manifest_update: skipping unknown remote manifest agent agent="qwen"
2026-08-17T21:43:47.522910Z  INFO herdr::logging: checking for updates event="update.check.start" subsystem="update" outcome="started"
2026-08-17T21:43:47.629715Z  WARN herdr::detect::manifest_update: skipping unknown remote manifest agent agent="qwen"
2026-08-17T22:13:47.524001Z  INFO herdr::logging: checking for updates event="update.check.start" subsystem="update" outcome="started"
2026-08-17T22:13:47.618317Z  WARN herdr::detect::manifest_update: skipping unknown remote manifest agent agent="qwen"
2026-08-17T22:43:47.525933Z  INFO herdr::logging: checking for updates event="update.check.start" subsystem="update" outcome="started"
2026-08-17T22:43:47.725576Z  WARN herdr::detect::manifest_update: skipping unknown remote manifest agent agent="qwen"
2026-08-17T23:13:47.527615Z  INFO herdr::logging: checking for updates event="update.check.start" subsystem="update" outcome="started"
2026-08-17T23:13:47.641830Z  WARN herdr::detect::manifest_update: skipping unknown remote manifest agent agent="qwen"
2026-08-17T23:43:47.530147Z  INFO herdr::logging: checking for updates event="update.check.start" subsystem="update" outcome="started"
2026-08-17T23:43:47.639549Z  WARN herdr::detect::manifest_update: skipping unknown remote manifest agent agent="qwen"
2026-08-18T00:13:47.531064Z  INFO herdr::logging: checking for updates event="update.check.start" subsystem="update" outcome="started"
2026-08-18T00:13:47.634121Z  WARN herdr::detect::manifest_update: skipping unknown remote manifest agent agent="qwen"
2026-08-18T00:43:47.532207Z  INFO herdr::logging: checking for updates event="update.check.start" subsystem="update" outcome="started"
2026-08-18T00:43:47.764215Z  WARN herdr::detect::manifest_update: skipping unknown remote manifest agent agent="qwen"
2026-08-18T01:13:47.533967Z  INFO herdr::logging: checking for updates event="update.check.start" subsystem="update" outcome="started"
2026-08-18T01:13:47.633840Z  WARN herdr::detect::manifest_update: skipping unknown remote manifest agent agent="qwen"
2026-08-18T01:43:47.535138Z  INFO herdr::logging: checking for updates event="update.check.start" subsystem="update" outcome="started"
2026-08-18T01:43:47.643916Z  WARN herdr::detect::manifest_update: skipping unknown remote manifest agent agent="qwen"
2026-08-18T02:13:47.536134Z  INFO herdr::logging: checking for updates event="update.check.start" subsystem="update" outcome="started"
2026-08-18T02:13:47.615103Z  WARN herdr::detect::manifest_update: skipping unknown remote manifest agent agent="qwen"
2026-08-18T02:43:47.537610Z  INFO herdr::logging: checking for updates event="update.check.start" subsystem="update" outcome="started"
2026-08-18T02:43:47.615732Z  WARN herdr::detect::manifest_update: skipping unknown remote manifest agent agent="qwen"
2026-08-18T03:13:47.539325Z  INFO herdr::logging: checking for updates event="update.check.start" subsystem="update" outcome="started"
2026-08-18T03:13:47.623217Z  WARN herdr::detect::manifest_update: skipping unknown remote manifest agent agent="qwen"
2026-08-18T03:43:47.540848Z  INFO herdr::logging: checking for updates event="update.check.start" subsystem="update" outcome="started"
2026-08-18T03:43:47.755450Z  WARN herdr::detect::manifest_update: skipping unknown remote manifest agent agent="qwen"
2026-08-18T04:13:47.542984Z  INFO herdr::logging: checking for updates event="update.check.start" subsystem="update" outcome="started"
2026-08-18T04:13:47.630573Z  WARN herdr::detect::manifest_update: skipping unknown remote manifest agent agent="qwen"
2026-08-18T04:43:47.544119Z  INFO herdr::logging: checking for updates event="update.check.start" subsystem="update" outcome="started"
2026-08-18T04:43:47.643776Z  WARN herdr::detect::manifest_update: skipping unknown remote manifest agent agent="qwen"
2026-08-18T05:13:47.545090Z  INFO herdr::logging: checking for updates event="update.check.start" subsystem="update" outcome="started"
2026-08-18T05:13:47.636755Z  WARN herdr::detect::manifest_update: skipping unknown remote manifest agent agent="qwen"
2026-08-18T05:43:47.545997Z  INFO herdr::logging: checking for updates event="update.check.start" subsystem="update" outcome="started"
2026-08-18T05:43:47.627960Z  WARN herdr::detect::manifest_update: skipping unknown remote manifest agent agent="qwen"
2026-08-18T06:13:47.547530Z  INFO herdr::logging: checking for updates event="update.check.start" subsystem="update" outcome="started"
2026-08-18T06:13:47.646731Z  WARN herdr::detect::manifest_update: skipping unknown remote manifest agent agent="qwen"
2026-08-18T06:43:47.548737Z  INFO herdr::logging: checking for updates event="update.check.start" subsystem="update" outcome="started"
2026-08-18T06:43:47.671019Z  WARN herdr::detect::manifest_update: skipping unknown remote manifest agent agent="qwen"
2026-08-18T07:13:47.550087Z  INFO herdr::logging: checking for updates event="update.check.start" subsystem="update" outcome="started"
2026-08-18T07:13:47.638290Z  WARN herdr::detect::manifest_update: skipping unknown remote manifest agent agent="qwen"
2026-08-18T07:43:47.551179Z  INFO herdr::logging: checking for updates event="update.check.start" subsystem="update" outcome="started"
2026-08-18T07:43:47.626789Z  WARN herdr::detect::manifest_update: skipping unknown remote manifest agent agent="qwen"
2026-08-18T08:13:47.552024Z  INFO herdr::logging: checking for updates event="update.check.start" subsystem="update" outcome="started"
2026-08-18T08:13:47.636730Z  WARN herdr::detect::manifest_update: skipping unknown remote manifest agent agent="qwen"
2026-08-18T08:43:47.553844Z  INFO herdr::logging: checking for updates event="update.check.start" subsystem="update" outcome="started"
2026-08-18T08:43:47.662457Z  WARN herdr::detect::manifest_update: skipping unknown remote manifest agent agent="qwen"
2026-08-18T09:13:47.555317Z  INFO herdr::logging: checking for updates event="update.check.start" subsystem="update" outcome="started"
2026-08-18T09:13:47.651884Z  WARN herdr::detect::manifest_update: skipping unknown remote manifest agent agent="qwen"
2026-08-18T09:43:47.557195Z  INFO herdr::logging: checking for updates event="update.check.start" subsystem="update" outcome="started"
2026-08-18T09:43:47.654690Z  WARN herdr::detect::manifest_update: skipping unknown remote manifest agent agent="qwen"
2026-08-18T10:11:30.880173Z  INFO herdr::server::headless: client connected client_id=42 cols=210 rows=53 cell_width_px=0 cell_height_px=0 render_encoding=SemanticFrame
2026-08-18T10:11:49.222115Z  INFO herdr::server::headless: client detach requested via keybind client_id=42
2026-08-18T10:11:49.231416Z  INFO herdr::server::headless: client disconnected client_id=42
2026-08-18T10:13:47.558453Z  INFO herdr::logging: checking for updates event="update.check.start" subsystem="update" outcome="started"
2026-08-18T10:13:47.639445Z  WARN herdr::detect::manifest_update: skipping unknown remote manifest agent agent="qwen"
2026-08-18T10:43:47.558966Z  INFO herdr::logging: checking for updates event="update.check.start" subsystem="update" outcome="started"
2026-08-18T10:43:47.646722Z  WARN herdr::detect::manifest_update: skipping unknown remote manifest agent agent="qwen"
2026-08-18T11:13:47.560225Z  INFO herdr::logging: checking for updates event="update.check.start" subsystem="update" outcome="started"
2026-08-18T11:13:47.669555Z  WARN herdr::detect::manifest_update: skipping unknown remote manifest agent agent="qwen"
2026-08-18T11:15:42.298878Z  INFO herdr::server::headless: client connected client_id=44 cols=210 rows=53 cell_width_px=0 cell_height_px=0 render_encoding=SemanticFrame
2026-08-18T11:24:20.711840Z  INFO herdr::logging: pane child exited event="pane.exit" subsystem="pane" outcome="completed" pane_id=10 status="ExitStatus { code: 0, signal: None }"
2026-08-18T11:24:20.718618Z  INFO herdr::pane: pane session terminated pane=10 pid=2952773 signal=Hangup
2026-08-18T11:24:20.718789Z  INFO herdr::logging: spawning pane terminal event="pane.spawn.start" subsystem="pane" outcome="started" pane_id=11 rows=52 cols=206 scrollback_limit_bytes=10000000
2026-08-18T11:24:20.721585Z  INFO herdr::logging: pane child spawned event="pane.spawned" subsystem="pane" outcome="ok" pane_id=11 pid=3728965
2026-08-18T11:24:20.722091Z  INFO herdr::logging: workspace created event="workspace.create" subsystem="workspace" outcome="ok" workspace_id="w3X" pane_id=11
2026-08-18T11:24:20.722128Z  INFO herdr::logging: workspace focused event="workspace.focus" subsystem="workspace" outcome="ok" workspace_id="w3X"
2026-08-18T11:24:20.722143Z  INFO herdr::logging: tab focused event="tab.focus" subsystem="tab" outcome="ok" workspace_id="w3X" tab_id="w3X:t1"
2026-08-18T11:24:23.132152Z  INFO herdr::server::headless: client detach requested via keybind client_id=44
2026-08-18T11:24:23.139210Z  INFO herdr::server::headless: client disconnected client_id=44
2026-08-18T11:24:25.732232Z  INFO herdr::logging: session saved event="persist.save" subsystem="persist" outcome="ok" path=/home/morehush/.config/herdr/session.json workspaces=1
2026-08-18T11:43:47.561600Z  INFO herdr::logging: checking for updates event="update.check.start" subsystem="update" outcome="started"
2026-08-18T11:43:47.692265Z  WARN herdr::detect::manifest_update: skipping unknown remote manifest agent agent="qwen"
2026-08-18T12:13:47.562999Z  INFO herdr::logging: checking for updates event="update.check.start" subsystem="update" outcome="started"
2026-08-18T12:13:47.658786Z  WARN herdr::detect::manifest_update: skipping unknown remote manifest agent agent="qwen"
2026-08-18T12:43:47.564595Z  INFO herdr::logging: checking for updates event="update.check.start" subsystem="update" outcome="started"
2026-08-18T12:43:47.670719Z  WARN herdr::detect::manifest_update: skipping unknown remote manifest agent agent="qwen"
2026-08-18T13:10:01.897648Z  INFO herdr::server::headless: client connected client_id=46 cols=210 rows=53 cell_width_px=0 cell_height_px=0 render_encoding=SemanticFrame
2026-08-18T13:10:19.610823Z  INFO herdr::server::headless: client detach requested via keybind client_id=46
2026-08-18T13:10:19.613727Z  INFO herdr::server::headless: client disconnected client_id=46
2026-08-18T13:13:47.565479Z  INFO herdr::logging: checking for updates event="update.check.start" subsystem="update" outcome="started"
2026-08-18T13:13:47.655494Z  WARN herdr::detect::manifest_update: skipping unknown remote manifest agent agent="qwen"
2026-08-18T13:43:47.566684Z  INFO herdr::logging: checking for updates event="update.check.start" subsystem="update" outcome="started"
2026-08-18T13:43:47.673832Z  WARN herdr::detect::manifest_update: skipping unknown remote manifest agent agent="qwen"
2026-08-18T14:13:47.569156Z  INFO herdr::logging: checking for updates event="update.check.start" subsystem="update" outcome="started"
2026-08-18T14:13:47.657829Z  WARN herdr::detect::manifest_update: skipping unknown remote manifest agent agent="qwen"
2026-08-18T14:43:47.570818Z  INFO herdr::logging: checking for updates event="update.check.start" subsystem="update" outcome="started"
2026-08-18T14:43:47.725375Z  WARN herdr::detect::manifest_update: skipping unknown remote manifest agent agent="qwen"
2026-08-18T15:13:47.572834Z  INFO herdr::logging: checking for updates event="update.check.start" subsystem="update" outcome="started"
2026-08-18T15:13:47.641089Z  WARN herdr::detect::manifest_update: skipping unknown remote manifest agent agent="qwen"
2026-08-18T15:43:47.574791Z  INFO herdr::logging: checking for updates event="update.check.start" subsystem="update" outcome="started"
2026-08-18T15:43:47.676380Z  WARN herdr::detect::manifest_update: skipping unknown remote manifest agent agent="qwen"
2026-08-18T16:13:47.576430Z  INFO herdr::logging: checking for updates event="update.check.start" subsystem="update" outcome="started"
2026-08-18T16:13:47.680228Z  WARN herdr::detect::manifest_update: skipping unknown remote manifest agent agent="qwen"
2026-08-18T16:43:47.576933Z  INFO herdr::logging: checking for updates event="update.check.start" subsystem="update" outcome="started"
2026-08-18T16:43:47.659027Z  WARN herdr::detect::manifest_update: skipping unknown remote manifest agent agent="qwen"
2026-08-18T17:13:47.579142Z  INFO herdr::logging: checking for updates event="update.check.start" subsystem="update" outcome="started"
2026-08-18T17:13:47.639237Z  WARN herdr::detect::manifest_update: skipping unknown remote manifest agent agent="qwen"
2026-08-18T17:21:32.109823Z  INFO herdr::server::headless: client connected client_id=48 cols=210 rows=53 cell_width_px=0 cell_height_px=0 render_encoding=SemanticFrame
2026-08-18T17:25:34.692940Z  INFO herdr::server::headless: client detach requested via keybind client_id=48
2026-08-18T17:25:34.702179Z  INFO herdr::server::headless: client disconnected client_id=48
2026-08-18T17:43:47.581067Z  INFO herdr::logging: checking for updates event="update.check.start" subsystem="update" outcome="started"
2026-08-18T17:43:47.682711Z  WARN herdr::detect::manifest_update: skipping unknown remote manifest agent agent="qwen"
2026-08-18T18:13:47.582396Z  INFO herdr::logging: checking for updates event="update.check.start" subsystem="update" outcome="started"
2026-08-18T18:13:47.665861Z  WARN herdr::detect::manifest_update: skipping unknown remote manifest agent agent="qwen"
2026-08-18T18:43:47.584336Z  INFO herdr::logging: checking for updates event="update.check.start" subsystem="update" outcome="started"
2026-08-18T18:43:47.642255Z  WARN herdr::detect::manifest_update: skipping unknown remote manifest agent agent="qwen"
2026-08-18T19:13:47.585559Z  INFO herdr::logging: checking for updates event="update.check.start" subsystem="update" outcome="started"
2026-08-18T19:13:47.640184Z  WARN herdr::detect::manifest_update: skipping unknown remote manifest agent agent="qwen"
2026-08-18T19:43:47.586957Z  INFO herdr::logging: checking for updates event="update.check.start" subsystem="update" outcome="started"
2026-08-18T19:43:47.696353Z  WARN herdr::detect::manifest_update: skipping unknown remote manifest agent agent="qwen"
2026-08-18T20:13:47.588690Z  INFO herdr::logging: checking for updates event="update.check.start" subsystem="update" outcome="started"
2026-08-18T20:13:47.685162Z  WARN herdr::detect::manifest_update: skipping unknown remote manifest agent agent="qwen"
2026-08-18T20:17:40.096113Z  INFO herdr::server::headless: client connected client_id=50 cols=210 rows=53 cell_width_px=0 cell_height_px=0 render_encoding=SemanticFrame
2026-08-18T20:18:25.625616Z  INFO herdr::server::headless: client detach requested via keybind client_id=50
2026-08-18T20:18:25.631477Z  INFO herdr::server::headless: client disconnected client_id=50
2026-08-18T20:43:47.591086Z  INFO herdr::logging: checking for updates event="update.check.start" subsystem="update" outcome="started"
2026-08-18T20:43:47.668230Z  WARN herdr::detect::manifest_update: skipping unknown remote manifest agent agent="qwen"
2026-08-18T21:13:47.593189Z  INFO herdr::logging: checking for updates event="update.check.start" subsystem="update" outcome="started"
2026-08-18T21:13:47.676228Z  WARN herdr::detect::manifest_update: skipping unknown remote manifest agent agent="qwen"
2026-08-18T21:40:58.009568Z  INFO herdr::server::headless: client connected client_id=52 cols=210 rows=53 cell_width_px=0 cell_height_px=0 render_encoding=SemanticFrame
2026-08-18T21:43:47.593840Z  INFO herdr::logging: checking for updates event="update.check.start" subsystem="update" outcome="started"
2026-08-18T21:43:47.696468Z  WARN herdr::detect::manifest_update: skipping unknown remote manifest agent agent="qwen"
2026-08-18T22:13:47.596137Z  INFO herdr::logging: checking for updates event="update.check.start" subsystem="update" outcome="started"
2026-08-18T22:13:47.704332Z  WARN herdr::detect::manifest_update: skipping unknown remote manifest agent agent="qwen"
2026-08-18T22:29:14.427563Z  INFO herdr::server::headless: client detach requested via keybind client_id=52
2026-08-18T22:29:14.437271Z  INFO herdr::server::headless: client disconnected client_id=52
2026-08-18T22:43:47.597379Z  INFO herdr::logging: checking for updates event="update.check.start" subsystem="update" outcome="started"
2026-08-18T22:43:47.691091Z  WARN herdr::detect::manifest_update: skipping unknown remote manifest agent agent="qwen"
2026-08-18T23:13:47.598357Z  INFO herdr::logging: checking for updates event="update.check.start" subsystem="update" outcome="started"
2026-08-18T23:13:47.686575Z  WARN herdr::detect::manifest_update: skipping unknown remote manifest agent agent="qwen"
2026-08-18T23:29:49.916738Z  INFO herdr::server::headless: client connected client_id=54 cols=210 rows=53 cell_width_px=0 cell_height_px=0 render_encoding=SemanticFrame
2026-08-18T23:30:09.751164Z  INFO herdr::server::headless: client detach requested via keybind client_id=54
2026-08-18T23:30:09.760525Z  INFO herdr::server::headless: client disconnected client_id=54
2026-08-18T23:36:35.844763Z  INFO herdr::server::headless: client connected client_id=56 cols=210 rows=53 cell_width_px=0 cell_height_px=0 render_encoding=SemanticFrame
2026-08-18T23:37:24.065429Z  INFO herdr::server::headless: client detach requested via keybind client_id=56
2026-08-18T23:37:24.070302Z  INFO herdr::server::headless: client disconnected client_id=56
2026-08-18T23:43:47.599715Z  INFO herdr::logging: checking for updates event="update.check.start" subsystem="update" outcome="started"
2026-08-18T23:43:47.709702Z  WARN herdr::detect::manifest_update: skipping unknown remote manifest agent agent="qwen"
2026-08-19T00:13:47.608266Z  INFO herdr::logging: checking for updates event="update.check.start" subsystem="update" outcome="started"
2026-08-19T00:13:47.714623Z  WARN herdr::detect::manifest_update: skipping unknown remote manifest agent agent="qwen"
2026-08-19T00:43:47.602840Z  INFO herdr::logging: checking for updates event="update.check.start" subsystem="update" outcome="started"
2026-08-19T00:43:47.690329Z  WARN herdr::detect::manifest_update: skipping unknown remote manifest agent agent="qwen"
2026-08-19T01:13:47.604674Z  INFO herdr::logging: checking for updates event="update.check.start" subsystem="update" outcome="started"
2026-08-19T01:13:47.711764Z  WARN herdr::detect::manifest_update: skipping unknown remote manifest agent agent="qwen"
2026-08-19T01:43:47.606164Z  INFO herdr::logging: checking for updates event="update.check.start" subsystem="update" outcome="started"
2026-08-19T01:43:47.691870Z  WARN herdr::detect::manifest_update: skipping unknown remote manifest agent agent="qwen"
2026-08-19T02:13:47.607605Z  INFO herdr::logging: checking for updates event="update.check.start" subsystem="update" outcome="started"
2026-08-19T02:13:47.698105Z  WARN herdr::detect::manifest_update: skipping unknown remote manifest agent agent="qwen"
2026-08-19T02:43:47.609731Z  INFO herdr::logging: checking for updates event="update.check.start" subsystem="update" outcome="started"
2026-08-19T02:43:47.686982Z  WARN herdr::detect::manifest_update: skipping unknown remote manifest agent agent="qwen"
2026-08-19T03:13:47.611471Z  INFO herdr::logging: checking for updates event="update.check.start" subsystem="update" outcome="started"
2026-08-19T03:13:47.700287Z  WARN herdr::detect::manifest_update: skipping unknown remote manifest agent agent="qwen"
2026-08-19T03:43:47.612707Z  INFO herdr::logging: checking for updates event="update.check.start" subsystem="update" outcome="started"
2026-08-19T03:43:47.710523Z  WARN herdr::detect::manifest_update: skipping unknown remote manifest agent agent="qwen"
2026-08-19T04:13:47.614665Z  INFO herdr::logging: checking for updates event="update.check.start" subsystem="update" outcome="started"
2026-08-19T04:13:47.668290Z  WARN herdr::detect::manifest_update: skipping unknown remote manifest agent agent="qwen"
2026-08-19T04:43:47.616391Z  INFO herdr::logging: checking for updates event="update.check.start" subsystem="update" outcome="started"
2026-08-19T04:43:47.693947Z  WARN herdr::detect::manifest_update: skipping unknown remote manifest agent agent="qwen"
2026-08-19T05:13:47.618247Z  INFO herdr::logging: checking for updates event="update.check.start" subsystem="update" outcome="started"
2026-08-19T05:13:47.783394Z  WARN herdr::detect::manifest_update: skipping unknown remote manifest agent agent="qwen"
2026-08-19T05:43:47.619968Z  INFO herdr::logging: checking for updates event="update.check.start" subsystem="update" outcome="started"
2026-08-19T05:43:47.731052Z  WARN herdr::detect::manifest_update: skipping unknown remote manifest agent agent="qwen"
2026-08-19T06:13:47.621300Z  INFO herdr::logging: checking for updates event="update.check.start" subsystem="update" outcome="started"
2026-08-19T06:13:47.755504Z  WARN herdr::detect::manifest_update: skipping unknown remote manifest agent agent="qwen"
2026-08-19T06:43:47.622950Z  INFO herdr::logging: checking for updates event="update.check.start" subsystem="update" outcome="started"
2026-08-19T06:43:47.692741Z  WARN herdr::detect::manifest_update: skipping unknown remote manifest agent agent="qwen"
2026-08-19T07:13:47.624117Z  INFO herdr::logging: checking for updates event="update.check.start" subsystem="update" outcome="started"
2026-08-19T07:13:47.701220Z  WARN herdr::detect::manifest_update: skipping unknown remote manifest agent agent="qwen"
2026-08-19T07:43:47.625081Z  INFO herdr::logging: checking for updates event="update.check.start" subsystem="update" outcome="started"
2026-08-19T07:43:47.705093Z  WARN herdr::detect::manifest_update: skipping unknown remote manifest agent agent="qwen"
2026-08-19T08:13:47.626479Z  INFO herdr::logging: checking for updates event="update.check.start" subsystem="update" outcome="started"
2026-08-19T08:13:47.711978Z  WARN herdr::detect::manifest_update: skipping unknown remote manifest agent agent="qwen"
2026-08-19T08:43:47.628136Z  INFO herdr::logging: checking for updates event="update.check.start" subsystem="update" outcome="started"
2026-08-19T08:43:47.727231Z  WARN herdr::detect::manifest_update: skipping unknown remote manifest agent agent="qwen"
2026-08-19T09:13:47.629367Z  INFO herdr::logging: checking for updates event="update.check.start" subsystem="update" outcome="started"
2026-08-19T09:13:47.708838Z  WARN herdr::detect::manifest_update: skipping unknown remote manifest agent agent="qwen"
2026-08-19T09:43:47.630691Z  INFO herdr::logging: checking for updates event="update.check.start" subsystem="update" outcome="started"
2026-08-19T09:43:47.723161Z  WARN herdr::detect::manifest_update: skipping unknown remote manifest agent agent="qwen"
2026-08-19T10:13:47.632913Z  INFO herdr::logging: checking for updates event="update.check.start" subsystem="update" outcome="started"
2026-08-19T10:13:47.742491Z  WARN herdr::detect::manifest_update: skipping unknown remote manifest agent agent="qwen"
2026-08-19T10:43:47.634044Z  INFO herdr::logging: checking for updates event="update.check.start" subsystem="update" outcome="started"
2026-08-19T10:43:47.719310Z  WARN herdr::detect::manifest_update: skipping unknown remote manifest agent agent="qwen"
2026-08-19T11:13:47.635410Z  INFO herdr::logging: checking for updates event="update.check.start" subsystem="update" outcome="started"
2026-08-19T11:13:47.717732Z  WARN herdr::detect::manifest_update: skipping unknown remote manifest agent agent="qwen"
2026-08-19T11:43:47.635909Z  INFO herdr::logging: checking for updates event="update.check.start" subsystem="update" outcome="started"
2026-08-19T11:43:47.724373Z  WARN herdr::detect::manifest_update: skipping unknown remote manifest agent agent="qwen"
2026-08-19T12:13:47.637706Z  INFO herdr::logging: checking for updates event="update.check.start" subsystem="update" outcome="started"
2026-08-19T12:13:47.725486Z  WARN herdr::detect::manifest_update: skipping unknown remote manifest agent agent="qwen"
2026-08-19T12:43:47.639784Z  INFO herdr::logging: checking for updates event="update.check.start" subsystem="update" outcome="started"
2026-08-19T12:43:47.743160Z  WARN herdr::detect::manifest_update: skipping unknown remote manifest agent agent="qwen"
2026-08-19T13:10:58.367236Z  INFO herdr::server::headless: client connected client_id=58 cols=210 rows=53 cell_width_px=0 cell_height_px=0 render_encoding=SemanticFrame
2026-08-19T13:12:02.854644Z  INFO herdr::server::headless: client detach requested via keybind client_id=58
2026-08-19T13:12:02.860566Z  INFO herdr::server::headless: client disconnected client_id=58
2026-08-19T13:13:47.641028Z  INFO herdr::logging: checking for updates event="update.check.start" subsystem="update" outcome="started"
2026-08-19T13:13:47.713449Z  WARN herdr::detect::manifest_update: skipping unknown remote manifest agent agent="qwen"
2026-08-19T13:43:47.641982Z  INFO herdr::logging: checking for updates event="update.check.start" subsystem="update" outcome="started"
2026-08-19T13:43:47.736707Z  WARN herdr::detect::manifest_update: skipping unknown remote manifest agent agent="qwen"
2026-08-19T14:13:47.643317Z  INFO herdr::logging: checking for updates event="update.check.start" subsystem="update" outcome="started"
2026-08-19T14:13:47.717456Z  WARN herdr::detect::manifest_update: skipping unknown remote manifest agent agent="qwen"
2026-08-19T14:43:47.644283Z  INFO herdr::logging: checking for updates event="update.check.start" subsystem="update" outcome="started"
2026-08-19T14:43:47.736731Z  WARN herdr::detect::manifest_update: skipping unknown remote manifest agent agent="qwen"
2026-08-19T15:08:29.672376Z  INFO herdr::server::headless: server shutdown initiated
2026-08-19T15:08:29.722649Z  INFO herdr::server::headless: completing server shutdown
2026-08-19T15:08:29.724840Z  INFO herdr::logging: session saved event="persist.save" subsystem="persist" outcome="ok" path=/home/morehush/.config/herdr/session.json workspaces=1
2026-08-19T15:08:29.724903Z  INFO herdr::server::headless: headless server exiting
2026-08-19T15:08:29.728150Z  INFO herdr::logging: pane child exited event="pane.exit" subsystem="pane" outcome="completed" pane_id=11 status="ExitStatus { code: 1, signal: Some(\"Hangup\") }"
2026-08-19T15:08:29.731215Z  INFO herdr::pane: pane session terminated pane=11 pid=3728965 signal=Hangup
2026-08-19T15:08:29.733009Z  INFO herdr::logging: herdr exiting event="app.shutdown" subsystem="server" outcome="completed" pid=1433668
2026-08-21T17:13:31.238489Z  INFO herdr::api::server: api server listening path=/home/morehush/.config/herdr/herdr.sock
2026-08-21T17:13:31.245628Z  INFO herdr::logging: spawning pane terminal event="pane.spawn.start" subsystem="pane" outcome="started" pane_id=1 rows=24 cols=80 scrollback_limit_bytes=10000000
2026-08-21T17:13:31.248628Z  INFO herdr::logging: pane child spawned event="pane.spawned" subsystem="pane" outcome="ok" pane_id=1 pid=365749
2026-08-21T17:13:31.250269Z  INFO herdr::logging: session restore evaluated event="persist.restore" subsystem="persist" outcome="ok" workspaces=1
2026-08-21T17:13:31.250571Z  INFO herdr::app: using pane scrollback configuration pane_scrollback_limit_bytes=10000000
2026-08-21T17:13:31.322807Z  INFO herdr::logging: checking for updates event="update.check.start" subsystem="update" outcome="started"
2026-08-21T17:13:31.324518Z  INFO herdr::server::headless: restored session already has workspaces; ignoring startup cwd cwd=/srv/dev-disk-by-uuid-0e985547-a7b9-4a1f-ace7-2c81fd9cc3e5/ssd/Sync/bookdrop
2026-08-21T17:13:31.324661Z  INFO herdr::server::headless: client protocol socket listening path=/home/morehush/.config/herdr/herdr-client.sock
2026-08-21T17:13:31.324690Z  INFO herdr::server::headless: herdr server started api_socket=/home/morehush/.config/herdr/herdr.sock client_socket=/home/morehush/.config/herdr/herdr-client.sock
2026-08-21T17:13:31.325754Z  INFO herdr::logging: herdr starting event="app.startup" subsystem="server" outcome="started" pid=365735
2026-08-21T17:13:31.343445Z  INFO herdr::server::headless: client connected client_id=2 cols=210 rows=53 cell_width_px=0 cell_height_px=0 render_encoding=SemanticFrame
2026-08-21T17:13:31.399526Z  WARN herdr::detect::manifest_update: skipping unknown remote manifest agent agent="qwen"
2026-08-21T17:13:31.477388Z  INFO herdr::logging: update available event="update.available" subsystem="update" outcome="ok" version="0.8.2"
2026-08-21T17:13:31.477438Z  INFO herdr::update: new stable build available at https://github.com/herdrdev/herdr/releases/download/v0.8.2/herdr-linux-x86_64
2026-08-21T17:13:31.478178Z  INFO herdr::update: auto-update check: 0.8.2 available, waiting for explicit install
2026-08-21T17:13:37.004020Z  INFO herdr::logging: spawning pane terminal event="pane.spawn.start" subsystem="pane" outcome="started" pane_id=2 rows=52 cols=206 scrollback_limit_bytes=10000000
2026-08-21T17:13:37.006582Z  INFO herdr::logging: pane child spawned event="pane.spawned" subsystem="pane" outcome="ok" pane_id=2 pid=365881
2026-08-21T17:13:37.007199Z  INFO herdr::logging: tab focused event="tab.focus" subsystem="tab" outcome="ok" workspace_id="w3X" tab_id="w3X:t1"
2026-08-21T17:13:42.016427Z  INFO herdr::logging: session saved event="persist.save" subsystem="persist" outcome="ok" path=/home/morehush/.config/herdr/session.json workspaces=1
2026-08-21T17:13:46.906630Z  INFO herdr::logging: tab focused event="tab.focus" subsystem="tab" outcome="ok" workspace_id="w3X" tab_id="w3X:t1"
2026-08-21T17:13:51.910294Z  INFO herdr::logging: session saved event="persist.save" subsystem="persist" outcome="ok" path=/home/morehush/.config/herdr/session.json workspaces=1
2026-08-21T17:14:10.589103Z  INFO herdr::logging: tab focused event="tab.focus" subsystem="tab" outcome="ok" workspace_id="w3X" tab_id="w3X:t1"
2026-08-21T17:14:15.592325Z  INFO herdr::logging: session saved event="persist.save" subsystem="persist" outcome="ok" path=/home/morehush/.config/herdr/session.json workspaces=1
2026-08-21T17:14:32.265488Z  INFO herdr::logging: tab focused event="tab.focus" subsystem="tab" outcome="ok" workspace_id="w3X" tab_id="w3X:t1"
2026-08-21T17:14:37.267211Z  INFO herdr::logging: session saved event="persist.save" subsystem="persist" outcome="ok" path=/home/morehush/.config/herdr/session.json workspaces=1
2026-08-21T17:16:40.220478Z  INFO herdr::logging: tab focused event="tab.focus" subsystem="tab" outcome="ok" workspace_id="w3X" tab_id="w3X:t1"
2026-08-21T17:16:42.460714Z  INFO herdr::logging: pane child exited event="pane.exit" subsystem="pane" outcome="completed" pane_id=2 status="ExitStatus { code: 0, signal: None }"
2026-08-21T17:16:42.465577Z  INFO herdr::pane: pane session terminated pane=2 pid=365881 signal=Hangup
2026-08-21T17:16:47.468200Z  INFO herdr::logging: session saved event="persist.save" subsystem="persist" outcome="ok" path=/home/morehush/.config/herdr/session.json workspaces=1
2026-08-21T17:16:49.825661Z  INFO herdr::server::headless: client resize client_id=2 cols=104 rows=53 cell_width_px=0 cell_height_px=0
2026-08-21T17:22:48.899533Z  INFO herdr::server::headless: client resize client_id=2 cols=210 rows=53 cell_width_px=0 cell_height_px=0
2026-08-21T17:22:51.317110Z  INFO herdr::logging: pane child exited event="pane.exit" subsystem="pane" outcome="completed" pane_id=1 status="ExitStatus { code: 0, signal: None }"
2026-08-21T17:22:51.325961Z  INFO herdr::pane: pane session terminated pane=1 pid=365749 signal=Hangup
2026-08-21T17:22:51.326567Z  INFO herdr::logging: spawning pane terminal event="pane.spawn.start" subsystem="pane" outcome="started" pane_id=3 rows=52 cols=206 scrollback_limit_bytes=10000000
2026-08-21T17:22:51.328918Z  INFO herdr::logging: pane child spawned event="pane.spawned" subsystem="pane" outcome="ok" pane_id=3 pid=373549
2026-08-21T17:22:51.329289Z  INFO herdr::logging: workspace created event="workspace.create" subsystem="workspace" outcome="ok" workspace_id="w3Y" pane_id=3
2026-08-21T17:22:51.329316Z  INFO herdr::logging: workspace focused event="workspace.focus" subsystem="workspace" outcome="ok" workspace_id="w3Y"
2026-08-21T17:22:51.329332Z  INFO herdr::logging: tab focused event="tab.focus" subsystem="tab" outcome="ok" workspace_id="w3Y" tab_id="w3Y:t1"
2026-08-21T17:22:53.707695Z  INFO herdr::server::headless: client detach requested via keybind client_id=2
2026-08-21T17:22:53.710353Z  INFO herdr::server::headless: client disconnected client_id=2
2026-08-21T17:22:56.331678Z  INFO herdr::logging: session saved event="persist.save" subsystem="persist" outcome="ok" path=/home/morehush/.config/herdr/session.json workspaces=1
2026-08-21T17:22:59.895574Z  INFO herdr::server::headless: server shutdown initiated
2026-08-21T17:22:59.945907Z  INFO herdr::server::headless: completing server shutdown
2026-08-21T17:22:59.946603Z  INFO herdr::logging: session saved event="persist.save" subsystem="persist" outcome="ok" path=/home/morehush/.config/herdr/session.json workspaces=1
2026-08-21T17:22:59.946644Z  INFO herdr::server::headless: headless server exiting
2026-08-21T17:22:59.948060Z  INFO herdr::logging: pane child exited event="pane.exit" subsystem="pane" outcome="completed" pane_id=3 status="ExitStatus { code: 1, signal: Some(\"Hangup\") }"
2026-08-21T17:22:59.953301Z  INFO herdr::pane: pane session terminated pane=3 pid=373549 signal=Hangup
2026-08-21T17:22:59.954092Z  INFO herdr::logging: herdr exiting event="app.shutdown" subsystem="server" outcome="completed" pid=365735
