2026-07-07T22:49:36.058606Z  INFO herdr::api::server: api server listening path=/home/morehush/.config/herdr/herdr.sock
2026-07-07T22:49:36.061409Z  INFO herdr::app: using pane scrollback configuration pane_scrollback_limit_bytes=10000000
2026-07-07T22:49:36.095113Z  INFO herdr::logging: checking for updates event="update.check.start" subsystem="update" outcome="started"
2026-07-07T22:49:36.096965Z  INFO herdr::logging: spawning pane terminal event="pane.spawn.start" subsystem="pane" outcome="started" pane_id=1 rows=24 cols=80 scrollback_limit_bytes=10000000
2026-07-07T22:49:36.097590Z  INFO herdr::logging: pane child spawned event="pane.spawned" subsystem="pane" outcome="ok" pane_id=1 pid=4163020
2026-07-07T22:49:36.097726Z  INFO herdr::logging: workspace created event="workspace.create" subsystem="workspace" outcome="ok" workspace_id="w1" pane_id=1
2026-07-07T22:49:36.097747Z  INFO herdr::logging: workspace focused event="workspace.focus" subsystem="workspace" outcome="ok" workspace_id="w1"
2026-07-07T22:49:36.097752Z  INFO herdr::logging: tab focused event="tab.focus" subsystem="tab" outcome="ok" workspace_id="w1" tab_id="w1:t1"
2026-07-07T22:49:36.097755Z  INFO herdr::server::headless: created startup workspace cwd=/home/morehush
2026-07-07T22:49:36.097811Z  INFO herdr::server::headless: client protocol socket listening path=/home/morehush/.config/herdr/herdr-client.sock
2026-07-07T22:49:36.097829Z  INFO herdr::server::headless: herdr server started api_socket=/home/morehush/.config/herdr/herdr.sock client_socket=/home/morehush/.config/herdr/herdr-client.sock
2026-07-07T22:49:36.097839Z  INFO herdr::logging: herdr starting event="app.startup" subsystem="server" outcome="started" pid=4163000
2026-07-07T22:49:36.117391Z  INFO herdr::server::headless: client connected client_id=2 cols=211 rows=52 cell_width_px=0 cell_height_px=0 render_encoding=SemanticFrame
2026-07-07T22:49:41.107520Z  INFO herdr::logging: session saved event="persist.save" subsystem="persist" outcome="ok" path=/home/morehush/.config/herdr/session.json workspaces=1
2026-07-07T22:51:39.828988Z  INFO herdr::logging: spawning pane terminal event="pane.spawn.start" subsystem="pane" outcome="started" pane_id=2 rows=51 cols=185 scrollback_limit_bytes=10000000
2026-07-07T22:51:39.832044Z  INFO herdr::logging: pane child spawned event="pane.spawned" subsystem="pane" outcome="ok" pane_id=2 pid=4164825
2026-07-07T22:51:39.836284Z  INFO herdr::logging: tab focused event="tab.focus" subsystem="tab" outcome="ok" workspace_id="w1" tab_id="w1:t2"
2026-07-07T22:51:43.405626Z  INFO herdr::logging: tab focused event="tab.focus" subsystem="tab" outcome="ok" workspace_id="w1" tab_id="w1:t1"
2026-07-07T22:51:45.557981Z  INFO herdr::logging: tab focused event="tab.focus" subsystem="tab" outcome="ok" workspace_id="w1" tab_id="w1:t2"
2026-07-07T22:51:50.559935Z  INFO herdr::logging: session saved event="persist.save" subsystem="persist" outcome="ok" path=/home/morehush/.config/herdr/session.json workspaces=1
2026-07-07T22:54:48.975181Z  INFO herdr::logging: pane child exited event="pane.exit" subsystem="pane" outcome="completed" pane_id=2 status="ExitStatus { code: 0, signal: None }"
2026-07-07T22:54:48.986876Z  INFO herdr::pane: pane session terminated pane=2 pid=4164825 signal=Hangup
2026-07-07T22:54:50.364859Z  INFO herdr::logging: pane child exited event="pane.exit" subsystem="pane" outcome="completed" pane_id=1 status="ExitStatus { code: 0, signal: None }"
2026-07-07T22:54:50.368481Z  INFO herdr::pane: pane session terminated pane=1 pid=4163020 signal=Hangup
2026-07-07T22:54:50.368545Z  INFO herdr::logging: spawning pane terminal event="pane.spawn.start" subsystem="pane" outcome="started" pane_id=3 rows=51 cols=185 scrollback_limit_bytes=10000000
2026-07-07T22:54:50.369839Z  INFO herdr::logging: pane child spawned event="pane.spawned" subsystem="pane" outcome="ok" pane_id=3 pid=4168016
2026-07-07T22:54:50.369979Z  INFO herdr::logging: workspace created event="workspace.create" subsystem="workspace" outcome="ok" workspace_id="w2" pane_id=3
2026-07-07T22:54:50.369989Z  INFO herdr::logging: workspace focused event="workspace.focus" subsystem="workspace" outcome="ok" workspace_id="w2"
2026-07-07T22:54:50.370009Z  INFO herdr::logging: tab focused event="tab.focus" subsystem="tab" outcome="ok" workspace_id="w2" tab_id="w2:t1"
2026-07-07T22:54:54.363867Z  INFO herdr::server::headless: client detach requested via keybind client_id=2
2026-07-07T22:54:54.373466Z  INFO herdr::server::headless: client disconnected client_id=2
2026-07-07T22:54:55.378260Z  INFO herdr::logging: session saved event="persist.save" subsystem="persist" outcome="ok" path=/home/morehush/.config/herdr/session.json workspaces=1
2026-07-07T22:54:59.391224Z  INFO herdr::server::headless: client connected client_id=4 cols=211 rows=52 cell_width_px=0 cell_height_px=0 render_encoding=SemanticFrame
2026-07-07T22:55:02.573296Z  INFO herdr::logging: pane child exited event="pane.exit" subsystem="pane" outcome="completed" pane_id=3 status="ExitStatus { code: 0, signal: None }"
2026-07-07T22:55:02.585351Z  INFO herdr::pane: pane session terminated pane=3 pid=4168016 signal=Hangup
2026-07-07T22:55:02.586054Z  INFO herdr::logging: spawning pane terminal event="pane.spawn.start" subsystem="pane" outcome="started" pane_id=4 rows=51 cols=185 scrollback_limit_bytes=10000000
2026-07-07T22:55:02.588928Z  INFO herdr::logging: pane child spawned event="pane.spawned" subsystem="pane" outcome="ok" pane_id=4 pid=4168233
2026-07-07T22:55:02.589389Z  INFO herdr::logging: workspace created event="workspace.create" subsystem="workspace" outcome="ok" workspace_id="w3" pane_id=4
2026-07-07T22:55:02.589410Z  INFO herdr::logging: workspace focused event="workspace.focus" subsystem="workspace" outcome="ok" workspace_id="w3"
2026-07-07T22:55:02.589435Z  INFO herdr::logging: tab focused event="tab.focus" subsystem="tab" outcome="ok" workspace_id="w3" tab_id="w3:t1"
2026-07-07T22:55:04.031585Z  INFO herdr::logging: pane child exited event="pane.exit" subsystem="pane" outcome="completed" pane_id=4 status="ExitStatus { code: 0, signal: None }"
2026-07-07T22:55:04.044892Z  INFO herdr::pane: pane session terminated pane=4 pid=4168233 signal=Hangup
2026-07-07T22:55:04.045855Z  INFO herdr::logging: spawning pane terminal event="pane.spawn.start" subsystem="pane" outcome="started" pane_id=5 rows=51 cols=185 scrollback_limit_bytes=10000000
2026-07-07T22:55:04.049158Z  INFO herdr::logging: pane child spawned event="pane.spawned" subsystem="pane" outcome="ok" pane_id=5 pid=4168286
2026-07-07T22:55:04.049540Z  INFO herdr::logging: workspace created event="workspace.create" subsystem="workspace" outcome="ok" workspace_id="w4" pane_id=5
2026-07-07T22:55:04.049560Z  INFO herdr::logging: workspace focused event="workspace.focus" subsystem="workspace" outcome="ok" workspace_id="w4"
2026-07-07T22:55:04.049585Z  INFO herdr::logging: tab focused event="tab.focus" subsystem="tab" outcome="ok" workspace_id="w4" tab_id="w4:t1"
2026-07-07T22:55:05.346504Z  INFO herdr::logging: pane child exited event="pane.exit" subsystem="pane" outcome="completed" pane_id=5 status="ExitStatus { code: 0, signal: None }"
2026-07-07T22:55:05.358726Z  INFO herdr::pane: pane session terminated pane=5 pid=4168286 signal=Hangup
2026-07-07T22:55:05.359193Z  INFO herdr::logging: spawning pane terminal event="pane.spawn.start" subsystem="pane" outcome="started" pane_id=6 rows=51 cols=185 scrollback_limit_bytes=10000000
2026-07-07T22:55:05.362298Z  INFO herdr::logging: pane child spawned event="pane.spawned" subsystem="pane" outcome="ok" pane_id=6 pid=4168300
2026-07-07T22:55:05.362742Z  INFO herdr::logging: workspace created event="workspace.create" subsystem="workspace" outcome="ok" workspace_id="w5" pane_id=6
2026-07-07T22:55:05.362776Z  INFO herdr::logging: workspace focused event="workspace.focus" subsystem="workspace" outcome="ok" workspace_id="w5"
2026-07-07T22:55:05.362811Z  INFO herdr::logging: tab focused event="tab.focus" subsystem="tab" outcome="ok" workspace_id="w5" tab_id="w5:t1"
2026-07-07T22:55:10.364877Z  INFO herdr::logging: session saved event="persist.save" subsystem="persist" outcome="ok" path=/home/morehush/.config/herdr/session.json workspaces=1
2026-07-07T22:57:10.664045Z  INFO herdr::logging: workspace closed event="workspace.close" subsystem="workspace" outcome="ok" workspace_id="w5"
2026-07-07T22:57:10.665534Z  INFO herdr::logging: pane child exited event="pane.exit" subsystem="pane" outcome="completed" pane_id=6 status="ExitStatus { code: 1, signal: Some(\"Hangup\") }"
2026-07-07T22:57:10.679003Z  INFO herdr::pane: pane session terminated pane=6 pid=4168300 signal=Hangup
2026-07-07T22:57:10.679649Z  WARN herdr::app::actions: PaneDied for unknown pane pane=6
2026-07-07T22:57:10.679793Z  INFO herdr::logging: spawning pane terminal event="pane.spawn.start" subsystem="pane" outcome="started" pane_id=7 rows=51 cols=185 scrollback_limit_bytes=10000000
2026-07-07T22:57:10.682553Z  INFO herdr::logging: pane child spawned event="pane.spawned" subsystem="pane" outcome="ok" pane_id=7 pid=4170219
2026-07-07T22:57:10.682931Z  INFO herdr::logging: workspace created event="workspace.create" subsystem="workspace" outcome="ok" workspace_id="w6" pane_id=7
2026-07-07T22:57:10.682955Z  INFO herdr::logging: workspace focused event="workspace.focus" subsystem="workspace" outcome="ok" workspace_id="w6"
2026-07-07T22:57:10.682983Z  INFO herdr::logging: tab focused event="tab.focus" subsystem="tab" outcome="ok" workspace_id="w6" tab_id="w6:t1"
2026-07-07T22:57:15.699946Z  INFO herdr::logging: session saved event="persist.save" subsystem="persist" outcome="ok" path=/home/morehush/.config/herdr/session.json workspaces=1
2026-07-07T22:57:49.463558Z  INFO herdr::logging: workspace closed event="workspace.close" subsystem="workspace" outcome="ok" workspace_id="w6"
2026-07-07T22:57:49.464923Z  INFO herdr::logging: pane child exited event="pane.exit" subsystem="pane" outcome="completed" pane_id=7 status="ExitStatus { code: 1, signal: Some(\"Hangup\") }"
2026-07-07T22:57:49.477960Z  INFO herdr::pane: pane session terminated pane=7 pid=4170219 signal=Hangup
2026-07-07T22:57:49.478746Z  WARN herdr::app::actions: PaneDied for unknown pane pane=7
2026-07-07T22:57:49.478888Z  INFO herdr::logging: spawning pane terminal event="pane.spawn.start" subsystem="pane" outcome="started" pane_id=8 rows=51 cols=185 scrollback_limit_bytes=10000000
2026-07-07T22:57:49.481445Z  INFO herdr::logging: pane child spawned event="pane.spawned" subsystem="pane" outcome="ok" pane_id=8 pid=4170800
2026-07-07T22:57:49.481857Z  INFO herdr::logging: workspace created event="workspace.create" subsystem="workspace" outcome="ok" workspace_id="w7" pane_id=8
2026-07-07T22:57:49.481880Z  INFO herdr::logging: workspace focused event="workspace.focus" subsystem="workspace" outcome="ok" workspace_id="w7"
2026-07-07T22:57:49.481906Z  INFO herdr::logging: tab focused event="tab.focus" subsystem="tab" outcome="ok" workspace_id="w7" tab_id="w7:t1"
2026-07-07T22:57:54.492185Z  INFO herdr::logging: session saved event="persist.save" subsystem="persist" outcome="ok" path=/home/morehush/.config/herdr/session.json workspaces=1
2026-07-07T22:59:06.411939Z  INFO herdr::logging: spawning pane terminal event="pane.spawn.start" subsystem="pane" outcome="started" pane_id=9 rows=51 cols=185 scrollback_limit_bytes=10000000
2026-07-07T22:59:06.414989Z  INFO herdr::logging: pane child spawned event="pane.spawned" subsystem="pane" outcome="ok" pane_id=9 pid=4171915
2026-07-07T22:59:06.415463Z  INFO herdr::logging: tab focused event="tab.focus" subsystem="tab" outcome="ok" workspace_id="w7" tab_id="w7:t2"
2026-07-07T22:59:11.425411Z  INFO herdr::logging: session saved event="persist.save" subsystem="persist" outcome="ok" path=/home/morehush/.config/herdr/session.json workspaces=1
2026-07-07T22:59:21.896932Z  INFO herdr::logging: pane child exited event="pane.exit" subsystem="pane" outcome="completed" pane_id=9 status="ExitStatus { code: 0, signal: None }"
2026-07-07T22:59:21.909068Z  INFO herdr::pane: pane session terminated pane=9 pid=4171915 signal=Hangup
2026-07-07T22:59:23.340706Z  INFO herdr::logging: pane child exited event="pane.exit" subsystem="pane" outcome="completed" pane_id=8 status="ExitStatus { code: 0, signal: None }"
2026-07-07T22:59:23.352865Z  INFO herdr::pane: pane session terminated pane=8 pid=4170800 signal=Hangup
2026-07-07T22:59:23.353756Z  INFO herdr::logging: spawning pane terminal event="pane.spawn.start" subsystem="pane" outcome="started" pane_id=10 rows=51 cols=185 scrollback_limit_bytes=10000000
2026-07-07T22:59:23.356976Z  INFO herdr::logging: pane child spawned event="pane.spawned" subsystem="pane" outcome="ok" pane_id=10 pid=4172196
2026-07-07T22:59:23.357375Z  INFO herdr::logging: workspace created event="workspace.create" subsystem="workspace" outcome="ok" workspace_id="w8" pane_id=10
2026-07-07T22:59:23.357397Z  INFO herdr::logging: workspace focused event="workspace.focus" subsystem="workspace" outcome="ok" workspace_id="w8"
2026-07-07T22:59:23.357418Z  INFO herdr::logging: tab focused event="tab.focus" subsystem="tab" outcome="ok" workspace_id="w8" tab_id="w8:t1"
2026-07-07T22:59:28.359627Z  INFO herdr::logging: session saved event="persist.save" subsystem="persist" outcome="ok" path=/home/morehush/.config/herdr/session.json workspaces=1
2026-07-07T22:59:29.519078Z  INFO herdr::server::headless: client detach requested via keybind client_id=4
2026-07-07T22:59:29.530114Z  INFO herdr::server::headless: client disconnected client_id=4
2026-07-07T22:59:36.072290Z  INFO herdr::server::headless: client connected client_id=6 cols=211 rows=52 cell_width_px=0 cell_height_px=0 render_encoding=SemanticFrame
2026-07-07T23:10:47.407071Z  INFO herdr::logging: pane child exited event="pane.exit" subsystem="pane" outcome="completed" pane_id=10 status="ExitStatus { code: 0, signal: None }"
2026-07-07T23:10:47.410960Z  INFO herdr::pane: pane session terminated pane=10 pid=4172196 signal=Hangup
2026-07-07T23:10:47.411049Z  INFO herdr::logging: spawning pane terminal event="pane.spawn.start" subsystem="pane" outcome="started" pane_id=11 rows=51 cols=185 scrollback_limit_bytes=10000000
2026-07-07T23:10:47.412313Z  INFO herdr::logging: pane child spawned event="pane.spawned" subsystem="pane" outcome="ok" pane_id=11 pid=4182047
2026-07-07T23:10:47.412463Z  INFO herdr::logging: workspace created event="workspace.create" subsystem="workspace" outcome="ok" workspace_id="w9" pane_id=11
2026-07-07T23:10:47.412472Z  INFO herdr::logging: workspace focused event="workspace.focus" subsystem="workspace" outcome="ok" workspace_id="w9"
2026-07-07T23:10:47.412482Z  INFO herdr::logging: tab focused event="tab.focus" subsystem="tab" outcome="ok" workspace_id="w9" tab_id="w9:t1"
2026-07-07T23:10:49.289798Z  INFO herdr::server::headless: client detach requested via keybind client_id=6
2026-07-07T23:10:49.295310Z  INFO herdr::server::headless: client disconnected client_id=6
2026-07-07T23:10:52.414767Z  INFO herdr::logging: session saved event="persist.save" subsystem="persist" outcome="ok" path=/home/morehush/.config/herdr/session.json workspaces=1
2026-07-07T23:12:13.229269Z  INFO herdr::server::headless: server shutdown initiated
2026-07-07T23:12:13.279711Z  INFO herdr::server::headless: completing server shutdown
2026-07-07T23:12:13.280344Z  INFO herdr::logging: session saved event="persist.save" subsystem="persist" outcome="ok" path=/home/morehush/.config/herdr/session.json workspaces=1
2026-07-07T23:12:13.280383Z  INFO herdr::server::headless: headless server exiting
2026-07-07T23:12:13.281815Z  INFO herdr::logging: pane child exited event="pane.exit" subsystem="pane" outcome="completed" pane_id=11 status="ExitStatus { code: 1, signal: Some(\"Hangup\") }"
2026-07-07T23:12:13.287536Z  INFO herdr::pane: pane session terminated pane=11 pid=4182047 signal=Hangup
2026-07-07T23:12:13.288232Z  INFO herdr::logging: herdr exiting event="app.shutdown" subsystem="server" outcome="completed" pid=4163000
2026-07-08T12:54:47.473061Z  INFO herdr::api::server: api server listening path=/home/morehush/.config/herdr/herdr.sock
2026-07-08T12:54:47.480665Z  INFO herdr::logging: spawning pane terminal event="pane.spawn.start" subsystem="pane" outcome="started" pane_id=1 rows=24 cols=80 scrollback_limit_bytes=10000000
2026-07-08T12:54:47.485317Z  INFO herdr::logging: pane child spawned event="pane.spawned" subsystem="pane" outcome="ok" pane_id=1 pid=688169
2026-07-08T12:54:47.486495Z  INFO herdr::logging: session restore evaluated event="persist.restore" subsystem="persist" outcome="ok" workspaces=1
2026-07-08T12:54:47.486538Z  INFO herdr::app: using pane scrollback configuration pane_scrollback_limit_bytes=10000000
2026-07-08T12:54:47.542606Z  INFO herdr::logging: checking for updates event="update.check.start" subsystem="update" outcome="started"
2026-07-08T12:54:47.544150Z  INFO herdr::server::headless: restored session already has workspaces; ignoring startup cwd cwd=/home/morehush
2026-07-08T12:54:47.544352Z  INFO herdr::server::headless: client protocol socket listening path=/home/morehush/.config/herdr/herdr-client.sock
2026-07-08T12:54:47.544370Z  INFO herdr::server::headless: herdr server started api_socket=/home/morehush/.config/herdr/herdr.sock client_socket=/home/morehush/.config/herdr/herdr-client.sock
2026-07-08T12:54:47.544381Z  INFO herdr::logging: herdr starting event="app.startup" subsystem="server" outcome="started" pid=688155
2026-07-08T12:54:47.821195Z  INFO herdr::server::headless: client connected client_id=2 cols=211 rows=52 cell_width_px=0 cell_height_px=0 render_encoding=SemanticFrame
2026-07-08T12:55:33.795970Z  INFO herdr::logging: pane child exited event="pane.exit" subsystem="pane" outcome="completed" pane_id=1 status="ExitStatus { code: 0, signal: None }"
2026-07-08T12:55:33.798669Z  INFO herdr::pane: pane session terminated pane=1 pid=688169 signal=Hangup
2026-07-08T12:55:33.798723Z  INFO herdr::logging: spawning pane terminal event="pane.spawn.start" subsystem="pane" outcome="started" pane_id=2 rows=51 cols=185 scrollback_limit_bytes=10000000
2026-07-08T12:55:33.799506Z  INFO herdr::logging: pane child spawned event="pane.spawned" subsystem="pane" outcome="ok" pane_id=2 pid=690752
2026-07-08T12:55:33.799615Z  INFO herdr::logging: workspace created event="workspace.create" subsystem="workspace" outcome="ok" workspace_id="wA" pane_id=2
2026-07-08T12:55:33.799621Z  INFO herdr::logging: workspace focused event="workspace.focus" subsystem="workspace" outcome="ok" workspace_id="wA"
2026-07-08T12:55:33.799627Z  INFO herdr::logging: tab focused event="tab.focus" subsystem="tab" outcome="ok" workspace_id="wA" tab_id="wA:t1"
2026-07-08T12:55:38.074015Z  INFO herdr::server::headless: client detach requested via keybind client_id=2
2026-07-08T12:55:38.081579Z  INFO herdr::server::headless: client disconnected client_id=2
2026-07-08T12:55:38.807870Z  INFO herdr::logging: session saved event="persist.save" subsystem="persist" outcome="ok" path=/home/morehush/.config/herdr/session.json workspaces=1
2026-07-08T12:56:01.928756Z  INFO herdr::server::headless: server shutdown initiated
2026-07-08T12:56:01.978880Z  INFO herdr::server::headless: completing server shutdown
2026-07-08T12:56:01.979072Z  INFO herdr::logging: session saved event="persist.save" subsystem="persist" outcome="ok" path=/home/morehush/.config/herdr/session.json workspaces=1
2026-07-08T12:56:01.979083Z  INFO herdr::server::headless: headless server exiting
2026-07-08T12:56:01.979620Z  INFO herdr::logging: pane child exited event="pane.exit" subsystem="pane" outcome="completed" pane_id=2 status="ExitStatus { code: 1, signal: Some(\"Hangup\") }"
2026-07-08T12:56:01.983374Z  INFO herdr::pane: pane session terminated pane=2 pid=690752 signal=Hangup
2026-07-08T12:56:01.983919Z  INFO herdr::logging: herdr exiting event="app.shutdown" subsystem="server" outcome="completed" pid=688155
2026-07-08T19:36:17.338444Z  INFO herdr::api::server: api server listening path=/home/morehush/.config/herdr/herdr.sock
2026-07-08T19:36:17.343032Z  INFO herdr::logging: spawning pane terminal event="pane.spawn.start" subsystem="pane" outcome="started" pane_id=1 rows=24 cols=80 scrollback_limit_bytes=10000000
2026-07-08T19:36:17.345734Z  INFO herdr::logging: pane child spawned event="pane.spawned" subsystem="pane" outcome="ok" pane_id=1 pid=1152101
2026-07-08T19:36:17.346432Z  INFO herdr::logging: session restore evaluated event="persist.restore" subsystem="persist" outcome="ok" workspaces=1
2026-07-08T19:36:17.346455Z  INFO herdr::app: using pane scrollback configuration pane_scrollback_limit_bytes=10000000
2026-07-08T19:36:17.402216Z  INFO herdr::logging: checking for updates event="update.check.start" subsystem="update" outcome="started"
2026-07-08T19:36:17.403965Z  INFO herdr::server::headless: restored session already has workspaces; ignoring startup cwd cwd=/home/morehush
2026-07-08T19:36:17.404163Z  INFO herdr::server::headless: client protocol socket listening path=/home/morehush/.config/herdr/herdr-client.sock
2026-07-08T19:36:17.404182Z  INFO herdr::server::headless: herdr server started api_socket=/home/morehush/.config/herdr/herdr.sock client_socket=/home/morehush/.config/herdr/herdr-client.sock
2026-07-08T19:36:17.404193Z  INFO herdr::logging: herdr starting event="app.startup" subsystem="server" outcome="started" pid=1152087
2026-07-08T19:36:17.674707Z  INFO herdr::server::headless: client connected client_id=2 cols=210 rows=54 cell_width_px=0 cell_height_px=0 render_encoding=SemanticFrame
2026-07-08T19:36:36.257576Z  INFO herdr::logging: pane child exited event="pane.exit" subsystem="pane" outcome="completed" pane_id=1 status="ExitStatus { code: 0, signal: None }"
2026-07-08T19:36:36.268806Z  INFO herdr::pane: pane session terminated pane=1 pid=1152101 signal=Hangup
2026-07-08T19:36:36.268982Z  INFO herdr::logging: spawning pane terminal event="pane.spawn.start" subsystem="pane" outcome="started" pane_id=2 rows=53 cols=184 scrollback_limit_bytes=10000000
2026-07-08T19:36:36.272087Z  INFO herdr::logging: pane child spawned event="pane.spawned" subsystem="pane" outcome="ok" pane_id=2 pid=1154233
2026-07-08T19:36:36.272410Z  INFO herdr::logging: workspace created event="workspace.create" subsystem="workspace" outcome="ok" workspace_id="wB" pane_id=2
2026-07-08T19:36:36.272427Z  INFO herdr::logging: workspace focused event="workspace.focus" subsystem="workspace" outcome="ok" workspace_id="wB"
2026-07-08T19:36:36.272449Z  INFO herdr::logging: tab focused event="tab.focus" subsystem="tab" outcome="ok" workspace_id="wB" tab_id="wB:t1"
2026-07-08T19:36:37.496320Z  INFO herdr::logging: pane child exited event="pane.exit" subsystem="pane" outcome="completed" pane_id=2 status="ExitStatus { code: 0, signal: None }"
2026-07-08T19:36:37.507594Z  INFO herdr::pane: pane session terminated pane=2 pid=1154233 signal=Hangup
2026-07-08T19:36:37.508230Z  INFO herdr::logging: spawning pane terminal event="pane.spawn.start" subsystem="pane" outcome="started" pane_id=3 rows=53 cols=184 scrollback_limit_bytes=10000000
2026-07-08T19:36:37.510682Z  INFO herdr::logging: pane child spawned event="pane.spawned" subsystem="pane" outcome="ok" pane_id=3 pid=1154250
2026-07-08T19:36:37.511053Z  INFO herdr::logging: workspace created event="workspace.create" subsystem="workspace" outcome="ok" workspace_id="wC" pane_id=3
2026-07-08T19:36:37.511070Z  INFO herdr::logging: workspace focused event="workspace.focus" subsystem="workspace" outcome="ok" workspace_id="wC"
2026-07-08T19:36:37.511088Z  INFO herdr::logging: tab focused event="tab.focus" subsystem="tab" outcome="ok" workspace_id="wC" tab_id="wC:t1"
2026-07-08T19:36:41.781585Z  INFO herdr::server::headless: client detach requested via keybind client_id=2
2026-07-08T19:36:41.787322Z  INFO herdr::server::headless: client disconnected client_id=2
2026-07-08T19:36:42.519256Z  INFO herdr::logging: session saved event="persist.save" subsystem="persist" outcome="ok" path=/home/morehush/.config/herdr/session.json workspaces=1
2026-07-08T19:36:45.623861Z  INFO herdr::server::headless: server shutdown initiated
2026-07-08T19:36:45.674007Z  INFO herdr::server::headless: completing server shutdown
2026-07-08T19:36:45.674540Z  INFO herdr::logging: session saved event="persist.save" subsystem="persist" outcome="ok" path=/home/morehush/.config/herdr/session.json workspaces=1
2026-07-08T19:36:45.674570Z  INFO herdr::server::headless: headless server exiting
2026-07-08T19:36:45.675774Z  INFO herdr::logging: pane child exited event="pane.exit" subsystem="pane" outcome="completed" pane_id=3 status="ExitStatus { code: 1, signal: Some(\"Hangup\") }"
2026-07-08T19:36:45.688804Z  INFO herdr::pane: pane session terminated pane=3 pid=1154250 signal=Hangup
2026-07-08T19:36:45.690415Z  INFO herdr::logging: herdr exiting event="app.shutdown" subsystem="server" outcome="completed" pid=1152087
2026-07-08T19:42:16.021599Z  INFO herdr::api::server: api server listening path=/home/morehush/.config/herdr/herdr.sock
2026-07-08T19:42:16.026585Z  INFO herdr::logging: spawning pane terminal event="pane.spawn.start" subsystem="pane" outcome="started" pane_id=1 rows=24 cols=80 scrollback_limit_bytes=10000000
2026-07-08T19:42:16.028970Z  INFO herdr::logging: pane child spawned event="pane.spawned" subsystem="pane" outcome="ok" pane_id=1 pid=1159443
2026-07-08T19:42:16.029653Z  INFO herdr::logging: session restore evaluated event="persist.restore" subsystem="persist" outcome="ok" workspaces=1
2026-07-08T19:42:16.029686Z  INFO herdr::app: using pane scrollback configuration pane_scrollback_limit_bytes=10000000
2026-07-08T19:42:16.083903Z  INFO herdr::logging: checking for updates event="update.check.start" subsystem="update" outcome="started"
2026-07-08T19:42:16.085658Z  INFO herdr::server::headless: restored session already has workspaces; ignoring startup cwd cwd=/home/morehush
2026-07-08T19:42:16.085863Z  INFO herdr::server::headless: client protocol socket listening path=/home/morehush/.config/herdr/herdr-client.sock
2026-07-08T19:42:16.085885Z  INFO herdr::server::headless: herdr server started api_socket=/home/morehush/.config/herdr/herdr.sock client_socket=/home/morehush/.config/herdr/herdr-client.sock
2026-07-08T19:42:16.085897Z  INFO herdr::logging: herdr starting event="app.startup" subsystem="server" outcome="started" pid=1159429
2026-07-08T19:42:16.356369Z  INFO herdr::server::headless: client connected client_id=2 cols=210 rows=54 cell_width_px=0 cell_height_px=0 render_encoding=SemanticFrame
2026-07-08T19:42:38.505152Z  INFO herdr::logging: spawning pane terminal event="pane.spawn.start" subsystem="pane" outcome="started" pane_id=2 rows=53 cols=184 scrollback_limit_bytes=10000000
2026-07-08T19:42:38.506318Z  INFO herdr::logging: pane child spawned event="pane.spawned" subsystem="pane" outcome="ok" pane_id=2 pid=1161609
2026-07-08T19:42:38.506500Z  INFO herdr::logging: tab focused event="tab.focus" subsystem="tab" outcome="ok" workspace_id="wC" tab_id="wC:t2"
2026-07-08T19:42:40.531060Z  INFO herdr::logging: pane child exited event="pane.exit" subsystem="pane" outcome="completed" pane_id=2 status="ExitStatus { code: 0, signal: None }"
2026-07-08T19:42:40.542449Z  INFO herdr::pane: pane session terminated pane=2 pid=1161609 signal=Hangup
2026-07-08T19:42:43.940355Z  INFO herdr::logging: pane child exited event="pane.exit" subsystem="pane" outcome="completed" pane_id=1 status="ExitStatus { code: 0, signal: None }"
2026-07-08T19:42:43.945801Z  INFO herdr::pane: pane session terminated pane=1 pid=1159443 signal=Hangup
2026-07-08T19:42:43.946503Z  INFO herdr::logging: spawning pane terminal event="pane.spawn.start" subsystem="pane" outcome="started" pane_id=3 rows=53 cols=184 scrollback_limit_bytes=10000000
2026-07-08T19:42:43.948944Z  INFO herdr::logging: pane child spawned event="pane.spawned" subsystem="pane" outcome="ok" pane_id=3 pid=1161723
2026-07-08T19:42:43.949334Z  INFO herdr::logging: workspace created event="workspace.create" subsystem="workspace" outcome="ok" workspace_id="wD" pane_id=3
2026-07-08T19:42:43.949356Z  INFO herdr::logging: workspace focused event="workspace.focus" subsystem="workspace" outcome="ok" workspace_id="wD"
2026-07-08T19:42:43.949378Z  INFO herdr::logging: tab focused event="tab.focus" subsystem="tab" outcome="ok" workspace_id="wD" tab_id="wD:t1"
2026-07-08T19:42:48.957734Z  INFO herdr::logging: session saved event="persist.save" subsystem="persist" outcome="ok" path=/home/morehush/.config/herdr/session.json workspaces=1
2026-07-08T19:43:30.368853Z  INFO herdr::server::headless: client detach requested via keybind client_id=2
2026-07-08T19:43:30.378252Z  INFO herdr::server::headless: client disconnected client_id=2
2026-07-08T20:11:14.294310Z  INFO herdr::server::headless: client connected client_id=4 cols=210 rows=54 cell_width_px=0 cell_height_px=0 render_encoding=SemanticFrame
2026-07-08T20:12:16.086074Z  INFO herdr::logging: checking for updates event="update.check.start" subsystem="update" outcome="started"
2026-07-08T20:12:27.391533Z  INFO herdr::logging: spawning pane terminal event="pane.spawn.start" subsystem="pane" outcome="started" pane_id=4 rows=53 cols=184 scrollback_limit_bytes=10000000
2026-07-08T20:12:27.394084Z  INFO herdr::logging: pane child spawned event="pane.spawned" subsystem="pane" outcome="ok" pane_id=4 pid=1188513
2026-07-08T20:12:27.394485Z  INFO herdr::logging: tab focused event="tab.focus" subsystem="tab" outcome="ok" workspace_id="wD" tab_id="wD:t1"
2026-07-08T20:12:30.687699Z  INFO herdr::logging: spawning pane terminal event="pane.spawn.start" subsystem="pane" outcome="started" pane_id=5 rows=27 cols=184 scrollback_limit_bytes=10000000
2026-07-08T20:12:30.690214Z  INFO herdr::logging: pane child spawned event="pane.spawned" subsystem="pane" outcome="ok" pane_id=5 pid=1188541
2026-07-08T20:12:30.690596Z  INFO herdr::logging: tab focused event="tab.focus" subsystem="tab" outcome="ok" workspace_id="wD" tab_id="wD:t1"
2026-07-08T20:12:35.700895Z  INFO herdr::logging: session saved event="persist.save" subsystem="persist" outcome="ok" path=/home/morehush/.config/herdr/session.json workspaces=1
2026-07-08T20:12:37.719517Z  INFO herdr::logging: tab focused event="tab.focus" subsystem="tab" outcome="ok" workspace_id="wD" tab_id="wD:t1"
2026-07-08T20:12:40.021342Z  INFO herdr::logging: tab focused event="tab.focus" subsystem="tab" outcome="ok" workspace_id="wD" tab_id="wD:t1"
2026-07-08T20:12:43.659874Z  INFO herdr::logging: pane child exited event="pane.exit" subsystem="pane" outcome="completed" pane_id=3 status="ExitStatus { code: 0, signal: None }"
2026-07-08T20:12:43.662765Z  INFO herdr::pane: pane session terminated pane=3 pid=1161723 signal=Hangup
2026-07-08T20:12:45.210112Z  INFO herdr::logging: pane child exited event="pane.exit" subsystem="pane" outcome="completed" pane_id=4 status="ExitStatus { code: 0, signal: None }"
2026-07-08T20:12:45.221655Z  INFO herdr::pane: pane session terminated pane=4 pid=1188513 signal=Hangup
2026-07-08T20:12:50.223892Z  INFO herdr::logging: session saved event="persist.save" subsystem="persist" outcome="ok" path=/home/morehush/.config/herdr/session.json workspaces=1
2026-07-08T20:16:39.046225Z  INFO herdr::logging: pane child exited event="pane.exit" subsystem="pane" outcome="completed" pane_id=5 status="ExitStatus { code: 0, signal: None }"
2026-07-08T20:16:39.057734Z  INFO herdr::pane: pane session terminated pane=5 pid=1188541 signal=Hangup
2026-07-08T20:16:39.058506Z  INFO herdr::logging: spawning pane terminal event="pane.spawn.start" subsystem="pane" outcome="started" pane_id=6 rows=53 cols=184 scrollback_limit_bytes=10000000
2026-07-08T20:16:39.060848Z  INFO herdr::logging: pane child spawned event="pane.spawned" subsystem="pane" outcome="ok" pane_id=6 pid=1194353
2026-07-08T20:16:39.061235Z  INFO herdr::logging: workspace created event="workspace.create" subsystem="workspace" outcome="ok" workspace_id="wE" pane_id=6
2026-07-08T20:16:39.061258Z  INFO herdr::logging: workspace focused event="workspace.focus" subsystem="workspace" outcome="ok" workspace_id="wE"
2026-07-08T20:16:39.061280Z  INFO herdr::logging: tab focused event="tab.focus" subsystem="tab" outcome="ok" workspace_id="wE" tab_id="wE:t1"
2026-07-08T20:16:41.489001Z  INFO herdr::server::headless: client detach requested via keybind client_id=4
2026-07-08T20:16:41.498039Z  INFO herdr::server::headless: client disconnected client_id=4
2026-07-08T20:16:44.062363Z  INFO herdr::logging: session saved event="persist.save" subsystem="persist" outcome="ok" path=/home/morehush/.config/herdr/session.json workspaces=1
2026-07-08T20:42:16.087399Z  INFO herdr::logging: checking for updates event="update.check.start" subsystem="update" outcome="started"
2026-07-08T21:12:16.088861Z  INFO herdr::logging: checking for updates event="update.check.start" subsystem="update" outcome="started"
2026-07-08T21:42:16.090024Z  INFO herdr::logging: checking for updates event="update.check.start" subsystem="update" outcome="started"
2026-07-08T21:54:21.429229Z  INFO herdr::server::headless: client connected client_id=6 cols=210 rows=54 cell_width_px=0 cell_height_px=0 render_encoding=SemanticFrame
2026-07-08T21:59:59.687798Z  INFO herdr::api::server: api server listening path=/home/morehush/.config/herdr/herdr.sock
2026-07-08T21:59:59.695330Z  INFO herdr::logging: spawning pane terminal event="pane.spawn.start" subsystem="pane" outcome="started" pane_id=1 rows=24 cols=80 scrollback_limit_bytes=10000000
2026-07-08T21:59:59.699969Z  INFO herdr::logging: pane child spawned event="pane.spawned" subsystem="pane" outcome="ok" pane_id=1 pid=8825
2026-07-08T21:59:59.701258Z  INFO herdr::logging: session restore evaluated event="persist.restore" subsystem="persist" outcome="ok" workspaces=1
2026-07-08T21:59:59.701318Z  INFO herdr::app: using pane scrollback configuration pane_scrollback_limit_bytes=10000000
2026-07-08T21:59:59.754717Z  INFO herdr::logging: checking for updates event="update.check.start" subsystem="update" outcome="started"
2026-07-08T21:59:59.756377Z  INFO herdr::server::headless: restored session already has workspaces; ignoring startup cwd cwd=/home/morehush
2026-07-08T21:59:59.756591Z  INFO herdr::server::headless: client protocol socket listening path=/home/morehush/.config/herdr/herdr-client.sock
2026-07-08T21:59:59.756608Z  INFO herdr::server::headless: herdr server started api_socket=/home/morehush/.config/herdr/herdr.sock client_socket=/home/morehush/.config/herdr/herdr-client.sock
2026-07-08T21:59:59.756620Z  INFO herdr::logging: herdr starting event="app.startup" subsystem="server" outcome="started" pid=8811
2026-07-08T22:00:00.026261Z  INFO herdr::server::headless: client connected client_id=2 cols=210 rows=54 cell_width_px=0 cell_height_px=0 render_encoding=SemanticFrame
2026-07-08T22:04:46.834109Z  INFO herdr::server::headless: client detach requested via keybind client_id=2
2026-07-08T22:04:46.844929Z  INFO herdr::server::headless: client disconnected client_id=2
2026-07-08T22:06:27.648628Z  INFO herdr::server::headless: client connected client_id=4 cols=210 rows=54 cell_width_px=0 cell_height_px=0 render_encoding=SemanticFrame
2026-07-08T22:06:31.087541Z  INFO herdr::logging: pane child exited event="pane.exit" subsystem="pane" outcome="completed" pane_id=1 status="ExitStatus { code: 0, signal: None }"
2026-07-08T22:06:31.101722Z  INFO herdr::pane: pane session terminated pane=1 pid=8825 signal=Hangup
2026-07-08T22:06:31.101897Z  INFO herdr::logging: spawning pane terminal event="pane.spawn.start" subsystem="pane" outcome="started" pane_id=2 rows=53 cols=184 scrollback_limit_bytes=10000000
2026-07-08T22:06:31.105022Z  INFO herdr::logging: pane child spawned event="pane.spawned" subsystem="pane" outcome="ok" pane_id=2 pid=14698
2026-07-08T22:06:31.105419Z  INFO herdr::logging: workspace created event="workspace.create" subsystem="workspace" outcome="ok" workspace_id="wF" pane_id=2
2026-07-08T22:06:31.105446Z  INFO herdr::logging: workspace focused event="workspace.focus" subsystem="workspace" outcome="ok" workspace_id="wF"
2026-07-08T22:06:31.105469Z  INFO herdr::logging: tab focused event="tab.focus" subsystem="tab" outcome="ok" workspace_id="wF" tab_id="wF:t1"
2026-07-08T22:06:36.114412Z  INFO herdr::logging: session saved event="persist.save" subsystem="persist" outcome="ok" path=/home/morehush/.config/herdr/session.json workspaces=1
2026-07-08T22:07:52.759755Z  INFO herdr::logging: pane child exited event="pane.exit" subsystem="pane" outcome="completed" pane_id=2 status="ExitStatus { code: 0, signal: None }"
2026-07-08T22:07:52.772355Z  INFO herdr::pane: pane session terminated pane=2 pid=14698 signal=Hangup
2026-07-08T22:07:52.772534Z  INFO herdr::logging: spawning pane terminal event="pane.spawn.start" subsystem="pane" outcome="started" pane_id=3 rows=53 cols=184 scrollback_limit_bytes=10000000
2026-07-08T22:07:52.775406Z  INFO herdr::logging: pane child spawned event="pane.spawned" subsystem="pane" outcome="ok" pane_id=3 pid=17697
2026-07-08T22:07:52.775778Z  INFO herdr::logging: workspace created event="workspace.create" subsystem="workspace" outcome="ok" workspace_id="wG" pane_id=3
2026-07-08T22:07:52.775798Z  INFO herdr::logging: workspace focused event="workspace.focus" subsystem="workspace" outcome="ok" workspace_id="wG"
2026-07-08T22:07:52.775815Z  INFO herdr::logging: tab focused event="tab.focus" subsystem="tab" outcome="ok" workspace_id="wG" tab_id="wG:t1"
2026-07-08T22:07:57.777351Z  INFO herdr::logging: session saved event="persist.save" subsystem="persist" outcome="ok" path=/home/morehush/.config/herdr/session.json workspaces=1
2026-07-08T22:08:05.732008Z  INFO herdr::logging: pane child exited event="pane.exit" subsystem="pane" outcome="completed" pane_id=3 status="ExitStatus { code: 0, signal: None }"
2026-07-08T22:08:05.737820Z  INFO herdr::pane: pane session terminated pane=3 pid=17697 signal=Hangup
2026-07-08T22:08:05.738021Z  INFO herdr::logging: spawning pane terminal event="pane.spawn.start" subsystem="pane" outcome="started" pane_id=4 rows=53 cols=184 scrollback_limit_bytes=10000000
2026-07-08T22:08:05.741103Z  INFO herdr::logging: pane child spawned event="pane.spawned" subsystem="pane" outcome="ok" pane_id=4 pid=19781
2026-07-08T22:08:05.741489Z  INFO herdr::logging: workspace created event="workspace.create" subsystem="workspace" outcome="ok" workspace_id="wH" pane_id=4
2026-07-08T22:08:05.741510Z  INFO herdr::logging: workspace focused event="workspace.focus" subsystem="workspace" outcome="ok" workspace_id="wH"
2026-07-08T22:08:05.741531Z  INFO herdr::logging: tab focused event="tab.focus" subsystem="tab" outcome="ok" workspace_id="wH" tab_id="wH:t1"
2026-07-08T22:08:07.969894Z  INFO herdr::server::headless: client detach requested via keybind client_id=4
2026-07-08T22:08:07.979981Z  INFO herdr::server::headless: client disconnected client_id=4
2026-07-08T22:08:10.750590Z  INFO herdr::logging: session saved event="persist.save" subsystem="persist" outcome="ok" path=/home/morehush/.config/herdr/session.json workspaces=1
2026-07-08T22:11:44.581207Z  INFO herdr::server::headless: client connected client_id=6 cols=210 rows=54 cell_width_px=0 cell_height_px=0 render_encoding=SemanticFrame
2026-07-08T22:11:55.966975Z  INFO herdr::server::headless: client detach requested via keybind client_id=6
2026-07-08T22:11:55.976916Z  INFO herdr::server::headless: client disconnected client_id=6
2026-07-08T22:18:12.945519Z  INFO herdr::server::headless: client connected client_id=8 cols=210 rows=54 cell_width_px=0 cell_height_px=0 render_encoding=SemanticFrame
2026-07-08T22:18:53.632880Z  INFO herdr::server::headless: client resize client_id=8 cols=104 rows=54 cell_width_px=0 cell_height_px=0
2026-07-08T22:21:02.249399Z  INFO herdr::logging: pane child exited event="pane.exit" subsystem="pane" outcome="completed" pane_id=4 status="ExitStatus { code: 0, signal: None }"
2026-07-08T22:21:02.254833Z  INFO herdr::pane: pane session terminated pane=4 pid=19781 signal=Hangup
2026-07-08T22:21:02.255069Z  INFO herdr::logging: spawning pane terminal event="pane.spawn.start" subsystem="pane" outcome="started" pane_id=5 rows=53 cols=78 scrollback_limit_bytes=10000000
2026-07-08T22:21:02.258192Z  INFO herdr::logging: pane child spawned event="pane.spawned" subsystem="pane" outcome="ok" pane_id=5 pid=32486
2026-07-08T22:21:02.258583Z  INFO herdr::logging: workspace created event="workspace.create" subsystem="workspace" outcome="ok" workspace_id="wJ" pane_id=5
2026-07-08T22:21:02.258609Z  INFO herdr::logging: workspace focused event="workspace.focus" subsystem="workspace" outcome="ok" workspace_id="wJ"
2026-07-08T22:21:02.258628Z  INFO herdr::logging: tab focused event="tab.focus" subsystem="tab" outcome="ok" workspace_id="wJ" tab_id="wJ:t1"
2026-07-08T22:21:05.398346Z  INFO herdr::server::headless: client detach requested via keybind client_id=8
2026-07-08T22:21:05.403035Z  INFO herdr::server::headless: client disconnected client_id=8
2026-07-08T22:21:07.267969Z  INFO herdr::logging: session saved event="persist.save" subsystem="persist" outcome="ok" path=/home/morehush/.config/herdr/session.json workspaces=1
2026-07-08T22:29:59.757085Z  INFO herdr::logging: checking for updates event="update.check.start" subsystem="update" outcome="started"
2026-07-08T22:59:59.759103Z  INFO herdr::logging: checking for updates event="update.check.start" subsystem="update" outcome="started"
2026-07-08T23:29:59.760626Z  INFO herdr::logging: checking for updates event="update.check.start" subsystem="update" outcome="started"
2026-07-08T23:59:59.761614Z  INFO herdr::logging: checking for updates event="update.check.start" subsystem="update" outcome="started"
2026-07-09T00:29:59.762540Z  INFO herdr::logging: checking for updates event="update.check.start" subsystem="update" outcome="started"
2026-07-09T00:59:59.764116Z  INFO herdr::logging: checking for updates event="update.check.start" subsystem="update" outcome="started"
2026-07-09T01:29:59.765988Z  INFO herdr::logging: checking for updates event="update.check.start" subsystem="update" outcome="started"
2026-07-09T01:59:59.767369Z  INFO herdr::logging: checking for updates event="update.check.start" subsystem="update" outcome="started"
2026-07-09T02:29:59.768630Z  INFO herdr::logging: checking for updates event="update.check.start" subsystem="update" outcome="started"
2026-07-09T02:59:59.769461Z  INFO herdr::logging: checking for updates event="update.check.start" subsystem="update" outcome="started"
2026-07-09T03:29:59.770380Z  INFO herdr::logging: checking for updates event="update.check.start" subsystem="update" outcome="started"
2026-07-09T03:59:59.771784Z  INFO herdr::logging: checking for updates event="update.check.start" subsystem="update" outcome="started"
2026-07-09T04:29:59.772654Z  INFO herdr::logging: checking for updates event="update.check.start" subsystem="update" outcome="started"
2026-07-09T04:59:59.774070Z  INFO herdr::logging: checking for updates event="update.check.start" subsystem="update" outcome="started"
2026-07-09T05:29:59.775195Z  INFO herdr::logging: checking for updates event="update.check.start" subsystem="update" outcome="started"
2026-07-09T05:59:59.776724Z  INFO herdr::logging: checking for updates event="update.check.start" subsystem="update" outcome="started"
2026-07-09T06:29:59.777494Z  INFO herdr::logging: checking for updates event="update.check.start" subsystem="update" outcome="started"
2026-07-09T06:59:59.778425Z  INFO herdr::logging: checking for updates event="update.check.start" subsystem="update" outcome="started"
2026-07-09T07:29:59.779143Z  INFO herdr::logging: checking for updates event="update.check.start" subsystem="update" outcome="started"
2026-07-09T07:59:59.781054Z  INFO herdr::logging: checking for updates event="update.check.start" subsystem="update" outcome="started"
2026-07-09T08:29:59.782904Z  INFO herdr::logging: checking for updates event="update.check.start" subsystem="update" outcome="started"
2026-07-09T08:59:59.784896Z  INFO herdr::logging: checking for updates event="update.check.start" subsystem="update" outcome="started"
2026-07-09T09:29:59.786157Z  INFO herdr::logging: checking for updates event="update.check.start" subsystem="update" outcome="started"
2026-07-09T09:59:32.132577Z  INFO herdr::server::headless: client connected client_id=10 cols=210 rows=54 cell_width_px=0 cell_height_px=0 render_encoding=SemanticFrame
2026-07-09T09:59:59.787632Z  INFO herdr::logging: checking for updates event="update.check.start" subsystem="update" outcome="started"
2026-07-09T10:08:33.249270Z  INFO herdr::logging: pane child exited event="pane.exit" subsystem="pane" outcome="completed" pane_id=5 status="ExitStatus { code: 0, signal: None }"
2026-07-09T10:08:33.249875Z  INFO herdr::pane: pane session terminated pane=5 pid=32486 signal=Hangup
2026-07-09T10:08:33.250314Z  INFO herdr::logging: spawning pane terminal event="pane.spawn.start" subsystem="pane" outcome="started" pane_id=6 rows=53 cols=184 scrollback_limit_bytes=10000000
2026-07-09T10:08:33.251181Z  INFO herdr::logging: pane child spawned event="pane.spawned" subsystem="pane" outcome="ok" pane_id=6 pid=619908
2026-07-09T10:08:33.251293Z  INFO herdr::logging: workspace created event="workspace.create" subsystem="workspace" outcome="ok" workspace_id="wK" pane_id=6
2026-07-09T10:08:33.251298Z  INFO herdr::logging: workspace focused event="workspace.focus" subsystem="workspace" outcome="ok" workspace_id="wK"
2026-07-09T10:08:33.251304Z  INFO herdr::logging: tab focused event="tab.focus" subsystem="tab" outcome="ok" workspace_id="wK" tab_id="wK:t1"
2026-07-09T10:08:35.422627Z  INFO herdr::server::headless: client detach requested via keybind client_id=10
2026-07-09T10:08:35.428078Z  INFO herdr::server::headless: client disconnected client_id=10
2026-07-09T10:08:38.269583Z  INFO herdr::logging: session saved event="persist.save" subsystem="persist" outcome="ok" path=/home/morehush/.config/herdr/session.json workspaces=1
2026-07-09T10:29:59.788769Z  INFO herdr::logging: checking for updates event="update.check.start" subsystem="update" outcome="started"
2026-07-09T10:59:59.789489Z  INFO herdr::logging: checking for updates event="update.check.start" subsystem="update" outcome="started"
2026-07-09T11:29:59.790363Z  INFO herdr::logging: checking for updates event="update.check.start" subsystem="update" outcome="started"
2026-07-09T11:59:59.791447Z  INFO herdr::logging: checking for updates event="update.check.start" subsystem="update" outcome="started"
2026-07-09T12:29:59.792597Z  INFO herdr::logging: checking for updates event="update.check.start" subsystem="update" outcome="started"
2026-07-09T12:59:59.793053Z  INFO herdr::logging: checking for updates event="update.check.start" subsystem="update" outcome="started"
2026-07-09T13:02:35.304837Z  INFO herdr::server::headless: client connected client_id=12 cols=211 rows=52 cell_width_px=0 cell_height_px=0 render_encoding=SemanticFrame
2026-07-09T13:03:04.407758Z  INFO herdr::server::headless: client detach requested via keybind client_id=12
2026-07-09T13:03:04.412056Z  INFO herdr::server::headless: client disconnected client_id=12
2026-07-09T13:28:45.292479Z  INFO herdr::server::headless: client connected client_id=14 cols=211 rows=52 cell_width_px=0 cell_height_px=0 render_encoding=SemanticFrame
2026-07-09T13:28:55.871029Z  INFO herdr::server::headless: client detach requested via keybind client_id=14
2026-07-09T13:28:55.881309Z  INFO herdr::server::headless: client disconnected client_id=14
2026-07-09T13:29:12.228321Z  INFO herdr::server::headless: client connected client_id=16 cols=211 rows=52 cell_width_px=0 cell_height_px=0 render_encoding=SemanticFrame
2026-07-09T13:29:20.673322Z  INFO herdr::server::headless: client detach requested via keybind client_id=16
2026-07-09T13:29:20.682960Z  INFO herdr::server::headless: client disconnected client_id=16
2026-07-09T13:29:59.795096Z  INFO herdr::logging: checking for updates event="update.check.start" subsystem="update" outcome="started"
2026-07-09T13:55:09.217953Z  INFO herdr::server::headless: client connected client_id=18 cols=211 rows=52 cell_width_px=0 cell_height_px=0 render_encoding=SemanticFrame
2026-07-09T13:55:26.283149Z  INFO herdr::server::headless: client detach requested via keybind client_id=18
2026-07-09T13:55:26.288319Z  INFO herdr::server::headless: client disconnected client_id=18
2026-07-09T13:59:59.796682Z  INFO herdr::logging: checking for updates event="update.check.start" subsystem="update" outcome="started"
2026-07-09T14:29:59.797899Z  INFO herdr::logging: checking for updates event="update.check.start" subsystem="update" outcome="started"
2026-07-09T14:51:04.210224Z  INFO herdr::server::headless: client connected client_id=20 cols=211 rows=52 cell_width_px=0 cell_height_px=0 render_encoding=SemanticFrame
2026-07-09T14:59:59.799709Z  INFO herdr::logging: checking for updates event="update.check.start" subsystem="update" outcome="started"
2026-07-09T15:29:59.800835Z  INFO herdr::logging: checking for updates event="update.check.start" subsystem="update" outcome="started"
2026-07-09T15:35:35.089675Z  INFO herdr::logging: pane child exited event="pane.exit" subsystem="pane" outcome="completed" pane_id=6 status="ExitStatus { code: 0, signal: None }"
2026-07-09T15:35:35.100873Z  INFO herdr::pane: pane session terminated pane=6 pid=619908 signal=Hangup
2026-07-09T15:35:35.101044Z  INFO herdr::logging: spawning pane terminal event="pane.spawn.start" subsystem="pane" outcome="started" pane_id=7 rows=51 cols=185 scrollback_limit_bytes=10000000
2026-07-09T15:35:35.104159Z  INFO herdr::logging: pane child spawned event="pane.spawned" subsystem="pane" outcome="ok" pane_id=7 pid=888408
2026-07-09T15:35:35.104509Z  INFO herdr::logging: workspace created event="workspace.create" subsystem="workspace" outcome="ok" workspace_id="wM" pane_id=7
2026-07-09T15:35:35.104535Z  INFO herdr::logging: workspace focused event="workspace.focus" subsystem="workspace" outcome="ok" workspace_id="wM"
2026-07-09T15:35:35.104561Z  INFO herdr::logging: tab focused event="tab.focus" subsystem="tab" outcome="ok" workspace_id="wM" tab_id="wM:t1"
2026-07-09T15:35:40.107220Z  INFO herdr::logging: session saved event="persist.save" subsystem="persist" outcome="ok" path=/home/morehush/.config/herdr/session.json workspaces=1
2026-07-09T15:35:49.441357Z  INFO herdr::logging: pane child exited event="pane.exit" subsystem="pane" outcome="completed" pane_id=7 status="ExitStatus { code: 0, signal: None }"
2026-07-09T15:35:49.441578Z  INFO herdr::pane: pane session terminated pane=7 pid=888408 signal=Hangup
2026-07-09T15:35:49.442279Z  INFO herdr::logging: spawning pane terminal event="pane.spawn.start" subsystem="pane" outcome="started" pane_id=8 rows=51 cols=185 scrollback_limit_bytes=10000000
2026-07-09T15:35:49.445131Z  INFO herdr::logging: pane child spawned event="pane.spawned" subsystem="pane" outcome="ok" pane_id=8 pid=890324
2026-07-09T15:35:49.445558Z  INFO herdr::logging: workspace created event="workspace.create" subsystem="workspace" outcome="ok" workspace_id="wN" pane_id=8
2026-07-09T15:35:49.445583Z  INFO herdr::logging: workspace focused event="workspace.focus" subsystem="workspace" outcome="ok" workspace_id="wN"
2026-07-09T15:35:49.445611Z  INFO herdr::logging: tab focused event="tab.focus" subsystem="tab" outcome="ok" workspace_id="wN" tab_id="wN:t1"
2026-07-09T15:35:51.505911Z  INFO herdr::server::headless: client detach requested via keybind client_id=20
2026-07-09T15:35:51.515786Z  INFO herdr::server::headless: client disconnected client_id=20
2026-07-09T15:35:54.455503Z  INFO herdr::logging: session saved event="persist.save" subsystem="persist" outcome="ok" path=/home/morehush/.config/herdr/session.json workspaces=1
2026-07-09T15:59:59.801528Z  INFO herdr::logging: checking for updates event="update.check.start" subsystem="update" outcome="started"
2026-07-09T16:29:59.802688Z  INFO herdr::logging: checking for updates event="update.check.start" subsystem="update" outcome="started"
2026-07-09T16:59:59.803251Z  INFO herdr::logging: checking for updates event="update.check.start" subsystem="update" outcome="started"
2026-07-09T17:07:54.381254Z  INFO herdr::server::headless: client connected client_id=22 cols=211 rows=52 cell_width_px=0 cell_height_px=0 render_encoding=SemanticFrame
2026-07-09T17:08:06.698880Z  INFO herdr::logging: pane child exited event="pane.exit" subsystem="pane" outcome="completed" pane_id=8 status="ExitStatus { code: 0, signal: None }"
2026-07-09T17:08:06.709110Z  INFO herdr::pane: pane session terminated pane=8 pid=890324 signal=Hangup
2026-07-09T17:08:06.709775Z  INFO herdr::logging: spawning pane terminal event="pane.spawn.start" subsystem="pane" outcome="started" pane_id=9 rows=51 cols=185 scrollback_limit_bytes=10000000
2026-07-09T17:08:06.713155Z  INFO herdr::logging: pane child spawned event="pane.spawned" subsystem="pane" outcome="ok" pane_id=9 pid=977802
2026-07-09T17:08:06.713574Z  INFO herdr::logging: workspace created event="workspace.create" subsystem="workspace" outcome="ok" workspace_id="wP" pane_id=9
2026-07-09T17:08:06.713621Z  INFO herdr::logging: workspace focused event="workspace.focus" subsystem="workspace" outcome="ok" workspace_id="wP"
2026-07-09T17:08:06.713642Z  INFO herdr::logging: tab focused event="tab.focus" subsystem="tab" outcome="ok" workspace_id="wP" tab_id="wP:t1"
2026-07-09T17:08:08.577239Z  INFO herdr::server::headless: client detach requested via keybind client_id=22
2026-07-09T17:08:08.586745Z  INFO herdr::server::headless: client disconnected client_id=22
2026-07-09T17:08:11.716428Z  INFO herdr::logging: session saved event="persist.save" subsystem="persist" outcome="ok" path=/home/morehush/.config/herdr/session.json workspaces=1
2026-07-09T17:29:59.804201Z  INFO herdr::logging: checking for updates event="update.check.start" subsystem="update" outcome="started"
2026-07-09T17:59:59.805442Z  INFO herdr::logging: checking for updates event="update.check.start" subsystem="update" outcome="started"
2026-07-09T18:29:59.806394Z  INFO herdr::logging: checking for updates event="update.check.start" subsystem="update" outcome="started"
2026-07-09T18:59:59.807505Z  INFO herdr::logging: checking for updates event="update.check.start" subsystem="update" outcome="started"
2026-07-09T19:29:59.809314Z  INFO herdr::logging: checking for updates event="update.check.start" subsystem="update" outcome="started"
2026-07-09T20:36:29.197669Z  INFO herdr::api::server: api server listening path=/home/morehush/.config/herdr/herdr.sock
2026-07-09T20:36:29.204623Z  INFO herdr::logging: spawning pane terminal event="pane.spawn.start" subsystem="pane" outcome="started" pane_id=1 rows=24 cols=80 scrollback_limit_bytes=10000000
2026-07-09T20:36:29.208653Z  INFO herdr::logging: pane child spawned event="pane.spawned" subsystem="pane" outcome="ok" pane_id=1 pid=44631
2026-07-09T20:36:29.209670Z  INFO herdr::logging: session restore evaluated event="persist.restore" subsystem="persist" outcome="ok" workspaces=1
2026-07-09T20:36:29.209713Z  INFO herdr::app: using pane scrollback configuration pane_scrollback_limit_bytes=10000000
2026-07-09T20:36:29.272795Z  INFO herdr::logging: checking for updates event="update.check.start" subsystem="update" outcome="started"
2026-07-09T20:36:29.274653Z  INFO herdr::server::headless: restored session already has workspaces; ignoring startup cwd cwd=/home/morehush
2026-07-09T20:36:29.274868Z  INFO herdr::server::headless: client protocol socket listening path=/home/morehush/.config/herdr/herdr-client.sock
2026-07-09T20:36:29.274886Z  INFO herdr::server::headless: herdr server started api_socket=/home/morehush/.config/herdr/herdr.sock client_socket=/home/morehush/.config/herdr/herdr-client.sock
2026-07-09T20:36:29.274897Z  INFO herdr::logging: herdr starting event="app.startup" subsystem="server" outcome="started" pid=44617
2026-07-09T20:36:29.544762Z  INFO herdr::server::headless: client connected client_id=2 cols=211 rows=52 cell_width_px=0 cell_height_px=0 render_encoding=SemanticFrame
2026-07-09T20:42:07.646067Z  INFO herdr::logging: pane child exited event="pane.exit" subsystem="pane" outcome="completed" pane_id=1 status="ExitStatus { code: 0, signal: None }"
2026-07-09T20:42:07.655723Z  INFO herdr::pane: pane session terminated pane=1 pid=44631 signal=Hangup
2026-07-09T20:42:07.655874Z  INFO herdr::logging: spawning pane terminal event="pane.spawn.start" subsystem="pane" outcome="started" pane_id=2 rows=51 cols=185 scrollback_limit_bytes=10000000
2026-07-09T20:42:07.658619Z  INFO herdr::logging: pane child spawned event="pane.spawned" subsystem="pane" outcome="ok" pane_id=2 pid=52237
2026-07-09T20:42:07.658940Z  INFO herdr::logging: workspace created event="workspace.create" subsystem="workspace" outcome="ok" workspace_id="wQ" pane_id=2
2026-07-09T20:42:07.658962Z  INFO herdr::logging: workspace focused event="workspace.focus" subsystem="workspace" outcome="ok" workspace_id="wQ"
2026-07-09T20:42:07.658984Z  INFO herdr::logging: tab focused event="tab.focus" subsystem="tab" outcome="ok" workspace_id="wQ" tab_id="wQ:t1"
2026-07-09T20:42:09.854702Z  INFO herdr::server::headless: client detach requested via keybind client_id=2
2026-07-09T20:42:09.860339Z  INFO herdr::server::headless: client disconnected client_id=2
2026-07-09T20:42:12.667742Z  INFO herdr::logging: session saved event="persist.save" subsystem="persist" outcome="ok" path=/home/morehush/.config/herdr/session.json workspaces=1
2026-07-09T21:06:29.273555Z  INFO herdr::logging: checking for updates event="update.check.start" subsystem="update" outcome="started"
2026-07-09T21:36:29.275510Z  INFO herdr::logging: checking for updates event="update.check.start" subsystem="update" outcome="started"
2026-07-09T22:06:29.277431Z  INFO herdr::logging: checking for updates event="update.check.start" subsystem="update" outcome="started"
2026-07-09T22:36:29.278438Z  INFO herdr::logging: checking for updates event="update.check.start" subsystem="update" outcome="started"
2026-07-09T23:06:29.279337Z  INFO herdr::logging: checking for updates event="update.check.start" subsystem="update" outcome="started"
2026-07-09T23:36:29.280395Z  INFO herdr::logging: checking for updates event="update.check.start" subsystem="update" outcome="started"
2026-07-10T00:06:29.281559Z  INFO herdr::logging: checking for updates event="update.check.start" subsystem="update" outcome="started"
2026-07-10T00:36:29.283614Z  INFO herdr::logging: checking for updates event="update.check.start" subsystem="update" outcome="started"
2026-07-10T01:06:29.285416Z  INFO herdr::logging: checking for updates event="update.check.start" subsystem="update" outcome="started"
2026-07-10T01:36:29.285850Z  INFO herdr::logging: checking for updates event="update.check.start" subsystem="update" outcome="started"
2026-07-10T02:06:29.286746Z  INFO herdr::logging: checking for updates event="update.check.start" subsystem="update" outcome="started"
2026-07-10T02:36:29.288295Z  INFO herdr::logging: checking for updates event="update.check.start" subsystem="update" outcome="started"
2026-07-10T03:06:29.289433Z  INFO herdr::logging: checking for updates event="update.check.start" subsystem="update" outcome="started"
2026-07-10T03:36:29.290215Z  INFO herdr::logging: checking for updates event="update.check.start" subsystem="update" outcome="started"
2026-07-10T04:06:29.290837Z  INFO herdr::logging: checking for updates event="update.check.start" subsystem="update" outcome="started"
2026-07-10T04:36:29.292376Z  INFO herdr::logging: checking for updates event="update.check.start" subsystem="update" outcome="started"
2026-07-10T05:06:29.293249Z  INFO herdr::logging: checking for updates event="update.check.start" subsystem="update" outcome="started"
2026-07-10T05:36:29.294664Z  INFO herdr::logging: checking for updates event="update.check.start" subsystem="update" outcome="started"
2026-07-10T06:06:29.297289Z  INFO herdr::logging: checking for updates event="update.check.start" subsystem="update" outcome="started"
2026-07-10T06:36:29.298337Z  INFO herdr::logging: checking for updates event="update.check.start" subsystem="update" outcome="started"
2026-07-10T07:06:29.299215Z  INFO herdr::logging: checking for updates event="update.check.start" subsystem="update" outcome="started"
2026-07-10T07:36:29.300066Z  INFO herdr::logging: checking for updates event="update.check.start" subsystem="update" outcome="started"
2026-07-10T08:06:29.301527Z  INFO herdr::logging: checking for updates event="update.check.start" subsystem="update" outcome="started"
2026-07-10T08:36:29.304174Z  INFO herdr::logging: checking for updates event="update.check.start" subsystem="update" outcome="started"
2026-07-10T09:06:29.305287Z  INFO herdr::logging: checking for updates event="update.check.start" subsystem="update" outcome="started"
2026-07-10T09:36:29.305971Z  INFO herdr::logging: checking for updates event="update.check.start" subsystem="update" outcome="started"
2026-07-10T10:06:29.306767Z  INFO herdr::logging: checking for updates event="update.check.start" subsystem="update" outcome="started"
2026-07-10T10:36:29.307766Z  INFO herdr::logging: checking for updates event="update.check.start" subsystem="update" outcome="started"
2026-07-10T11:06:29.308906Z  INFO herdr::logging: checking for updates event="update.check.start" subsystem="update" outcome="started"
2026-07-10T11:36:29.309663Z  INFO herdr::logging: checking for updates event="update.check.start" subsystem="update" outcome="started"
2026-07-10T12:06:29.310679Z  INFO herdr::logging: checking for updates event="update.check.start" subsystem="update" outcome="started"
2026-07-10T12:36:29.312146Z  INFO herdr::logging: checking for updates event="update.check.start" subsystem="update" outcome="started"
2026-07-10T13:06:29.313600Z  INFO herdr::logging: checking for updates event="update.check.start" subsystem="update" outcome="started"
2026-07-10T13:11:52.057398Z  INFO herdr::server::headless: client connected client_id=4 cols=211 rows=52 cell_width_px=0 cell_height_px=0 render_encoding=SemanticFrame
2026-07-10T13:12:20.004995Z  INFO herdr::server::headless: client resize client_id=4 cols=104 rows=52 cell_width_px=0 cell_height_px=0
2026-07-10T13:12:38.338136Z  INFO herdr::server::headless: client resize client_id=4 cols=211 rows=52 cell_width_px=0 cell_height_px=0
2026-07-10T13:36:29.314878Z  INFO herdr::logging: checking for updates event="update.check.start" subsystem="update" outcome="started"
2026-07-10T14:06:29.315746Z  INFO herdr::logging: checking for updates event="update.check.start" subsystem="update" outcome="started"
2026-07-10T14:16:57.292680Z  INFO herdr::logging: pane child exited event="pane.exit" subsystem="pane" outcome="completed" pane_id=2 status="ExitStatus { code: 0, signal: None }"
2026-07-10T14:16:57.293149Z  INFO herdr::pane: pane session terminated pane=2 pid=52237 signal=Hangup
2026-07-10T14:16:57.293723Z  INFO herdr::logging: spawning pane terminal event="pane.spawn.start" subsystem="pane" outcome="started" pane_id=3 rows=51 cols=185 scrollback_limit_bytes=10000000
2026-07-10T14:16:57.295086Z  INFO herdr::logging: pane child spawned event="pane.spawned" subsystem="pane" outcome="ok" pane_id=3 pid=907842
2026-07-10T14:16:57.295310Z  INFO herdr::logging: workspace created event="workspace.create" subsystem="workspace" outcome="ok" workspace_id="wR" pane_id=3
2026-07-10T14:16:57.295316Z  INFO herdr::logging: workspace focused event="workspace.focus" subsystem="workspace" outcome="ok" workspace_id="wR"
2026-07-10T14:16:57.295322Z  INFO herdr::logging: tab focused event="tab.focus" subsystem="tab" outcome="ok" workspace_id="wR" tab_id="wR:t1"
2026-07-10T14:17:00.415732Z  INFO herdr::server::headless: client detach requested via keybind client_id=4
2026-07-10T14:17:00.425210Z  INFO herdr::server::headless: client disconnected client_id=4
2026-07-10T14:17:02.312368Z  INFO herdr::logging: session saved event="persist.save" subsystem="persist" outcome="ok" path=/home/morehush/.config/herdr/session.json workspaces=1
2026-07-10T14:36:29.317219Z  INFO herdr::logging: checking for updates event="update.check.start" subsystem="update" outcome="started"
2026-07-10T15:06:29.318607Z  INFO herdr::logging: checking for updates event="update.check.start" subsystem="update" outcome="started"
2026-07-10T15:36:29.320660Z  INFO herdr::logging: checking for updates event="update.check.start" subsystem="update" outcome="started"
2026-07-10T16:06:29.322692Z  INFO herdr::logging: checking for updates event="update.check.start" subsystem="update" outcome="started"
2026-07-10T16:36:29.324392Z  INFO herdr::logging: checking for updates event="update.check.start" subsystem="update" outcome="started"
2026-07-10T17:06:29.324831Z  INFO herdr::logging: checking for updates event="update.check.start" subsystem="update" outcome="started"
2026-07-10T17:36:29.326346Z  INFO herdr::logging: checking for updates event="update.check.start" subsystem="update" outcome="started"
2026-07-10T18:06:29.326808Z  INFO herdr::logging: checking for updates event="update.check.start" subsystem="update" outcome="started"
2026-07-10T18:36:29.328528Z  INFO herdr::logging: checking for updates event="update.check.start" subsystem="update" outcome="started"
2026-07-10T19:06:29.329996Z  INFO herdr::logging: checking for updates event="update.check.start" subsystem="update" outcome="started"
2026-07-10T19:36:29.331570Z  INFO herdr::logging: checking for updates event="update.check.start" subsystem="update" outcome="started"
2026-07-10T20:06:29.332925Z  INFO herdr::logging: checking for updates event="update.check.start" subsystem="update" outcome="started"
2026-07-10T20:36:29.334566Z  INFO herdr::logging: checking for updates event="update.check.start" subsystem="update" outcome="started"
2026-07-10T21:06:29.336761Z  INFO herdr::logging: checking for updates event="update.check.start" subsystem="update" outcome="started"
2026-07-10T21:36:29.338943Z  INFO herdr::logging: checking for updates event="update.check.start" subsystem="update" outcome="started"
2026-07-10T22:06:29.340336Z  INFO herdr::logging: checking for updates event="update.check.start" subsystem="update" outcome="started"
2026-07-10T22:36:29.341928Z  INFO herdr::logging: checking for updates event="update.check.start" subsystem="update" outcome="started"
2026-07-10T22:36:29.511960Z  WARN herdr::detect::manifest_update: skipping unknown remote manifest agent agent="maki"
2026-07-10T23:06:29.342894Z  INFO herdr::logging: checking for updates event="update.check.start" subsystem="update" outcome="started"
2026-07-10T23:06:29.507547Z  WARN herdr::detect::manifest_update: skipping unknown remote manifest agent agent="maki"
2026-07-10T23:36:29.344345Z  INFO herdr::logging: checking for updates event="update.check.start" subsystem="update" outcome="started"
2026-07-10T23:36:29.502843Z  WARN herdr::detect::manifest_update: skipping unknown remote manifest agent agent="maki"
2026-07-11T00:06:29.345878Z  INFO herdr::logging: checking for updates event="update.check.start" subsystem="update" outcome="started"
2026-07-11T00:06:29.488745Z  WARN herdr::detect::manifest_update: skipping unknown remote manifest agent agent="maki"
2026-07-11T00:36:29.347397Z  INFO herdr::logging: checking for updates event="update.check.start" subsystem="update" outcome="started"
2026-07-11T00:36:29.444699Z  WARN herdr::detect::manifest_update: skipping unknown remote manifest agent agent="maki"
2026-07-11T01:06:29.350032Z  INFO herdr::logging: checking for updates event="update.check.start" subsystem="update" outcome="started"
2026-07-11T01:06:29.446023Z  WARN herdr::detect::manifest_update: skipping unknown remote manifest agent agent="maki"
2026-07-11T01:36:29.351008Z  INFO herdr::logging: checking for updates event="update.check.start" subsystem="update" outcome="started"
2026-07-11T01:36:29.468319Z  WARN herdr::detect::manifest_update: skipping unknown remote manifest agent agent="maki"
2026-07-11T02:06:29.351928Z  INFO herdr::logging: checking for updates event="update.check.start" subsystem="update" outcome="started"
2026-07-11T02:06:29.548166Z  WARN herdr::detect::manifest_update: skipping unknown remote manifest agent agent="maki"
2026-07-11T02:36:29.352838Z  INFO herdr::logging: checking for updates event="update.check.start" subsystem="update" outcome="started"
2026-07-11T02:36:29.606846Z  WARN herdr::detect::manifest_update: skipping unknown remote manifest agent agent="maki"
2026-07-11T03:06:29.353750Z  INFO herdr::logging: checking for updates event="update.check.start" subsystem="update" outcome="started"
2026-07-11T03:06:29.530425Z  WARN herdr::detect::manifest_update: skipping unknown remote manifest agent agent="maki"
2026-07-11T03:36:29.355087Z  INFO herdr::logging: checking for updates event="update.check.start" subsystem="update" outcome="started"
2026-07-11T03:36:29.515738Z  WARN herdr::detect::manifest_update: skipping unknown remote manifest agent agent="maki"
2026-07-11T04:06:29.356099Z  INFO herdr::logging: checking for updates event="update.check.start" subsystem="update" outcome="started"
2026-07-11T04:06:29.452955Z  WARN herdr::detect::manifest_update: skipping unknown remote manifest agent agent="maki"
2026-07-11T04:36:29.356861Z  INFO herdr::logging: checking for updates event="update.check.start" subsystem="update" outcome="started"
2026-07-11T04:36:29.497107Z  WARN herdr::detect::manifest_update: skipping unknown remote manifest agent agent="maki"
2026-07-11T05:06:29.357927Z  INFO herdr::logging: checking for updates event="update.check.start" subsystem="update" outcome="started"
2026-07-11T05:06:29.522913Z  WARN herdr::detect::manifest_update: skipping unknown remote manifest agent agent="maki"
2026-07-11T05:36:29.358787Z  INFO herdr::logging: checking for updates event="update.check.start" subsystem="update" outcome="started"
2026-07-11T05:36:29.622590Z  WARN herdr::detect::manifest_update: skipping unknown remote manifest agent agent="maki"
2026-07-11T06:06:29.359764Z  INFO herdr::logging: checking for updates event="update.check.start" subsystem="update" outcome="started"
2026-07-11T06:06:29.472949Z  WARN herdr::detect::manifest_update: skipping unknown remote manifest agent agent="maki"
2026-07-11T06:36:29.360762Z  INFO herdr::logging: checking for updates event="update.check.start" subsystem="update" outcome="started"
2026-07-11T06:36:29.457718Z  WARN herdr::detect::manifest_update: skipping unknown remote manifest agent agent="maki"
2026-07-11T07:06:29.362144Z  INFO herdr::logging: checking for updates event="update.check.start" subsystem="update" outcome="started"
2026-07-11T07:06:29.450995Z  WARN herdr::detect::manifest_update: skipping unknown remote manifest agent agent="maki"
2026-07-11T07:36:29.363186Z  INFO herdr::logging: checking for updates event="update.check.start" subsystem="update" outcome="started"
2026-07-11T07:36:29.473694Z  WARN herdr::detect::manifest_update: skipping unknown remote manifest agent agent="maki"
2026-07-11T08:06:29.363672Z  INFO herdr::logging: checking for updates event="update.check.start" subsystem="update" outcome="started"
2026-07-11T08:06:29.527801Z  WARN herdr::detect::manifest_update: skipping unknown remote manifest agent agent="maki"
2026-07-11T08:36:29.364483Z  INFO herdr::logging: checking for updates event="update.check.start" subsystem="update" outcome="started"
2026-07-11T08:36:29.477895Z  WARN herdr::detect::manifest_update: skipping unknown remote manifest agent agent="maki"
2026-07-11T09:06:29.366184Z  INFO herdr::logging: checking for updates event="update.check.start" subsystem="update" outcome="started"
2026-07-11T09:06:29.441292Z  WARN herdr::detect::manifest_update: skipping unknown remote manifest agent agent="maki"
2026-07-11T09:36:29.366498Z  INFO herdr::logging: checking for updates event="update.check.start" subsystem="update" outcome="started"
2026-07-11T09:36:29.473812Z  WARN herdr::detect::manifest_update: skipping unknown remote manifest agent agent="maki"
2026-07-11T10:06:29.367992Z  INFO herdr::logging: checking for updates event="update.check.start" subsystem="update" outcome="started"
2026-07-11T10:06:29.453651Z  WARN herdr::detect::manifest_update: skipping unknown remote manifest agent agent="maki"
2026-07-11T10:36:29.368546Z  INFO herdr::logging: checking for updates event="update.check.start" subsystem="update" outcome="started"
2026-07-11T10:36:29.476538Z  WARN herdr::detect::manifest_update: skipping unknown remote manifest agent agent="maki"
2026-07-11T11:06:29.369437Z  INFO herdr::logging: checking for updates event="update.check.start" subsystem="update" outcome="started"
2026-07-11T11:06:29.532197Z  WARN herdr::detect::manifest_update: skipping unknown remote manifest agent agent="maki"
2026-07-11T11:36:29.370620Z  INFO herdr::logging: checking for updates event="update.check.start" subsystem="update" outcome="started"
2026-07-11T11:36:29.482619Z  WARN herdr::detect::manifest_update: skipping unknown remote manifest agent agent="maki"
2026-07-11T12:06:29.371972Z  INFO herdr::logging: checking for updates event="update.check.start" subsystem="update" outcome="started"
2026-07-11T12:06:29.477054Z  WARN herdr::detect::manifest_update: skipping unknown remote manifest agent agent="maki"
2026-07-11T12:36:29.372919Z  INFO herdr::logging: checking for updates event="update.check.start" subsystem="update" outcome="started"
2026-07-11T12:36:29.541951Z  WARN herdr::detect::manifest_update: skipping unknown remote manifest agent agent="maki"
2026-07-11T13:06:29.374393Z  INFO herdr::logging: checking for updates event="update.check.start" subsystem="update" outcome="started"
2026-07-11T13:06:29.538626Z  WARN herdr::detect::manifest_update: skipping unknown remote manifest agent agent="maki"
2026-07-11T13:36:29.375690Z  INFO herdr::logging: checking for updates event="update.check.start" subsystem="update" outcome="started"
2026-07-11T13:36:29.637182Z  WARN herdr::detect::manifest_update: skipping unknown remote manifest agent agent="maki"
2026-07-11T14:06:29.376453Z  INFO herdr::logging: checking for updates event="update.check.start" subsystem="update" outcome="started"
2026-07-11T14:06:29.572887Z  WARN herdr::detect::manifest_update: skipping unknown remote manifest agent agent="maki"
2026-07-11T14:36:29.377850Z  INFO herdr::logging: checking for updates event="update.check.start" subsystem="update" outcome="started"
2026-07-11T14:36:29.567997Z  WARN herdr::detect::manifest_update: skipping unknown remote manifest agent agent="maki"
2026-07-11T15:06:29.379280Z  INFO herdr::logging: checking for updates event="update.check.start" subsystem="update" outcome="started"
2026-07-11T15:06:29.570746Z  WARN herdr::detect::manifest_update: skipping unknown remote manifest agent agent="maki"
2026-07-11T15:36:29.381277Z  INFO herdr::logging: checking for updates event="update.check.start" subsystem="update" outcome="started"
2026-07-11T15:36:29.628361Z  WARN herdr::detect::manifest_update: skipping unknown remote manifest agent agent="maki"
2026-07-11T16:06:29.381553Z  INFO herdr::logging: checking for updates event="update.check.start" subsystem="update" outcome="started"
2026-07-11T16:06:29.711800Z  WARN herdr::detect::manifest_update: skipping unknown remote manifest agent agent="maki"
2026-07-11T16:36:29.382951Z  INFO herdr::logging: checking for updates event="update.check.start" subsystem="update" outcome="started"
2026-07-11T16:36:29.595852Z  WARN herdr::detect::manifest_update: skipping unknown remote manifest agent agent="maki"
2026-07-11T17:06:29.383863Z  INFO herdr::logging: checking for updates event="update.check.start" subsystem="update" outcome="started"
2026-07-11T17:06:29.574488Z  WARN herdr::detect::manifest_update: skipping unknown remote manifest agent agent="maki"
2026-07-11T17:36:29.385473Z  INFO herdr::logging: checking for updates event="update.check.start" subsystem="update" outcome="started"
2026-07-11T17:36:29.601177Z  WARN herdr::detect::manifest_update: skipping unknown remote manifest agent agent="maki"
2026-07-11T18:06:29.386927Z  INFO herdr::logging: checking for updates event="update.check.start" subsystem="update" outcome="started"
2026-07-11T18:06:29.618854Z  WARN herdr::detect::manifest_update: skipping unknown remote manifest agent agent="maki"
2026-07-11T18:36:29.388391Z  INFO herdr::logging: checking for updates event="update.check.start" subsystem="update" outcome="started"
2026-07-11T18:36:29.555875Z  WARN herdr::detect::manifest_update: skipping unknown remote manifest agent agent="maki"
2026-07-11T19:06:29.390421Z  INFO herdr::logging: checking for updates event="update.check.start" subsystem="update" outcome="started"
2026-07-11T19:06:29.557195Z  WARN herdr::detect::manifest_update: skipping unknown remote manifest agent agent="maki"
2026-07-11T19:36:29.391762Z  INFO herdr::logging: checking for updates event="update.check.start" subsystem="update" outcome="started"
2026-07-11T19:36:29.685819Z  WARN herdr::detect::manifest_update: skipping unknown remote manifest agent agent="maki"
2026-07-11T20:06:29.392636Z  INFO herdr::logging: checking for updates event="update.check.start" subsystem="update" outcome="started"
2026-07-11T20:06:29.519813Z  WARN herdr::detect::manifest_update: skipping unknown remote manifest agent agent="maki"
2026-07-11T20:36:29.394145Z  INFO herdr::logging: checking for updates event="update.check.start" subsystem="update" outcome="started"
2026-07-11T20:36:29.573164Z  WARN herdr::detect::manifest_update: skipping unknown remote manifest agent agent="maki"
2026-07-11T21:06:29.394610Z  INFO herdr::logging: checking for updates event="update.check.start" subsystem="update" outcome="started"
2026-07-11T21:06:29.723434Z  WARN herdr::detect::manifest_update: skipping unknown remote manifest agent agent="maki"
2026-07-11T21:36:29.395907Z  INFO herdr::logging: checking for updates event="update.check.start" subsystem="update" outcome="started"
2026-07-11T21:36:29.634792Z  WARN herdr::detect::manifest_update: skipping unknown remote manifest agent agent="maki"
2026-07-11T22:06:29.397188Z  INFO herdr::logging: checking for updates event="update.check.start" subsystem="update" outcome="started"
2026-07-11T22:06:29.533691Z  WARN herdr::detect::manifest_update: skipping unknown remote manifest agent agent="maki"
2026-07-11T22:36:29.398407Z  INFO herdr::logging: checking for updates event="update.check.start" subsystem="update" outcome="started"
2026-07-11T22:36:29.589874Z  WARN herdr::detect::manifest_update: skipping unknown remote manifest agent agent="maki"
2026-07-11T23:06:29.400613Z  INFO herdr::logging: checking for updates event="update.check.start" subsystem="update" outcome="started"
2026-07-11T23:06:29.639549Z  WARN herdr::detect::manifest_update: skipping unknown remote manifest agent agent="maki"
2026-07-11T23:36:29.401768Z  INFO herdr::logging: checking for updates event="update.check.start" subsystem="update" outcome="started"
2026-07-11T23:36:29.596581Z  WARN herdr::detect::manifest_update: skipping unknown remote manifest agent agent="maki"
2026-07-12T00:06:29.403322Z  INFO herdr::logging: checking for updates event="update.check.start" subsystem="update" outcome="started"
2026-07-12T00:06:29.550784Z  WARN herdr::detect::manifest_update: skipping unknown remote manifest agent agent="maki"
2026-07-12T00:36:29.403688Z  INFO herdr::logging: checking for updates event="update.check.start" subsystem="update" outcome="started"
2026-07-12T00:36:29.671062Z  WARN herdr::detect::manifest_update: skipping unknown remote manifest agent agent="maki"
2026-07-12T01:06:29.405406Z  INFO herdr::logging: checking for updates event="update.check.start" subsystem="update" outcome="started"
2026-07-12T01:06:29.663638Z  WARN herdr::detect::manifest_update: skipping unknown remote manifest agent agent="maki"
2026-07-12T01:36:29.407502Z  INFO herdr::logging: checking for updates event="update.check.start" subsystem="update" outcome="started"
2026-07-12T01:36:29.676259Z  WARN herdr::detect::manifest_update: skipping unknown remote manifest agent agent="maki"
2026-07-12T02:06:29.408608Z  INFO herdr::logging: checking for updates event="update.check.start" subsystem="update" outcome="started"
2026-07-12T02:06:29.585420Z  WARN herdr::detect::manifest_update: skipping unknown remote manifest agent agent="maki"
2026-07-12T02:23:17.544143Z  INFO herdr::server::headless: client connected client_id=6 cols=211 rows=52 cell_width_px=0 cell_height_px=0 render_encoding=SemanticFrame
2026-07-12T02:24:54.202411Z  INFO herdr::logging: pane child exited event="pane.exit" subsystem="pane" outcome="completed" pane_id=3 status="ExitStatus { code: 0, signal: None }"
2026-07-12T02:24:54.203394Z  INFO herdr::pane: pane session terminated pane=3 pid=907842 signal=Hangup
2026-07-12T02:24:54.204518Z  INFO herdr::logging: spawning pane terminal event="pane.spawn.start" subsystem="pane" outcome="started" pane_id=4 rows=51 cols=185 scrollback_limit_bytes=10000000
2026-07-12T02:24:54.206810Z  INFO herdr::logging: pane child spawned event="pane.spawned" subsystem="pane" outcome="ok" pane_id=4 pid=2664086
2026-07-12T02:24:54.207261Z  INFO herdr::logging: workspace created event="workspace.create" subsystem="workspace" outcome="ok" workspace_id="wS" pane_id=4
2026-07-12T02:24:54.207285Z  INFO herdr::logging: workspace focused event="workspace.focus" subsystem="workspace" outcome="ok" workspace_id="wS"
2026-07-12T02:24:54.207308Z  INFO herdr::logging: tab focused event="tab.focus" subsystem="tab" outcome="ok" workspace_id="wS" tab_id="wS:t1"
2026-07-12T02:24:56.828291Z  INFO herdr::server::headless: client detach requested via keybind client_id=6
2026-07-12T02:24:56.838320Z  INFO herdr::server::headless: client disconnected client_id=6
2026-07-12T02:24:59.220898Z  INFO herdr::logging: session saved event="persist.save" subsystem="persist" outcome="ok" path=/home/morehush/.config/herdr/session.json workspaces=1
2026-07-12T02:36:29.409677Z  INFO herdr::logging: checking for updates event="update.check.start" subsystem="update" outcome="started"
2026-07-12T02:36:30.134452Z  WARN herdr::detect::manifest_update: skipping unknown remote manifest agent agent="maki"
2026-07-12T03:06:29.410976Z  INFO herdr::logging: checking for updates event="update.check.start" subsystem="update" outcome="started"
2026-07-12T03:06:29.679445Z  WARN herdr::detect::manifest_update: skipping unknown remote manifest agent agent="maki"
2026-07-12T03:36:29.412272Z  INFO herdr::logging: checking for updates event="update.check.start" subsystem="update" outcome="started"
2026-07-12T03:36:29.686254Z  WARN herdr::detect::manifest_update: skipping unknown remote manifest agent agent="maki"
2026-07-12T04:06:29.412919Z  INFO herdr::logging: checking for updates event="update.check.start" subsystem="update" outcome="started"
2026-07-12T04:06:29.570357Z  WARN herdr::detect::manifest_update: skipping unknown remote manifest agent agent="maki"
2026-07-12T04:36:29.414051Z  INFO herdr::logging: checking for updates event="update.check.start" subsystem="update" outcome="started"
2026-07-12T04:36:29.510259Z  WARN herdr::detect::manifest_update: skipping unknown remote manifest agent agent="maki"
2026-07-12T05:06:29.415716Z  INFO herdr::logging: checking for updates event="update.check.start" subsystem="update" outcome="started"
2026-07-12T05:06:29.522819Z  WARN herdr::detect::manifest_update: skipping unknown remote manifest agent agent="maki"
2026-07-12T05:36:29.417052Z  INFO herdr::logging: checking for updates event="update.check.start" subsystem="update" outcome="started"
2026-07-12T05:36:29.585178Z  WARN herdr::detect::manifest_update: skipping unknown remote manifest agent agent="maki"
2026-07-12T06:06:29.418396Z  INFO herdr::logging: checking for updates event="update.check.start" subsystem="update" outcome="started"
2026-07-12T06:06:29.577496Z  WARN herdr::detect::manifest_update: skipping unknown remote manifest agent agent="maki"
2026-07-12T06:36:29.419862Z  INFO herdr::logging: checking for updates event="update.check.start" subsystem="update" outcome="started"
2026-07-12T06:36:29.513425Z  WARN herdr::detect::manifest_update: skipping unknown remote manifest agent agent="maki"
2026-07-12T07:06:29.421289Z  INFO herdr::logging: checking for updates event="update.check.start" subsystem="update" outcome="started"
2026-07-12T07:06:29.588461Z  WARN herdr::detect::manifest_update: skipping unknown remote manifest agent agent="maki"
2026-07-12T07:36:29.421718Z  INFO herdr::logging: checking for updates event="update.check.start" subsystem="update" outcome="started"
2026-07-12T07:36:29.549770Z  WARN herdr::detect::manifest_update: skipping unknown remote manifest agent agent="maki"
2026-07-12T08:06:29.422700Z  INFO herdr::logging: checking for updates event="update.check.start" subsystem="update" outcome="started"
2026-07-12T08:06:29.629038Z  WARN herdr::detect::manifest_update: skipping unknown remote manifest agent agent="maki"
2026-07-12T08:36:29.424331Z  INFO herdr::logging: checking for updates event="update.check.start" subsystem="update" outcome="started"
2026-07-12T08:36:29.592811Z  WARN herdr::detect::manifest_update: skipping unknown remote manifest agent agent="maki"
2026-07-12T09:06:29.425211Z  INFO herdr::logging: checking for updates event="update.check.start" subsystem="update" outcome="started"
2026-07-12T09:06:29.526726Z  WARN herdr::detect::manifest_update: skipping unknown remote manifest agent agent="maki"
2026-07-12T09:36:29.425976Z  INFO herdr::logging: checking for updates event="update.check.start" subsystem="update" outcome="started"
2026-07-12T09:36:29.525877Z  WARN herdr::detect::manifest_update: skipping unknown remote manifest agent agent="maki"
2026-07-12T10:06:29.427190Z  INFO herdr::logging: checking for updates event="update.check.start" subsystem="update" outcome="started"
2026-07-12T10:06:29.762444Z  WARN herdr::detect::manifest_update: skipping unknown remote manifest agent agent="maki"
2026-07-12T10:36:29.429084Z  INFO herdr::logging: checking for updates event="update.check.start" subsystem="update" outcome="started"
2026-07-12T10:36:29.533071Z  WARN herdr::detect::manifest_update: skipping unknown remote manifest agent agent="maki"
2026-07-12T11:06:29.430655Z  INFO herdr::logging: checking for updates event="update.check.start" subsystem="update" outcome="started"
2026-07-12T11:06:29.583062Z  WARN herdr::detect::manifest_update: skipping unknown remote manifest agent agent="maki"
2026-07-12T11:36:29.432973Z  INFO herdr::logging: checking for updates event="update.check.start" subsystem="update" outcome="started"
2026-07-12T11:36:29.533759Z  WARN herdr::detect::manifest_update: skipping unknown remote manifest agent agent="maki"
2026-07-12T12:06:29.434524Z  INFO herdr::logging: checking for updates event="update.check.start" subsystem="update" outcome="started"
2026-07-12T12:06:29.540127Z  WARN herdr::detect::manifest_update: skipping unknown remote manifest agent agent="maki"
2026-07-12T12:08:24.380009Z  INFO herdr::server::headless: client connected client_id=8 cols=211 rows=52 cell_width_px=0 cell_height_px=0 render_encoding=SemanticFrame
2026-07-12T12:08:47.237324Z  INFO herdr::logging: pane child exited event="pane.exit" subsystem="pane" outcome="completed" pane_id=4 status="ExitStatus { code: 0, signal: None }"
2026-07-12T12:08:47.246880Z  INFO herdr::pane: pane session terminated pane=4 pid=2664086 signal=Hangup
2026-07-12T12:08:47.247028Z  INFO herdr::logging: spawning pane terminal event="pane.spawn.start" subsystem="pane" outcome="started" pane_id=5 rows=51 cols=185 scrollback_limit_bytes=10000000
2026-07-12T12:08:47.249765Z  INFO herdr::logging: pane child spawned event="pane.spawned" subsystem="pane" outcome="ok" pane_id=5 pid=3131363
2026-07-12T12:08:47.250065Z  INFO herdr::logging: workspace created event="workspace.create" subsystem="workspace" outcome="ok" workspace_id="wT" pane_id=5
2026-07-12T12:08:47.250085Z  INFO herdr::logging: workspace focused event="workspace.focus" subsystem="workspace" outcome="ok" workspace_id="wT"
2026-07-12T12:08:47.250105Z  INFO herdr::logging: tab focused event="tab.focus" subsystem="tab" outcome="ok" workspace_id="wT" tab_id="wT:t1"
2026-07-12T12:08:50.667621Z  INFO herdr::server::headless: client detach requested via keybind client_id=8
2026-07-12T12:08:50.676944Z  INFO herdr::server::headless: client disconnected client_id=8
2026-07-12T12:08:52.252438Z  INFO herdr::logging: session saved event="persist.save" subsystem="persist" outcome="ok" path=/home/morehush/.config/herdr/session.json workspaces=1
2026-07-12T12:36:29.435976Z  INFO herdr::logging: checking for updates event="update.check.start" subsystem="update" outcome="started"
2026-07-12T12:36:29.642793Z  WARN herdr::detect::manifest_update: skipping unknown remote manifest agent agent="maki"
2026-07-12T13:06:29.436848Z  INFO herdr::logging: checking for updates event="update.check.start" subsystem="update" outcome="started"
2026-07-12T13:06:29.581684Z  WARN herdr::detect::manifest_update: skipping unknown remote manifest agent agent="maki"
2026-07-12T13:36:29.438537Z  INFO herdr::logging: checking for updates event="update.check.start" subsystem="update" outcome="started"
2026-07-12T13:36:29.574499Z  WARN herdr::detect::manifest_update: skipping unknown remote manifest agent agent="maki"
2026-07-12T14:06:29.440114Z  INFO herdr::logging: checking for updates event="update.check.start" subsystem="update" outcome="started"
2026-07-12T14:06:29.568937Z  WARN herdr::detect::manifest_update: skipping unknown remote manifest agent agent="maki"
2026-07-12T14:36:29.440986Z  INFO herdr::logging: checking for updates event="update.check.start" subsystem="update" outcome="started"
2026-07-12T14:36:29.619239Z  WARN herdr::detect::manifest_update: skipping unknown remote manifest agent agent="maki"
2026-07-12T15:06:29.441706Z  INFO herdr::logging: checking for updates event="update.check.start" subsystem="update" outcome="started"
2026-07-12T15:06:29.596708Z  WARN herdr::detect::manifest_update: skipping unknown remote manifest agent agent="maki"
2026-07-12T15:36:29.442793Z  INFO herdr::logging: checking for updates event="update.check.start" subsystem="update" outcome="started"
2026-07-12T15:36:29.615461Z  WARN herdr::detect::manifest_update: skipping unknown remote manifest agent agent="maki"
2026-07-12T16:06:29.444714Z  INFO herdr::logging: checking for updates event="update.check.start" subsystem="update" outcome="started"
2026-07-12T16:06:29.771095Z  WARN herdr::detect::manifest_update: skipping unknown remote manifest agent agent="maki"
2026-07-12T16:36:29.446040Z  INFO herdr::logging: checking for updates event="update.check.start" subsystem="update" outcome="started"
2026-07-12T16:36:29.744213Z  WARN herdr::detect::manifest_update: skipping unknown remote manifest agent agent="maki"
2026-07-12T17:06:29.447080Z  INFO herdr::logging: checking for updates event="update.check.start" subsystem="update" outcome="started"
2026-07-12T17:06:29.644395Z  WARN herdr::detect::manifest_update: skipping unknown remote manifest agent agent="maki"
2026-07-12T17:36:29.447843Z  INFO herdr::logging: checking for updates event="update.check.start" subsystem="update" outcome="started"
2026-07-12T17:36:29.707767Z  WARN herdr::detect::manifest_update: skipping unknown remote manifest agent agent="maki"
2026-07-12T18:06:29.449520Z  INFO herdr::logging: checking for updates event="update.check.start" subsystem="update" outcome="started"
2026-07-12T18:06:29.585426Z  WARN herdr::detect::manifest_update: skipping unknown remote manifest agent agent="maki"
2026-07-12T18:36:29.450815Z  INFO herdr::logging: checking for updates event="update.check.start" subsystem="update" outcome="started"
2026-07-12T18:36:29.822656Z  WARN herdr::detect::manifest_update: skipping unknown remote manifest agent agent="maki"
2026-07-12T19:06:29.451849Z  INFO herdr::logging: checking for updates event="update.check.start" subsystem="update" outcome="started"
2026-07-12T19:06:29.628873Z  WARN herdr::detect::manifest_update: skipping unknown remote manifest agent agent="maki"
2026-07-12T19:36:29.452786Z  INFO herdr::logging: checking for updates event="update.check.start" subsystem="update" outcome="started"
2026-07-12T19:36:29.629671Z  WARN herdr::detect::manifest_update: skipping unknown remote manifest agent agent="maki"
2026-07-12T20:06:29.454218Z  INFO herdr::logging: checking for updates event="update.check.start" subsystem="update" outcome="started"
2026-07-12T20:06:29.677537Z  WARN herdr::detect::manifest_update: skipping unknown remote manifest agent agent="maki"
2026-07-12T20:15:38.521694Z  INFO herdr::server::headless: client connected client_id=10 cols=211 rows=52 cell_width_px=0 cell_height_px=0 render_encoding=SemanticFrame
2026-07-12T20:21:39.833745Z  INFO herdr::server::headless: client resize client_id=10 cols=104 rows=52 cell_width_px=0 cell_height_px=0
2026-07-12T20:21:49.266698Z  INFO herdr::server::headless: client resize client_id=10 cols=211 rows=52 cell_width_px=0 cell_height_px=0
2026-07-12T20:21:53.578538Z  INFO herdr::server::headless: client resize client_id=10 cols=211 rows=49 cell_width_px=0 cell_height_px=0
2026-07-12T20:22:27.862149Z  INFO herdr::server::headless: client resize client_id=10 cols=211 rows=51 cell_width_px=0 cell_height_px=0
2026-07-12T20:22:27.962523Z  INFO herdr::server::headless: client resize client_id=10 cols=211 rows=52 cell_width_px=0 cell_height_px=0
2026-07-12T20:36:29.454777Z  INFO herdr::logging: checking for updates event="update.check.start" subsystem="update" outcome="started"
2026-07-12T20:36:29.635663Z  WARN herdr::detect::manifest_update: skipping unknown remote manifest agent agent="maki"
2026-07-12T20:39:22.611969Z  INFO herdr::server::headless: client resize client_id=10 cols=211 rows=49 cell_width_px=0 cell_height_px=0
2026-07-12T20:39:44.335853Z  INFO herdr::server::headless: client resize client_id=10 cols=211 rows=50 cell_width_px=0 cell_height_px=0
2026-07-12T20:39:44.435892Z  INFO herdr::server::headless: client resize client_id=10 cols=211 rows=52 cell_width_px=0 cell_height_px=0
2026-07-12T20:41:07.528335Z  INFO herdr::logging: pane child exited event="pane.exit" subsystem="pane" outcome="completed" pane_id=5 status="ExitStatus { code: 0, signal: None }"
2026-07-12T20:41:07.528411Z  INFO herdr::pane: pane session terminated pane=5 pid=3131363 signal=Hangup
2026-07-12T20:41:07.528689Z  INFO herdr::logging: spawning pane terminal event="pane.spawn.start" subsystem="pane" outcome="started" pane_id=6 rows=51 cols=185 scrollback_limit_bytes=10000000
2026-07-12T20:41:07.529781Z  INFO herdr::logging: pane child spawned event="pane.spawned" subsystem="pane" outcome="ok" pane_id=6 pid=3547321
2026-07-12T20:41:07.529938Z  INFO herdr::logging: workspace created event="workspace.create" subsystem="workspace" outcome="ok" workspace_id="wV" pane_id=6
2026-07-12T20:41:07.529947Z  INFO herdr::logging: workspace focused event="workspace.focus" subsystem="workspace" outcome="ok" workspace_id="wV"
2026-07-12T20:41:07.529956Z  INFO herdr::logging: tab focused event="tab.focus" subsystem="tab" outcome="ok" workspace_id="wV" tab_id="wV:t1"
2026-07-12T20:41:09.610704Z  INFO herdr::server::headless: client detach requested via keybind client_id=10
2026-07-12T20:41:09.620277Z  INFO herdr::server::headless: client disconnected client_id=10
2026-07-12T20:41:12.539774Z  INFO herdr::logging: session saved event="persist.save" subsystem="persist" outcome="ok" path=/home/morehush/.config/herdr/session.json workspaces=1
2026-07-12T21:06:29.456096Z  INFO herdr::logging: checking for updates event="update.check.start" subsystem="update" outcome="started"
2026-07-12T21:06:29.546009Z  WARN herdr::detect::manifest_update: skipping unknown remote manifest agent agent="maki"
2026-07-12T21:36:29.457498Z  INFO herdr::logging: checking for updates event="update.check.start" subsystem="update" outcome="started"
2026-07-12T21:36:29.585716Z  WARN herdr::detect::manifest_update: skipping unknown remote manifest agent agent="maki"
2026-07-12T22:06:29.459026Z  INFO herdr::logging: checking for updates event="update.check.start" subsystem="update" outcome="started"
2026-07-12T22:06:29.575821Z  WARN herdr::detect::manifest_update: skipping unknown remote manifest agent agent="maki"
2026-07-12T22:36:29.459751Z  INFO herdr::logging: checking for updates event="update.check.start" subsystem="update" outcome="started"
2026-07-12T22:36:29.587181Z  WARN herdr::detect::manifest_update: skipping unknown remote manifest agent agent="maki"
2026-07-12T23:06:29.461402Z  INFO herdr::logging: checking for updates event="update.check.start" subsystem="update" outcome="started"
2026-07-12T23:06:29.674400Z  WARN herdr::detect::manifest_update: skipping unknown remote manifest agent agent="maki"
2026-07-12T23:36:29.462269Z  INFO herdr::logging: checking for updates event="update.check.start" subsystem="update" outcome="started"
2026-07-12T23:36:29.659430Z  WARN herdr::detect::manifest_update: skipping unknown remote manifest agent agent="maki"
2026-07-13T00:06:29.463528Z  INFO herdr::logging: checking for updates event="update.check.start" subsystem="update" outcome="started"
2026-07-13T00:06:29.687018Z  WARN herdr::detect::manifest_update: skipping unknown remote manifest agent agent="maki"
2026-07-13T00:36:29.465084Z  INFO herdr::logging: checking for updates event="update.check.start" subsystem="update" outcome="started"
2026-07-13T00:36:29.661143Z  WARN herdr::detect::manifest_update: skipping unknown remote manifest agent agent="maki"
2026-07-13T01:06:29.465743Z  INFO herdr::logging: checking for updates event="update.check.start" subsystem="update" outcome="started"
2026-07-13T01:06:29.636503Z  WARN herdr::detect::manifest_update: skipping unknown remote manifest agent agent="maki"
2026-07-13T01:36:29.467321Z  INFO herdr::logging: checking for updates event="update.check.start" subsystem="update" outcome="started"
2026-07-13T01:36:29.741856Z  WARN herdr::detect::manifest_update: skipping unknown remote manifest agent agent="maki"
2026-07-13T02:06:29.468051Z  INFO herdr::logging: checking for updates event="update.check.start" subsystem="update" outcome="started"
2026-07-13T02:06:29.623762Z  WARN herdr::detect::manifest_update: skipping unknown remote manifest agent agent="maki"
2026-07-13T02:36:29.469412Z  INFO herdr::logging: checking for updates event="update.check.start" subsystem="update" outcome="started"
2026-07-13T02:36:29.596613Z  WARN herdr::detect::manifest_update: skipping unknown remote manifest agent agent="maki"
2026-07-13T03:06:29.471670Z  INFO herdr::logging: checking for updates event="update.check.start" subsystem="update" outcome="started"
2026-07-13T03:06:29.578423Z  WARN herdr::detect::manifest_update: skipping unknown remote manifest agent agent="maki"
2026-07-13T03:36:29.473479Z  INFO herdr::logging: checking for updates event="update.check.start" subsystem="update" outcome="started"
2026-07-13T03:36:29.571497Z  WARN herdr::detect::manifest_update: skipping unknown remote manifest agent agent="maki"
2026-07-13T04:06:29.474807Z  INFO herdr::logging: checking for updates event="update.check.start" subsystem="update" outcome="started"
2026-07-13T04:06:29.574238Z  WARN herdr::detect::manifest_update: skipping unknown remote manifest agent agent="maki"
2026-07-13T04:36:29.475848Z  INFO herdr::logging: checking for updates event="update.check.start" subsystem="update" outcome="started"
2026-07-13T04:36:29.602291Z  WARN herdr::detect::manifest_update: skipping unknown remote manifest agent agent="maki"
2026-07-13T05:06:29.476757Z  INFO herdr::logging: checking for updates event="update.check.start" subsystem="update" outcome="started"
2026-07-13T05:06:29.639670Z  WARN herdr::detect::manifest_update: skipping unknown remote manifest agent agent="maki"
2026-07-13T05:36:29.479109Z  INFO herdr::logging: checking for updates event="update.check.start" subsystem="update" outcome="started"
2026-07-13T05:36:29.646245Z  WARN herdr::detect::manifest_update: skipping unknown remote manifest agent agent="maki"
2026-07-13T06:06:29.479913Z  INFO herdr::logging: checking for updates event="update.check.start" subsystem="update" outcome="started"
2026-07-13T06:06:29.577510Z  WARN herdr::detect::manifest_update: skipping unknown remote manifest agent agent="maki"
2026-07-13T06:36:29.481292Z  INFO herdr::logging: checking for updates event="update.check.start" subsystem="update" outcome="started"
2026-07-13T06:36:29.575586Z  WARN herdr::detect::manifest_update: skipping unknown remote manifest agent agent="maki"
2026-07-13T07:06:29.482439Z  INFO herdr::logging: checking for updates event="update.check.start" subsystem="update" outcome="started"
2026-07-13T07:06:29.624837Z  WARN herdr::detect::manifest_update: skipping unknown remote manifest agent agent="maki"
2026-07-13T07:36:29.482854Z  INFO herdr::logging: checking for updates event="update.check.start" subsystem="update" outcome="started"
2026-07-13T07:36:29.595546Z  WARN herdr::detect::manifest_update: skipping unknown remote manifest agent agent="maki"
2026-07-13T08:06:29.485083Z  INFO herdr::logging: checking for updates event="update.check.start" subsystem="update" outcome="started"
2026-07-13T08:06:29.563993Z  WARN herdr::detect::manifest_update: skipping unknown remote manifest agent agent="maki"
2026-07-13T08:36:29.485915Z  INFO herdr::logging: checking for updates event="update.check.start" subsystem="update" outcome="started"
2026-07-13T08:36:29.579159Z  WARN herdr::detect::manifest_update: skipping unknown remote manifest agent agent="maki"
2026-07-13T09:06:29.487023Z  INFO herdr::logging: checking for updates event="update.check.start" subsystem="update" outcome="started"
2026-07-13T09:06:29.656582Z  WARN herdr::detect::manifest_update: skipping unknown remote manifest agent agent="maki"
2026-07-13T09:36:29.487892Z  INFO herdr::logging: checking for updates event="update.check.start" subsystem="update" outcome="started"
2026-07-13T09:36:29.620705Z  WARN herdr::detect::manifest_update: skipping unknown remote manifest agent agent="maki"
2026-07-13T10:06:29.488625Z  INFO herdr::logging: checking for updates event="update.check.start" subsystem="update" outcome="started"
2026-07-13T10:06:29.585310Z  WARN herdr::detect::manifest_update: skipping unknown remote manifest agent agent="maki"
2026-07-13T10:36:29.489847Z  INFO herdr::logging: checking for updates event="update.check.start" subsystem="update" outcome="started"
2026-07-13T10:36:29.615737Z  WARN herdr::detect::manifest_update: skipping unknown remote manifest agent agent="maki"
2026-07-13T11:06:29.490748Z  INFO herdr::logging: checking for updates event="update.check.start" subsystem="update" outcome="started"
2026-07-13T11:06:29.595721Z  WARN herdr::detect::manifest_update: skipping unknown remote manifest agent agent="maki"
2026-07-13T11:20:01.321602Z  INFO herdr::server::headless: client connected client_id=12 cols=211 rows=52 cell_width_px=0 cell_height_px=0 render_encoding=SemanticFrame
2026-07-13T11:33:03.254604Z  INFO herdr::logging: pane child exited event="pane.exit" subsystem="pane" outcome="completed" pane_id=6 status="ExitStatus { code: 0, signal: None }"
2026-07-13T11:33:03.254846Z  INFO herdr::pane: pane session terminated pane=6 pid=3547321 signal=Hangup
2026-07-13T11:33:03.255115Z  INFO herdr::logging: spawning pane terminal event="pane.spawn.start" subsystem="pane" outcome="started" pane_id=7 rows=51 cols=185 scrollback_limit_bytes=10000000
2026-07-13T11:33:03.256154Z  INFO herdr::logging: pane child spawned event="pane.spawned" subsystem="pane" outcome="ok" pane_id=7 pid=100114
2026-07-13T11:33:03.256405Z  INFO herdr::logging: workspace created event="workspace.create" subsystem="workspace" outcome="ok" workspace_id="wW" pane_id=7
2026-07-13T11:33:03.256414Z  INFO herdr::logging: workspace focused event="workspace.focus" subsystem="workspace" outcome="ok" workspace_id="wW"
2026-07-13T11:33:03.256527Z  INFO herdr::logging: tab focused event="tab.focus" subsystem="tab" outcome="ok" workspace_id="wW" tab_id="wW:t1"
2026-07-13T11:33:04.867778Z  INFO herdr::server::headless: client detach requested via keybind client_id=12
2026-07-13T11:33:04.873951Z  INFO herdr::server::headless: client disconnected client_id=12
2026-07-13T11:33:08.271871Z  INFO herdr::logging: session saved event="persist.save" subsystem="persist" outcome="ok" path=/home/morehush/.config/herdr/session.json workspaces=1
2026-07-13T11:36:29.492001Z  INFO herdr::logging: checking for updates event="update.check.start" subsystem="update" outcome="started"
2026-07-13T11:36:29.590779Z  WARN herdr::detect::manifest_update: skipping unknown remote manifest agent agent="maki"
2026-07-13T12:06:29.493389Z  INFO herdr::logging: checking for updates event="update.check.start" subsystem="update" outcome="started"
2026-07-13T12:06:29.687962Z  WARN herdr::detect::manifest_update: skipping unknown remote manifest agent agent="maki"
2026-07-13T12:36:29.494260Z  INFO herdr::logging: checking for updates event="update.check.start" subsystem="update" outcome="started"
2026-07-13T12:36:29.672426Z  WARN herdr::detect::manifest_update: skipping unknown remote manifest agent agent="maki"
2026-07-13T13:06:29.503981Z  INFO herdr::logging: checking for updates event="update.check.start" subsystem="update" outcome="started"
2026-07-13T13:06:29.722670Z  WARN herdr::detect::manifest_update: skipping unknown remote manifest agent agent="maki"
2026-07-13T13:36:29.495992Z  INFO herdr::logging: checking for updates event="update.check.start" subsystem="update" outcome="started"
2026-07-13T13:36:29.680140Z  WARN herdr::detect::manifest_update: skipping unknown remote manifest agent agent="maki"
2026-07-13T14:06:29.497105Z  INFO herdr::logging: checking for updates event="update.check.start" subsystem="update" outcome="started"
2026-07-13T14:06:29.647884Z  WARN herdr::detect::manifest_update: skipping unknown remote manifest agent agent="maki"
2026-07-13T14:36:29.498143Z  INFO herdr::logging: checking for updates event="update.check.start" subsystem="update" outcome="started"
2026-07-13T14:36:29.603133Z  WARN herdr::detect::manifest_update: skipping unknown remote manifest agent agent="maki"
2026-07-13T15:06:29.499201Z  INFO herdr::logging: checking for updates event="update.check.start" subsystem="update" outcome="started"
2026-07-13T15:06:29.718463Z  WARN herdr::detect::manifest_update: skipping unknown remote manifest agent agent="maki"
2026-07-13T15:36:29.499838Z  INFO herdr::logging: checking for updates event="update.check.start" subsystem="update" outcome="started"
2026-07-13T15:36:29.611205Z  WARN herdr::detect::manifest_update: skipping unknown remote manifest agent agent="maki"
2026-07-13T16:06:29.500883Z  INFO herdr::logging: checking for updates event="update.check.start" subsystem="update" outcome="started"
2026-07-13T16:06:29.682350Z  WARN herdr::detect::manifest_update: skipping unknown remote manifest agent agent="maki"
2026-07-13T16:36:29.501726Z  INFO herdr::logging: checking for updates event="update.check.start" subsystem="update" outcome="started"
2026-07-13T16:36:29.637960Z  WARN herdr::detect::manifest_update: skipping unknown remote manifest agent agent="maki"
2026-07-13T17:06:29.503218Z  INFO herdr::logging: checking for updates event="update.check.start" subsystem="update" outcome="started"
2026-07-13T17:06:29.651312Z  WARN herdr::detect::manifest_update: skipping unknown remote manifest agent agent="maki"
2026-07-13T17:36:29.503812Z  INFO herdr::logging: checking for updates event="update.check.start" subsystem="update" outcome="started"
2026-07-13T17:36:29.712162Z  WARN herdr::detect::manifest_update: skipping unknown remote manifest agent agent="maki"
2026-07-13T18:06:29.504958Z  INFO herdr::logging: checking for updates event="update.check.start" subsystem="update" outcome="started"
2026-07-13T18:06:29.641829Z  WARN herdr::detect::manifest_update: skipping unknown remote manifest agent agent="maki"
2026-07-13T18:36:29.506549Z  INFO herdr::logging: checking for updates event="update.check.start" subsystem="update" outcome="started"
2026-07-13T18:36:29.699281Z  WARN herdr::detect::manifest_update: skipping unknown remote manifest agent agent="maki"
2026-07-13T19:06:29.508550Z  INFO herdr::logging: checking for updates event="update.check.start" subsystem="update" outcome="started"
2026-07-13T19:06:29.680700Z  WARN herdr::detect::manifest_update: skipping unknown remote manifest agent agent="maki"
2026-07-13T19:36:29.510749Z  INFO herdr::logging: checking for updates event="update.check.start" subsystem="update" outcome="started"
2026-07-13T19:36:29.741520Z  WARN herdr::detect::manifest_update: skipping unknown remote manifest agent agent="maki"
2026-07-13T19:53:20.776189Z  INFO herdr::server::headless: client connected client_id=14 cols=210 rows=54 cell_width_px=0 cell_height_px=0 render_encoding=SemanticFrame
2026-07-13T19:58:13.537209Z  INFO herdr::logging: pane child exited event="pane.exit" subsystem="pane" outcome="completed" pane_id=7 status="ExitStatus { code: 0, signal: None }"
2026-07-13T19:58:13.543425Z  INFO herdr::pane: pane session terminated pane=7 pid=100114 signal=Hangup
2026-07-13T19:58:13.543978Z  INFO herdr::logging: spawning pane terminal event="pane.spawn.start" subsystem="pane" outcome="started" pane_id=8 rows=53 cols=184 scrollback_limit_bytes=10000000
2026-07-13T19:58:13.545519Z  INFO herdr::logging: pane child spawned event="pane.spawned" subsystem="pane" outcome="ok" pane_id=8 pid=516196
2026-07-13T19:58:13.545802Z  INFO herdr::logging: workspace created event="workspace.create" subsystem="workspace" outcome="ok" workspace_id="wX" pane_id=8
2026-07-13T19:58:13.545825Z  INFO herdr::logging: workspace focused event="workspace.focus" subsystem="workspace" outcome="ok" workspace_id="wX"
2026-07-13T19:58:13.545832Z  INFO herdr::logging: tab focused event="tab.focus" subsystem="tab" outcome="ok" workspace_id="wX" tab_id="wX:t1"
2026-07-13T19:58:15.688609Z  INFO herdr::server::headless: client detach requested via keybind client_id=14
2026-07-13T19:58:15.691343Z  INFO herdr::server::headless: client disconnected client_id=14
2026-07-13T19:58:18.548771Z  INFO herdr::logging: session saved event="persist.save" subsystem="persist" outcome="ok" path=/home/morehush/.config/herdr/session.json workspaces=1
2026-07-13T20:06:29.511816Z  INFO herdr::logging: checking for updates event="update.check.start" subsystem="update" outcome="started"
2026-07-13T20:06:29.673967Z  WARN herdr::detect::manifest_update: skipping unknown remote manifest agent agent="maki"
2026-07-13T20:36:29.512815Z  INFO herdr::logging: checking for updates event="update.check.start" subsystem="update" outcome="started"
2026-07-13T20:36:29.624428Z  WARN herdr::detect::manifest_update: skipping unknown remote manifest agent agent="maki"
2026-07-13T21:06:29.514461Z  INFO herdr::logging: checking for updates event="update.check.start" subsystem="update" outcome="started"
2026-07-13T21:06:29.728886Z  WARN herdr::detect::manifest_update: skipping unknown remote manifest agent agent="maki"
2026-07-13T21:36:29.516515Z  INFO herdr::logging: checking for updates event="update.check.start" subsystem="update" outcome="started"
2026-07-13T21:36:29.861194Z  WARN herdr::detect::manifest_update: skipping unknown remote manifest agent agent="maki"
2026-07-13T22:06:29.518246Z  INFO herdr::logging: checking for updates event="update.check.start" subsystem="update" outcome="started"
2026-07-13T22:06:29.720154Z  WARN herdr::detect::manifest_update: skipping unknown remote manifest agent agent="maki"
2026-07-13T22:36:29.518767Z  INFO herdr::logging: checking for updates event="update.check.start" subsystem="update" outcome="started"
2026-07-13T22:36:29.706132Z  WARN herdr::detect::manifest_update: skipping unknown remote manifest agent agent="maki"
2026-07-13T23:06:29.520369Z  INFO herdr::logging: checking for updates event="update.check.start" subsystem="update" outcome="started"
2026-07-13T23:06:29.702534Z  WARN herdr::detect::manifest_update: skipping unknown remote manifest agent agent="maki"
2026-07-13T23:36:29.521122Z  INFO herdr::logging: checking for updates event="update.check.start" subsystem="update" outcome="started"
2026-07-13T23:36:29.715006Z  WARN herdr::detect::manifest_update: skipping unknown remote manifest agent agent="maki"
2026-07-14T00:06:29.522490Z  INFO herdr::logging: checking for updates event="update.check.start" subsystem="update" outcome="started"
2026-07-14T00:06:29.714911Z  WARN herdr::detect::manifest_update: skipping unknown remote manifest agent agent="maki"
2026-07-14T00:36:29.523838Z  INFO herdr::logging: checking for updates event="update.check.start" subsystem="update" outcome="started"
2026-07-14T00:36:29.785488Z  WARN herdr::detect::manifest_update: skipping unknown remote manifest agent agent="maki"
2026-07-14T01:06:29.524903Z  INFO herdr::logging: checking for updates event="update.check.start" subsystem="update" outcome="started"
2026-07-14T01:06:29.748493Z  WARN herdr::detect::manifest_update: skipping unknown remote manifest agent agent="maki"
2026-07-14T01:36:29.526273Z  INFO herdr::logging: checking for updates event="update.check.start" subsystem="update" outcome="started"
2026-07-14T01:36:29.779580Z  WARN herdr::detect::manifest_update: skipping unknown remote manifest agent agent="maki"
2026-07-14T02:06:29.527163Z  INFO herdr::logging: checking for updates event="update.check.start" subsystem="update" outcome="started"
2026-07-14T02:06:29.682141Z  WARN herdr::detect::manifest_update: skipping unknown remote manifest agent agent="maki"
2026-07-14T02:36:29.528277Z  INFO herdr::logging: checking for updates event="update.check.start" subsystem="update" outcome="started"
2026-07-14T02:36:29.780015Z  WARN herdr::detect::manifest_update: skipping unknown remote manifest agent agent="maki"
2026-07-14T03:06:29.529306Z  INFO herdr::logging: checking for updates event="update.check.start" subsystem="update" outcome="started"
2026-07-14T03:06:29.755121Z  WARN herdr::detect::manifest_update: skipping unknown remote manifest agent agent="maki"
2026-07-14T03:36:29.530463Z  INFO herdr::logging: checking for updates event="update.check.start" subsystem="update" outcome="started"
2026-07-14T03:36:29.761827Z  WARN herdr::detect::manifest_update: skipping unknown remote manifest agent agent="maki"
2026-07-14T04:06:29.530924Z  INFO herdr::logging: checking for updates event="update.check.start" subsystem="update" outcome="started"
2026-07-14T04:06:29.642858Z  WARN herdr::detect::manifest_update: skipping unknown remote manifest agent agent="maki"
2026-07-14T04:36:29.532034Z  INFO herdr::logging: checking for updates event="update.check.start" subsystem="update" outcome="started"
2026-07-14T04:36:29.651805Z  WARN herdr::detect::manifest_update: skipping unknown remote manifest agent agent="maki"
2026-07-14T05:06:29.533107Z  INFO herdr::logging: checking for updates event="update.check.start" subsystem="update" outcome="started"
2026-07-14T05:06:29.650205Z  WARN herdr::detect::manifest_update: skipping unknown remote manifest agent agent="maki"
2026-07-14T05:36:29.534148Z  INFO herdr::logging: checking for updates event="update.check.start" subsystem="update" outcome="started"
2026-07-14T05:36:29.621535Z  WARN herdr::detect::manifest_update: skipping unknown remote manifest agent agent="maki"
2026-07-14T06:06:29.534926Z  INFO herdr::logging: checking for updates event="update.check.start" subsystem="update" outcome="started"
2026-07-14T06:06:29.643226Z  WARN herdr::detect::manifest_update: skipping unknown remote manifest agent agent="maki"
2026-07-14T06:36:29.536380Z  INFO herdr::logging: checking for updates event="update.check.start" subsystem="update" outcome="started"
2026-07-14T06:36:29.694959Z  WARN herdr::detect::manifest_update: skipping unknown remote manifest agent agent="maki"
2026-07-14T07:06:29.536971Z  INFO herdr::logging: checking for updates event="update.check.start" subsystem="update" outcome="started"
2026-07-14T07:06:29.682595Z  WARN herdr::detect::manifest_update: skipping unknown remote manifest agent agent="maki"
2026-07-14T07:36:29.538724Z  INFO herdr::logging: checking for updates event="update.check.start" subsystem="update" outcome="started"
2026-07-14T07:36:29.701656Z  WARN herdr::detect::manifest_update: skipping unknown remote manifest agent agent="maki"
2026-07-14T08:06:29.539834Z  INFO herdr::logging: checking for updates event="update.check.start" subsystem="update" outcome="started"
2026-07-14T08:06:29.720062Z  WARN herdr::detect::manifest_update: skipping unknown remote manifest agent agent="maki"
2026-07-14T08:36:29.542033Z  INFO herdr::logging: checking for updates event="update.check.start" subsystem="update" outcome="started"
2026-07-14T08:36:29.672107Z  WARN herdr::detect::manifest_update: skipping unknown remote manifest agent agent="maki"
2026-07-14T09:06:29.543229Z  INFO herdr::logging: checking for updates event="update.check.start" subsystem="update" outcome="started"
2026-07-14T09:06:29.669974Z  WARN herdr::detect::manifest_update: skipping unknown remote manifest agent agent="maki"
2026-07-14T09:36:29.543963Z  INFO herdr::logging: checking for updates event="update.check.start" subsystem="update" outcome="started"
2026-07-14T09:36:29.632857Z  WARN herdr::detect::manifest_update: skipping unknown remote manifest agent agent="maki"
2026-07-14T10:06:29.545327Z  INFO herdr::logging: checking for updates event="update.check.start" subsystem="update" outcome="started"
2026-07-14T10:06:29.703122Z  WARN herdr::detect::manifest_update: skipping unknown remote manifest agent agent="maki"
2026-07-14T10:36:29.545585Z  INFO herdr::logging: checking for updates event="update.check.start" subsystem="update" outcome="started"
2026-07-14T10:36:29.715497Z  WARN herdr::detect::manifest_update: skipping unknown remote manifest agent agent="maki"
2026-07-14T11:06:29.547684Z  INFO herdr::logging: checking for updates event="update.check.start" subsystem="update" outcome="started"
2026-07-14T11:06:29.698919Z  WARN herdr::detect::manifest_update: skipping unknown remote manifest agent agent="maki"
2026-07-14T11:36:29.548865Z  INFO herdr::logging: checking for updates event="update.check.start" subsystem="update" outcome="started"
2026-07-14T11:36:29.746407Z  WARN herdr::detect::manifest_update: skipping unknown remote manifest agent agent="maki"
2026-07-14T11:38:12.289532Z  INFO herdr::server::headless: client connected client_id=16 cols=210 rows=54 cell_width_px=0 cell_height_px=0 render_encoding=SemanticFrame
2026-07-14T11:48:28.134065Z  INFO herdr::logging: pane child exited event="pane.exit" subsystem="pane" outcome="completed" pane_id=8 status="ExitStatus { code: 0, signal: None }"
2026-07-14T11:48:28.135941Z  INFO herdr::pane: pane session terminated pane=8 pid=516196 signal=Hangup
2026-07-14T11:48:28.136448Z  INFO herdr::logging: spawning pane terminal event="pane.spawn.start" subsystem="pane" outcome="started" pane_id=9 rows=53 cols=184 scrollback_limit_bytes=10000000
2026-07-14T11:48:28.138237Z  INFO herdr::logging: pane child spawned event="pane.spawned" subsystem="pane" outcome="ok" pane_id=9 pid=1275937
2026-07-14T11:48:28.138445Z  INFO herdr::logging: workspace created event="workspace.create" subsystem="workspace" outcome="ok" workspace_id="wY" pane_id=9
2026-07-14T11:48:28.138451Z  INFO herdr::logging: workspace focused event="workspace.focus" subsystem="workspace" outcome="ok" workspace_id="wY"
2026-07-14T11:48:28.138457Z  INFO herdr::logging: tab focused event="tab.focus" subsystem="tab" outcome="ok" workspace_id="wY" tab_id="wY:t1"
2026-07-14T11:48:29.993664Z  INFO herdr::server::headless: client detach requested via keybind client_id=16
2026-07-14T11:48:30.001748Z  INFO herdr::server::headless: client disconnected client_id=16
2026-07-14T11:48:33.148151Z  INFO herdr::logging: session saved event="persist.save" subsystem="persist" outcome="ok" path=/home/morehush/.config/herdr/session.json workspaces=1
2026-07-14T12:06:29.549870Z  INFO herdr::logging: checking for updates event="update.check.start" subsystem="update" outcome="started"
2026-07-14T12:06:29.730381Z  WARN herdr::detect::manifest_update: skipping unknown remote manifest agent agent="maki"
2026-07-14T12:36:29.551670Z  INFO herdr::logging: checking for updates event="update.check.start" subsystem="update" outcome="started"
2026-07-14T12:36:29.667562Z  WARN herdr::detect::manifest_update: skipping unknown remote manifest agent agent="maki"
2026-07-14T13:06:29.553770Z  INFO herdr::logging: checking for updates event="update.check.start" subsystem="update" outcome="started"
2026-07-14T13:06:29.720492Z  WARN herdr::detect::manifest_update: skipping unknown remote manifest agent agent="maki"
2026-07-14T13:36:29.555663Z  INFO herdr::logging: checking for updates event="update.check.start" subsystem="update" outcome="started"
2026-07-14T13:36:29.785230Z  WARN herdr::detect::manifest_update: skipping unknown remote manifest agent agent="maki"
2026-07-14T14:06:29.556849Z  INFO herdr::logging: checking for updates event="update.check.start" subsystem="update" outcome="started"
2026-07-14T14:06:29.733887Z  WARN herdr::detect::manifest_update: skipping unknown remote manifest agent agent="maki"
2026-07-14T14:11:47.677832Z  INFO herdr::server::headless: client connected client_id=18 cols=210 rows=54 cell_width_px=0 cell_height_px=0 render_encoding=SemanticFrame
2026-07-14T14:14:28.749453Z  INFO herdr::logging: pane child exited event="pane.exit" subsystem="pane" outcome="completed" pane_id=9 status="ExitStatus { code: 0, signal: None }"
2026-07-14T14:14:28.757670Z  INFO herdr::pane: pane session terminated pane=9 pid=1275937 signal=Hangup
2026-07-14T14:14:28.757723Z  INFO herdr::logging: spawning pane terminal event="pane.spawn.start" subsystem="pane" outcome="started" pane_id=10 rows=53 cols=184 scrollback_limit_bytes=10000000
2026-07-14T14:14:28.758740Z  INFO herdr::logging: pane child spawned event="pane.spawned" subsystem="pane" outcome="ok" pane_id=10 pid=1403304
2026-07-14T14:14:28.758858Z  INFO herdr::logging: workspace created event="workspace.create" subsystem="workspace" outcome="ok" workspace_id="wZ" pane_id=10
2026-07-14T14:14:28.758864Z  INFO herdr::logging: workspace focused event="workspace.focus" subsystem="workspace" outcome="ok" workspace_id="wZ"
2026-07-14T14:14:28.758871Z  INFO herdr::logging: tab focused event="tab.focus" subsystem="tab" outcome="ok" workspace_id="wZ" tab_id="wZ:t1"
2026-07-14T14:14:30.571345Z  INFO herdr::server::headless: client detach requested via keybind client_id=18
2026-07-14T14:14:30.581598Z  INFO herdr::server::headless: client disconnected client_id=18
2026-07-14T14:14:33.767566Z  INFO herdr::logging: session saved event="persist.save" subsystem="persist" outcome="ok" path=/home/morehush/.config/herdr/session.json workspaces=1
2026-07-14T14:36:29.558261Z  INFO herdr::logging: checking for updates event="update.check.start" subsystem="update" outcome="started"
2026-07-14T14:36:29.789299Z  WARN herdr::detect::manifest_update: skipping unknown remote manifest agent agent="maki"
2026-07-14T14:44:06.100208Z  INFO herdr::server::headless: client connected client_id=20 cols=210 rows=54 cell_width_px=0 cell_height_px=0 render_encoding=SemanticFrame
2026-07-14T14:44:14.121726Z  INFO herdr::server::headless: client detach requested via keybind client_id=20
2026-07-14T14:44:14.131126Z  INFO herdr::server::headless: client disconnected client_id=20
2026-07-14T14:44:35.757705Z  INFO herdr::server::headless: client connected client_id=22 cols=210 rows=54 cell_width_px=0 cell_height_px=0 render_encoding=SemanticFrame
2026-07-14T14:57:16.493196Z  INFO herdr::logging: pane child exited event="pane.exit" subsystem="pane" outcome="completed" pane_id=10 status="ExitStatus { code: 0, signal: None }"
2026-07-14T14:57:16.493257Z  INFO herdr::pane: pane session terminated pane=10 pid=1403304 signal=Hangup
2026-07-14T14:57:16.493475Z  INFO herdr::logging: spawning pane terminal event="pane.spawn.start" subsystem="pane" outcome="started" pane_id=11 rows=53 cols=184 scrollback_limit_bytes=10000000
2026-07-14T14:57:16.494247Z  INFO herdr::logging: pane child spawned event="pane.spawned" subsystem="pane" outcome="ok" pane_id=11 pid=1440898
2026-07-14T14:57:16.494388Z  INFO herdr::logging: workspace created event="workspace.create" subsystem="workspace" outcome="ok" workspace_id="w0" pane_id=11
2026-07-14T14:57:16.494394Z  INFO herdr::logging: workspace focused event="workspace.focus" subsystem="workspace" outcome="ok" workspace_id="w0"
2026-07-14T14:57:16.494402Z  INFO herdr::logging: tab focused event="tab.focus" subsystem="tab" outcome="ok" workspace_id="w0" tab_id="w0:t1"
2026-07-14T14:57:18.186881Z  INFO herdr::server::headless: client detach requested via keybind client_id=22
2026-07-14T14:57:18.196063Z  INFO herdr::server::headless: client disconnected client_id=22
2026-07-14T14:57:21.512349Z  INFO herdr::logging: session saved event="persist.save" subsystem="persist" outcome="ok" path=/home/morehush/.config/herdr/session.json workspaces=1
2026-07-14T15:06:29.559054Z  INFO herdr::logging: checking for updates event="update.check.start" subsystem="update" outcome="started"
2026-07-14T15:06:29.699176Z  WARN herdr::detect::manifest_update: skipping unknown remote manifest agent agent="maki"
2026-07-14T15:36:29.559553Z  INFO herdr::logging: checking for updates event="update.check.start" subsystem="update" outcome="started"
2026-07-14T15:36:29.701330Z  WARN herdr::detect::manifest_update: skipping unknown remote manifest agent agent="maki"
2026-07-14T16:06:29.560855Z  INFO herdr::logging: checking for updates event="update.check.start" subsystem="update" outcome="started"
2026-07-14T16:06:29.878473Z  WARN herdr::detect::manifest_update: skipping unknown remote manifest agent agent="maki"
2026-07-14T16:36:29.562321Z  INFO herdr::logging: checking for updates event="update.check.start" subsystem="update" outcome="started"
2026-07-14T16:36:29.799187Z  WARN herdr::detect::manifest_update: skipping unknown remote manifest agent agent="maki"
2026-07-14T17:06:29.562727Z  INFO herdr::logging: checking for updates event="update.check.start" subsystem="update" outcome="started"
2026-07-14T17:06:29.772408Z  WARN herdr::detect::manifest_update: skipping unknown remote manifest agent agent="maki"
2026-07-14T17:36:29.564132Z  INFO herdr::logging: checking for updates event="update.check.start" subsystem="update" outcome="started"
2026-07-14T17:36:29.914397Z  WARN herdr::detect::manifest_update: skipping unknown remote manifest agent agent="maki"
2026-07-14T18:06:29.565294Z  INFO herdr::logging: checking for updates event="update.check.start" subsystem="update" outcome="started"
2026-07-14T18:06:29.834470Z  WARN herdr::detect::manifest_update: skipping unknown remote manifest agent agent="maki"
2026-07-14T18:36:29.565875Z  INFO herdr::logging: checking for updates event="update.check.start" subsystem="update" outcome="started"
2026-07-14T18:36:29.975137Z  WARN herdr::detect::manifest_update: skipping unknown remote manifest agent agent="maki"
2026-07-14T19:06:29.567353Z  INFO herdr::logging: checking for updates event="update.check.start" subsystem="update" outcome="started"
2026-07-14T19:06:29.817897Z  WARN herdr::detect::manifest_update: skipping unknown remote manifest agent agent="maki"
2026-07-14T19:36:29.567883Z  INFO herdr::logging: checking for updates event="update.check.start" subsystem="update" outcome="started"
2026-07-14T19:36:29.849321Z  WARN herdr::detect::manifest_update: skipping unknown remote manifest agent agent="maki"
2026-07-14T19:57:34.486935Z  INFO herdr::server::headless: client connected client_id=24 cols=210 rows=54 cell_width_px=0 cell_height_px=0 render_encoding=SemanticFrame
2026-07-14T20:06:29.568848Z  INFO herdr::logging: checking for updates event="update.check.start" subsystem="update" outcome="started"
2026-07-14T20:06:29.703253Z  WARN herdr::detect::manifest_update: skipping unknown remote manifest agent agent="maki"
2026-07-14T20:18:30.670538Z  INFO herdr::logging: pane child exited event="pane.exit" subsystem="pane" outcome="completed" pane_id=11 status="ExitStatus { code: 0, signal: None }"
2026-07-14T20:18:30.675806Z  INFO herdr::pane: pane session terminated pane=11 pid=1440898 signal=Hangup
2026-07-14T20:18:30.675875Z  INFO herdr::logging: spawning pane terminal event="pane.spawn.start" subsystem="pane" outcome="started" pane_id=12 rows=53 cols=184 scrollback_limit_bytes=10000000
2026-07-14T20:18:30.677097Z  INFO herdr::logging: pane child spawned event="pane.spawned" subsystem="pane" outcome="ok" pane_id=12 pid=1700716
2026-07-14T20:18:30.677274Z  INFO herdr::logging: workspace created event="workspace.create" subsystem="workspace" outcome="ok" workspace_id="w11" pane_id=12
2026-07-14T20:18:30.677299Z  INFO herdr::logging: workspace focused event="workspace.focus" subsystem="workspace" outcome="ok" workspace_id="w11"
2026-07-14T20:18:30.677318Z  INFO herdr::logging: tab focused event="tab.focus" subsystem="tab" outcome="ok" workspace_id="w11" tab_id="w11:t1"
2026-07-14T20:18:33.075950Z  INFO herdr::server::headless: client detach requested via keybind client_id=24
2026-07-14T20:18:33.084159Z  INFO herdr::server::headless: client disconnected client_id=24
2026-07-14T20:18:35.679496Z  INFO herdr::logging: session saved event="persist.save" subsystem="persist" outcome="ok" path=/home/morehush/.config/herdr/session.json workspaces=1
2026-07-14T20:36:29.570296Z  INFO herdr::logging: checking for updates event="update.check.start" subsystem="update" outcome="started"
2026-07-14T20:36:30.008101Z  WARN herdr::detect::manifest_update: skipping unknown remote manifest agent agent="maki"
2026-07-14T21:06:29.571779Z  INFO herdr::logging: checking for updates event="update.check.start" subsystem="update" outcome="started"
2026-07-14T21:06:30.369737Z  WARN herdr::detect::manifest_update: skipping unknown remote manifest agent agent="maki"
2026-07-14T21:36:29.573263Z  INFO herdr::logging: checking for updates event="update.check.start" subsystem="update" outcome="started"
2026-07-14T21:36:29.899432Z  WARN herdr::detect::manifest_update: skipping unknown remote manifest agent agent="maki"
2026-07-14T22:06:29.574412Z  INFO herdr::logging: checking for updates event="update.check.start" subsystem="update" outcome="started"
2026-07-14T22:06:30.132999Z  WARN herdr::detect::manifest_update: skipping unknown remote manifest agent agent="maki"
2026-07-14T22:36:29.576694Z  INFO herdr::logging: checking for updates event="update.check.start" subsystem="update" outcome="started"
2026-07-14T22:36:29.877586Z  WARN herdr::detect::manifest_update: skipping unknown remote manifest agent agent="maki"
2026-07-14T23:06:29.577758Z  INFO herdr::logging: checking for updates event="update.check.start" subsystem="update" outcome="started"
2026-07-14T23:06:29.940188Z  WARN herdr::detect::manifest_update: skipping unknown remote manifest agent agent="maki"
2026-07-14T23:36:29.579586Z  INFO herdr::logging: checking for updates event="update.check.start" subsystem="update" outcome="started"
2026-07-14T23:36:29.875858Z  WARN herdr::detect::manifest_update: skipping unknown remote manifest agent agent="maki"
2026-07-15T00:06:29.580919Z  INFO herdr::logging: checking for updates event="update.check.start" subsystem="update" outcome="started"
2026-07-15T00:06:29.939363Z  WARN herdr::detect::manifest_update: skipping unknown remote manifest agent agent="maki"
2026-07-15T00:36:29.582595Z  INFO herdr::logging: checking for updates event="update.check.start" subsystem="update" outcome="started"
2026-07-15T00:36:29.789177Z  WARN herdr::detect::manifest_update: skipping unknown remote manifest agent agent="maki"
2026-07-15T01:06:29.584887Z  INFO herdr::logging: checking for updates event="update.check.start" subsystem="update" outcome="started"
2026-07-15T01:06:30.204824Z  WARN herdr::detect::manifest_update: skipping unknown remote manifest agent agent="maki"
2026-07-15T01:36:29.585755Z  INFO herdr::logging: checking for updates event="update.check.start" subsystem="update" outcome="started"
2026-07-15T01:36:29.796095Z  WARN herdr::detect::manifest_update: skipping unknown remote manifest agent agent="maki"
2026-07-15T02:06:29.587574Z  INFO herdr::logging: checking for updates event="update.check.start" subsystem="update" outcome="started"
2026-07-15T02:06:29.836367Z  WARN herdr::detect::manifest_update: skipping unknown remote manifest agent agent="maki"
2026-07-15T02:36:29.588961Z  INFO herdr::logging: checking for updates event="update.check.start" subsystem="update" outcome="started"
2026-07-15T02:36:29.977718Z  WARN herdr::detect::manifest_update: skipping unknown remote manifest agent agent="maki"
2026-07-15T03:06:29.590272Z  INFO herdr::logging: checking for updates event="update.check.start" subsystem="update" outcome="started"
2026-07-15T03:06:29.802515Z  WARN herdr::detect::manifest_update: skipping unknown remote manifest agent agent="maki"
2026-07-15T03:36:29.590801Z  INFO herdr::logging: checking for updates event="update.check.start" subsystem="update" outcome="started"
2026-07-15T03:36:29.680217Z  WARN herdr::detect::manifest_update: skipping unknown remote manifest agent agent="maki"
2026-07-15T04:06:29.591901Z  INFO herdr::logging: checking for updates event="update.check.start" subsystem="update" outcome="started"
2026-07-15T04:06:29.678764Z  WARN herdr::detect::manifest_update: skipping unknown remote manifest agent agent="maki"
2026-07-15T04:36:29.592759Z  INFO herdr::logging: checking for updates event="update.check.start" subsystem="update" outcome="started"
2026-07-15T04:36:29.692348Z  WARN herdr::detect::manifest_update: skipping unknown remote manifest agent agent="maki"
2026-07-15T05:06:29.594191Z  INFO herdr::logging: checking for updates event="update.check.start" subsystem="update" outcome="started"
2026-07-15T05:06:29.696484Z  WARN herdr::detect::manifest_update: skipping unknown remote manifest agent agent="maki"
2026-07-15T05:36:29.595362Z  INFO herdr::logging: checking for updates event="update.check.start" subsystem="update" outcome="started"
2026-07-15T05:36:29.684114Z  WARN herdr::detect::manifest_update: skipping unknown remote manifest agent agent="maki"
2026-07-15T06:06:29.596190Z  INFO herdr::logging: checking for updates event="update.check.start" subsystem="update" outcome="started"
2026-07-15T06:06:29.683727Z  WARN herdr::detect::manifest_update: skipping unknown remote manifest agent agent="maki"
2026-07-15T06:36:29.598405Z  INFO herdr::logging: checking for updates event="update.check.start" subsystem="update" outcome="started"
2026-07-15T06:36:29.683310Z  WARN herdr::detect::manifest_update: skipping unknown remote manifest agent agent="maki"
2026-07-15T07:06:29.598532Z  INFO herdr::logging: checking for updates event="update.check.start" subsystem="update" outcome="started"
2026-07-15T07:06:29.675148Z  WARN herdr::detect::manifest_update: skipping unknown remote manifest agent agent="maki"
2026-07-15T07:36:29.600579Z  INFO herdr::logging: checking for updates event="update.check.start" subsystem="update" outcome="started"
2026-07-15T07:36:29.689539Z  WARN herdr::detect::manifest_update: skipping unknown remote manifest agent agent="maki"
2026-07-15T08:06:29.601734Z  INFO herdr::logging: checking for updates event="update.check.start" subsystem="update" outcome="started"
2026-07-15T08:06:29.688080Z  WARN herdr::detect::manifest_update: skipping unknown remote manifest agent agent="maki"
2026-07-15T08:36:29.604008Z  INFO herdr::logging: checking for updates event="update.check.start" subsystem="update" outcome="started"
2026-07-15T08:36:29.688415Z  WARN herdr::detect::manifest_update: skipping unknown remote manifest agent agent="maki"
2026-07-15T09:06:29.605451Z  INFO herdr::logging: checking for updates event="update.check.start" subsystem="update" outcome="started"
2026-07-15T09:06:29.684760Z  WARN herdr::detect::manifest_update: skipping unknown remote manifest agent agent="maki"
2026-07-15T09:36:29.606554Z  INFO herdr::logging: checking for updates event="update.check.start" subsystem="update" outcome="started"
2026-07-15T09:36:29.689539Z  WARN herdr::detect::manifest_update: skipping unknown remote manifest agent agent="maki"
2026-07-15T10:06:29.608340Z  INFO herdr::logging: checking for updates event="update.check.start" subsystem="update" outcome="started"
2026-07-15T10:06:29.662026Z  WARN herdr::detect::manifest_update: skipping unknown remote manifest agent agent="maki"
2026-07-15T10:36:29.608524Z  INFO herdr::logging: checking for updates event="update.check.start" subsystem="update" outcome="started"
2026-07-15T10:36:29.696684Z  WARN herdr::detect::manifest_update: skipping unknown remote manifest agent agent="maki"
2026-07-15T11:06:29.611345Z  INFO herdr::logging: checking for updates event="update.check.start" subsystem="update" outcome="started"
2026-07-15T11:06:29.708283Z  WARN herdr::detect::manifest_update: skipping unknown remote manifest agent agent="maki"
2026-07-15T11:36:29.612052Z  INFO herdr::logging: checking for updates event="update.check.start" subsystem="update" outcome="started"
2026-07-15T11:36:29.698050Z  WARN herdr::detect::manifest_update: skipping unknown remote manifest agent agent="maki"
2026-07-15T12:06:29.612985Z  INFO herdr::logging: checking for updates event="update.check.start" subsystem="update" outcome="started"
2026-07-15T12:06:29.683270Z  WARN herdr::detect::manifest_update: skipping unknown remote manifest agent agent="maki"
2026-07-15T12:36:29.614940Z  INFO herdr::logging: checking for updates event="update.check.start" subsystem="update" outcome="started"
2026-07-15T12:36:29.715603Z  WARN herdr::detect::manifest_update: skipping unknown remote manifest agent agent="maki"
2026-07-15T13:06:29.616266Z  INFO herdr::logging: checking for updates event="update.check.start" subsystem="update" outcome="started"
2026-07-15T13:06:29.716898Z  WARN herdr::detect::manifest_update: skipping unknown remote manifest agent agent="maki"
2026-07-15T13:36:29.616674Z  INFO herdr::logging: checking for updates event="update.check.start" subsystem="update" outcome="started"
2026-07-15T13:36:29.703337Z  WARN herdr::detect::manifest_update: skipping unknown remote manifest agent agent="maki"
2026-07-15T14:06:29.619609Z  INFO herdr::logging: checking for updates event="update.check.start" subsystem="update" outcome="started"
2026-07-15T14:06:29.714846Z  WARN herdr::detect::manifest_update: skipping unknown remote manifest agent agent="maki"
2026-07-15T14:17:28.527734Z  INFO herdr::server::headless: client connected client_id=26 cols=210 rows=54 cell_width_px=0 cell_height_px=0 render_encoding=SemanticFrame
2026-07-15T14:36:29.620857Z  INFO herdr::logging: checking for updates event="update.check.start" subsystem="update" outcome="started"
2026-07-15T14:36:29.728604Z  WARN herdr::detect::manifest_update: skipping unknown remote manifest agent agent="maki"
2026-07-15T15:06:29.621987Z  INFO herdr::logging: checking for updates event="update.check.start" subsystem="update" outcome="started"
2026-07-15T15:06:29.699952Z  WARN herdr::detect::manifest_update: skipping unknown remote manifest agent agent="maki"
2026-07-15T15:36:29.622945Z  INFO herdr::logging: checking for updates event="update.check.start" subsystem="update" outcome="started"
2026-07-15T15:36:29.727437Z  WARN herdr::detect::manifest_update: skipping unknown remote manifest agent agent="maki"
2026-07-15T16:06:29.623785Z  INFO herdr::logging: checking for updates event="update.check.start" subsystem="update" outcome="started"
2026-07-15T16:06:29.841214Z  WARN herdr::detect::manifest_update: skipping unknown remote manifest agent agent="maki"
2026-07-15T16:36:08.353096Z  INFO herdr::logging: pane child exited event="pane.exit" subsystem="pane" outcome="completed" pane_id=12 status="ExitStatus { code: 0, signal: None }"
2026-07-15T16:36:08.364859Z  INFO herdr::pane: pane session terminated pane=12 pid=1700716 signal=Hangup
2026-07-15T16:36:08.365103Z  INFO herdr::logging: spawning pane terminal event="pane.spawn.start" subsystem="pane" outcome="started" pane_id=13 rows=53 cols=184 scrollback_limit_bytes=10000000
2026-07-15T16:36:08.368576Z  INFO herdr::logging: pane child spawned event="pane.spawned" subsystem="pane" outcome="ok" pane_id=13 pid=2688053
2026-07-15T16:36:08.369089Z  INFO herdr::logging: workspace created event="workspace.create" subsystem="workspace" outcome="ok" workspace_id="w12" pane_id=13
2026-07-15T16:36:08.369119Z  INFO herdr::logging: workspace focused event="workspace.focus" subsystem="workspace" outcome="ok" workspace_id="w12"
2026-07-15T16:36:08.369328Z  INFO herdr::logging: tab focused event="tab.focus" subsystem="tab" outcome="ok" workspace_id="w12" tab_id="w12:t1"
2026-07-15T16:36:09.485793Z  INFO herdr::server::headless: client detach requested via keybind client_id=26
2026-07-15T16:36:09.500873Z  INFO herdr::server::headless: client disconnected client_id=26
2026-07-15T16:36:13.372454Z  INFO herdr::logging: session saved event="persist.save" subsystem="persist" outcome="ok" path=/home/morehush/.config/herdr/session.json workspaces=1
2026-07-15T16:36:29.625529Z  INFO herdr::logging: checking for updates event="update.check.start" subsystem="update" outcome="started"
2026-07-15T16:36:29.739346Z  WARN herdr::detect::manifest_update: skipping unknown remote manifest agent agent="maki"
2026-07-15T17:06:29.626798Z  INFO herdr::logging: checking for updates event="update.check.start" subsystem="update" outcome="started"
2026-07-15T17:06:29.733478Z  WARN herdr::detect::manifest_update: skipping unknown remote manifest agent agent="maki"
2026-07-15T17:06:29.991813Z  INFO herdr::logging: update available event="update.available" subsystem="update" outcome="ok" version="0.7.4"
2026-07-15T17:06:29.991933Z  INFO herdr::update: new stable build available at https://github.com/ogulcancelik/herdr/releases/download/v0.7.4/herdr-linux-x86_64
2026-07-15T17:06:29.993079Z  INFO herdr::update: auto-update check: 0.7.4 available, waiting for explicit install
2026-07-15T17:36:29.731752Z  WARN herdr::detect::manifest_update: skipping unknown remote manifest agent agent="maki"
2026-07-15T18:06:29.772409Z  WARN herdr::detect::manifest_update: skipping unknown remote manifest agent agent="maki"
2026-07-15T18:36:29.728731Z  WARN herdr::detect::manifest_update: skipping unknown remote manifest agent agent="maki"
2026-07-15T19:06:29.728476Z  WARN herdr::detect::manifest_update: skipping unknown remote manifest agent agent="maki"
2026-07-15T19:36:29.734704Z  WARN herdr::detect::manifest_update: skipping unknown remote manifest agent agent="maki"
2026-07-15T20:06:29.757352Z  WARN herdr::detect::manifest_update: skipping unknown remote manifest agent agent="maki"
2026-07-15T20:36:29.733536Z  WARN herdr::detect::manifest_update: skipping unknown remote manifest agent agent="maki"
2026-07-15T21:06:29.739764Z  WARN herdr::detect::manifest_update: skipping unknown remote manifest agent agent="maki"
2026-07-15T21:36:29.741787Z  WARN herdr::detect::manifest_update: skipping unknown remote manifest agent agent="maki"
2026-07-15T21:50:22.465724Z  INFO herdr::server::headless: client connected client_id=28 cols=210 rows=51 cell_width_px=0 cell_height_px=0 render_encoding=SemanticFrame
2026-07-15T21:56:40.512274Z  INFO herdr::logging: pane child exited event="pane.exit" subsystem="pane" outcome="completed" pane_id=13 status="ExitStatus { code: 0, signal: None }"
2026-07-15T21:56:40.521060Z  INFO herdr::pane: pane session terminated pane=13 pid=2688053 signal=Hangup
2026-07-15T21:56:40.521765Z  INFO herdr::logging: spawning pane terminal event="pane.spawn.start" subsystem="pane" outcome="started" pane_id=14 rows=50 cols=184 scrollback_limit_bytes=10000000
2026-07-15T21:56:40.524410Z  INFO herdr::logging: pane child spawned event="pane.spawned" subsystem="pane" outcome="ok" pane_id=14 pid=2947152
2026-07-15T21:56:40.524785Z  INFO herdr::logging: workspace created event="workspace.create" subsystem="workspace" outcome="ok" workspace_id="w13" pane_id=14
2026-07-15T21:56:40.524808Z  INFO herdr::logging: workspace focused event="workspace.focus" subsystem="workspace" outcome="ok" workspace_id="w13"
2026-07-15T21:56:40.524826Z  INFO herdr::logging: tab focused event="tab.focus" subsystem="tab" outcome="ok" workspace_id="w13" tab_id="w13:t1"
2026-07-15T21:56:43.242544Z  INFO herdr::logging: pane child exited event="pane.exit" subsystem="pane" outcome="completed" pane_id=14 status="ExitStatus { code: 0, signal: None }"
2026-07-15T21:56:43.251475Z  INFO herdr::pane: pane session terminated pane=14 pid=2947152 signal=Hangup
2026-07-15T21:56:43.251635Z  INFO herdr::logging: spawning pane terminal event="pane.spawn.start" subsystem="pane" outcome="started" pane_id=15 rows=50 cols=184 scrollback_limit_bytes=10000000
2026-07-15T21:56:43.254248Z  INFO herdr::logging: pane child spawned event="pane.spawned" subsystem="pane" outcome="ok" pane_id=15 pid=2947187
2026-07-15T21:56:43.254599Z  INFO herdr::logging: workspace created event="workspace.create" subsystem="workspace" outcome="ok" workspace_id="w14" pane_id=15
2026-07-15T21:56:43.254620Z  INFO herdr::logging: workspace focused event="workspace.focus" subsystem="workspace" outcome="ok" workspace_id="w14"
2026-07-15T21:56:43.254638Z  INFO herdr::logging: tab focused event="tab.focus" subsystem="tab" outcome="ok" workspace_id="w14" tab_id="w14:t1"
2026-07-15T21:56:45.255277Z  INFO herdr::server::headless: client detach requested via keybind client_id=28
2026-07-15T21:56:45.264247Z  INFO herdr::server::headless: client disconnected client_id=28
2026-07-15T21:56:48.264032Z  INFO herdr::logging: session saved event="persist.save" subsystem="persist" outcome="ok" path=/home/morehush/.config/herdr/session.json workspaces=1
2026-07-16T11:57:28.495871Z  INFO herdr::api::server: api server listening path=/home/morehush/.config/herdr/herdr.sock
2026-07-16T11:57:28.502931Z  INFO herdr::logging: spawning pane terminal event="pane.spawn.start" subsystem="pane" outcome="started" pane_id=1 rows=24 cols=80 scrollback_limit_bytes=10000000
2026-07-16T11:57:28.507273Z  INFO herdr::logging: pane child spawned event="pane.spawned" subsystem="pane" outcome="ok" pane_id=1 pid=699331
2026-07-16T11:57:28.508381Z  INFO herdr::logging: session restore evaluated event="persist.restore" subsystem="persist" outcome="ok" workspaces=1
2026-07-16T11:57:28.508430Z  INFO herdr::app: using pane scrollback configuration pane_scrollback_limit_bytes=10000000
2026-07-16T11:57:28.588721Z  INFO herdr::logging: checking for updates event="update.check.start" subsystem="update" outcome="started"
2026-07-16T11:57:28.590680Z  INFO herdr::server::headless: restored session already has workspaces; ignoring startup cwd cwd=/home/morehush
2026-07-16T11:57:28.590899Z  INFO herdr::server::headless: client protocol socket listening path=/home/morehush/.config/herdr/herdr-client.sock
2026-07-16T11:57:28.590918Z  INFO herdr::server::headless: herdr server started api_socket=/home/morehush/.config/herdr/herdr.sock client_socket=/home/morehush/.config/herdr/herdr-client.sock
2026-07-16T11:57:28.590935Z  INFO herdr::logging: herdr starting event="app.startup" subsystem="server" outcome="started" pid=699317
2026-07-16T11:57:28.594043Z  INFO herdr::server::headless: client connected client_id=2 cols=210 rows=54 cell_width_px=0 cell_height_px=0 render_encoding=SemanticFrame
2026-07-16T11:57:28.684424Z  WARN herdr::detect::manifest_update: skipping unknown remote manifest agent agent="maki"
2026-07-16T11:57:28.709504Z  INFO herdr::logging: update available event="update.available" subsystem="update" outcome="ok" version="0.7.4"
2026-07-16T11:57:28.709540Z  INFO herdr::update: new stable build available at https://github.com/ogulcancelik/herdr/releases/download/v0.7.4/herdr-linux-x86_64
2026-07-16T11:57:28.709986Z  INFO herdr::update: auto-update check: 0.7.4 available, waiting for explicit install
2026-07-16T11:57:33.574177Z  INFO herdr::server::headless: client detach requested via keybind client_id=2
2026-07-16T11:57:33.583259Z  INFO herdr::server::headless: client disconnected client_id=2
2026-07-16T11:57:38.982657Z  INFO herdr::server::headless: server shutdown initiated
2026-07-16T11:57:39.032809Z  INFO herdr::server::headless: completing server shutdown
2026-07-16T11:57:39.034204Z  INFO herdr::logging: session saved event="persist.save" subsystem="persist" outcome="ok" path=/home/morehush/.config/herdr/session.json workspaces=1
2026-07-16T11:57:39.034238Z  INFO herdr::server::headless: headless server exiting
2026-07-16T11:57:39.035526Z  INFO herdr::logging: pane child exited event="pane.exit" subsystem="pane" outcome="completed" pane_id=1 status="ExitStatus { code: 1, signal: Some(\"Hangup\") }"
2026-07-16T11:57:39.047599Z  INFO herdr::pane: pane session terminated pane=1 pid=699331 signal=Hangup
2026-07-16T11:57:39.049216Z  INFO herdr::logging: herdr exiting event="app.shutdown" subsystem="server" outcome="completed" pid=699317
2026-07-16T11:57:42.625530Z  INFO herdr::api::server: api server listening path=/home/morehush/.config/herdr/herdr.sock
2026-07-16T11:57:42.626358Z  INFO herdr::logging: spawning pane terminal event="pane.spawn.start" subsystem="pane" outcome="started" pane_id=1 rows=24 cols=80 scrollback_limit_bytes=10000000
2026-07-16T11:57:42.626898Z  INFO herdr::logging: pane child spawned event="pane.spawned" subsystem="pane" outcome="ok" pane_id=1 pid=699598
2026-07-16T11:57:42.627077Z  INFO herdr::logging: session restore evaluated event="persist.restore" subsystem="persist" outcome="ok" workspaces=1
2026-07-16T11:57:42.627090Z  INFO herdr::app: using pane scrollback configuration pane_scrollback_limit_bytes=10000000
2026-07-16T11:57:42.701863Z  INFO herdr::logging: checking for updates event="update.check.start" subsystem="update" outcome="started"
2026-07-16T11:57:42.703547Z  INFO herdr::server::headless: restored session already has workspaces; ignoring startup cwd cwd=/home/morehush
2026-07-16T11:57:42.703629Z  INFO herdr::server::headless: client protocol socket listening path=/home/morehush/.config/herdr/herdr-client.sock
2026-07-16T11:57:42.703658Z  INFO herdr::server::headless: herdr server started api_socket=/home/morehush/.config/herdr/herdr.sock client_socket=/home/morehush/.config/herdr/herdr-client.sock
2026-07-16T11:57:42.703673Z  INFO herdr::logging: herdr starting event="app.startup" subsystem="server" outcome="started" pid=699584
2026-07-16T11:57:42.974070Z  INFO herdr::server::headless: client connected client_id=2 cols=210 rows=54 cell_width_px=0 cell_height_px=0 render_encoding=SemanticFrame
2026-07-16T11:58:45.215819Z  INFO herdr::logging: pane child exited event="pane.exit" subsystem="pane" outcome="completed" pane_id=1 status="ExitStatus { code: 0, signal: None }"
2026-07-16T11:58:45.226492Z  INFO herdr::pane: pane session terminated pane=1 pid=699598 signal=Hangup
2026-07-16T11:58:45.226661Z  INFO herdr::logging: spawning pane terminal event="pane.spawn.start" subsystem="pane" outcome="started" pane_id=2 rows=53 cols=184 scrollback_limit_bytes=10000000
2026-07-16T11:58:45.229577Z  INFO herdr::logging: pane child spawned event="pane.spawned" subsystem="pane" outcome="ok" pane_id=2 pid=700513
2026-07-16T11:58:45.229911Z  INFO herdr::logging: workspace created event="workspace.create" subsystem="workspace" outcome="ok" workspace_id="w15" pane_id=2
2026-07-16T11:58:45.229929Z  INFO herdr::logging: workspace focused event="workspace.focus" subsystem="workspace" outcome="ok" workspace_id="w15"
2026-07-16T11:58:45.230043Z  INFO herdr::logging: tab focused event="tab.focus" subsystem="tab" outcome="ok" workspace_id="w15" tab_id="w15:t1"
2026-07-16T11:58:46.422832Z  INFO herdr::server::headless: client detach requested via keybind client_id=2
2026-07-16T11:58:46.432777Z  INFO herdr::server::headless: client disconnected client_id=2
2026-07-16T11:58:50.232406Z  INFO herdr::logging: session saved event="persist.save" subsystem="persist" outcome="ok" path=/home/morehush/.config/herdr/session.json workspaces=1
2026-07-16T12:27:42.703198Z  INFO herdr::logging: checking for updates event="update.check.start" subsystem="update" outcome="started"
2026-07-16T12:43:01.431847Z  INFO herdr::server::headless: client connected client_id=4 cols=210 rows=54 cell_width_px=0 cell_height_px=0 render_encoding=SemanticFrame
2026-07-16T12:54:41.771356Z  INFO herdr::logging: pane child exited event="pane.exit" subsystem="pane" outcome="completed" pane_id=2 status="ExitStatus { code: 0, signal: None }"
2026-07-16T12:54:41.771574Z  INFO herdr::pane: pane session terminated pane=2 pid=700513 signal=Hangup
2026-07-16T12:54:41.771796Z  INFO herdr::logging: spawning pane terminal event="pane.spawn.start" subsystem="pane" outcome="started" pane_id=3 rows=53 cols=184 scrollback_limit_bytes=10000000
2026-07-16T12:54:41.772566Z  INFO herdr::logging: pane child spawned event="pane.spawned" subsystem="pane" outcome="ok" pane_id=3 pid=745995
2026-07-16T12:54:41.772719Z  INFO herdr::logging: workspace created event="workspace.create" subsystem="workspace" outcome="ok" workspace_id="w16" pane_id=3
2026-07-16T12:54:41.772727Z  INFO herdr::logging: workspace focused event="workspace.focus" subsystem="workspace" outcome="ok" workspace_id="w16"
2026-07-16T12:54:41.772766Z  INFO herdr::logging: tab focused event="tab.focus" subsystem="tab" outcome="ok" workspace_id="w16" tab_id="w16:t1"
2026-07-16T12:54:45.374265Z  INFO herdr::server::headless: client detach requested via keybind client_id=4
2026-07-16T12:54:45.383381Z  INFO herdr::server::headless: client disconnected client_id=4
2026-07-16T12:54:46.782081Z  INFO herdr::logging: session saved event="persist.save" subsystem="persist" outcome="ok" path=/home/morehush/.config/herdr/session.json workspaces=1
2026-07-16T12:57:42.704132Z  INFO herdr::logging: checking for updates event="update.check.start" subsystem="update" outcome="started"
2026-07-16T13:27:42.705534Z  INFO herdr::logging: checking for updates event="update.check.start" subsystem="update" outcome="started"
2026-07-16T13:57:42.706328Z  INFO herdr::logging: checking for updates event="update.check.start" subsystem="update" outcome="started"
2026-07-16T13:58:01.078564Z  INFO herdr::server::headless: client connected client_id=6 cols=210 rows=54 cell_width_px=0 cell_height_px=0 render_encoding=SemanticFrame
2026-07-16T13:58:07.998122Z  INFO herdr::logging: pane child exited event="pane.exit" subsystem="pane" outcome="completed" pane_id=3 status="ExitStatus { code: 0, signal: None }"
2026-07-16T13:58:08.007465Z  INFO herdr::pane: pane session terminated pane=3 pid=745995 signal=Hangup
2026-07-16T13:58:08.007644Z  INFO herdr::logging: spawning pane terminal event="pane.spawn.start" subsystem="pane" outcome="started" pane_id=4 rows=53 cols=184 scrollback_limit_bytes=10000000
2026-07-16T13:58:08.009970Z  INFO herdr::logging: pane child spawned event="pane.spawned" subsystem="pane" outcome="ok" pane_id=4 pid=817885
2026-07-16T13:58:08.010292Z  INFO herdr::logging: workspace created event="workspace.create" subsystem="workspace" outcome="ok" workspace_id="w17" pane_id=4
2026-07-16T13:58:08.010339Z  INFO herdr::logging: workspace focused event="workspace.focus" subsystem="workspace" outcome="ok" workspace_id="w17"
2026-07-16T13:58:08.010455Z  INFO herdr::logging: tab focused event="tab.focus" subsystem="tab" outcome="ok" workspace_id="w17" tab_id="w17:t1"
2026-07-16T13:58:09.507718Z  INFO herdr::server::headless: client detach requested via keybind client_id=6
2026-07-16T13:58:09.516298Z  INFO herdr::server::headless: client disconnected client_id=6
2026-07-16T13:58:13.011942Z  INFO herdr::logging: session saved event="persist.save" subsystem="persist" outcome="ok" path=/home/morehush/.config/herdr/session.json workspaces=1
2026-07-16T14:27:42.707307Z  INFO herdr::logging: checking for updates event="update.check.start" subsystem="update" outcome="started"
2026-07-16T14:57:42.709013Z  INFO herdr::logging: checking for updates event="update.check.start" subsystem="update" outcome="started"
2026-07-16T15:27:42.710157Z  INFO herdr::logging: checking for updates event="update.check.start" subsystem="update" outcome="started"
2026-07-16T15:57:42.711441Z  INFO herdr::logging: checking for updates event="update.check.start" subsystem="update" outcome="started"
2026-07-16T16:27:42.712354Z  INFO herdr::logging: checking for updates event="update.check.start" subsystem="update" outcome="started"
2026-07-16T16:57:42.713970Z  INFO herdr::logging: checking for updates event="update.check.start" subsystem="update" outcome="started"
2026-07-16T17:27:42.715667Z  INFO herdr::logging: checking for updates event="update.check.start" subsystem="update" outcome="started"
2026-07-16T17:57:42.717358Z  INFO herdr::logging: checking for updates event="update.check.start" subsystem="update" outcome="started"
2026-07-16T18:27:42.718420Z  INFO herdr::logging: checking for updates event="update.check.start" subsystem="update" outcome="started"
2026-07-16T18:57:42.719760Z  INFO herdr::logging: checking for updates event="update.check.start" subsystem="update" outcome="started"
2026-07-16T19:27:42.720489Z  INFO herdr::logging: checking for updates event="update.check.start" subsystem="update" outcome="started"
2026-07-16T19:57:42.721280Z  INFO herdr::logging: checking for updates event="update.check.start" subsystem="update" outcome="started"
2026-07-16T20:27:42.722919Z  INFO herdr::logging: checking for updates event="update.check.start" subsystem="update" outcome="started"
2026-07-16T20:57:42.723437Z  INFO herdr::logging: checking for updates event="update.check.start" subsystem="update" outcome="started"
2026-07-16T21:27:42.724776Z  INFO herdr::logging: checking for updates event="update.check.start" subsystem="update" outcome="started"
2026-07-16T21:57:42.725743Z  INFO herdr::logging: checking for updates event="update.check.start" subsystem="update" outcome="started"
2026-07-16T22:27:42.727323Z  INFO herdr::logging: checking for updates event="update.check.start" subsystem="update" outcome="started"
2026-07-16T22:48:36.534866Z  INFO herdr::server::headless: server shutdown initiated
2026-07-16T22:48:36.585204Z  INFO herdr::server::headless: completing server shutdown
2026-07-16T22:48:36.592654Z  INFO herdr::logging: session saved event="persist.save" subsystem="persist" outcome="ok" path=/home/morehush/.config/herdr/session.json workspaces=1
2026-07-16T22:48:36.592703Z  INFO herdr::server::headless: headless server exiting
2026-07-16T22:48:36.594101Z  INFO herdr::logging: pane child exited event="pane.exit" subsystem="pane" outcome="completed" pane_id=4 status="ExitStatus { code: 1, signal: Some(\"Hangup\") }"
2026-07-16T22:48:36.599608Z  INFO herdr::pane: pane session terminated pane=4 pid=817885 signal=Hangup
2026-07-16T22:48:36.600403Z  INFO herdr::logging: herdr exiting event="app.shutdown" subsystem="server" outcome="completed" pid=699584
2026-07-27T12:15:58.555638Z  INFO herdr::api::server: api server listening path=/home/morehush/.config/herdr/herdr.sock
2026-07-27T12:15:58.558751Z  INFO herdr::logging: spawning pane terminal event="pane.spawn.start" subsystem="pane" outcome="started" pane_id=1 rows=24 cols=80 scrollback_limit_bytes=10000000
2026-07-27T12:15:58.560503Z  INFO herdr::logging: pane child spawned event="pane.spawned" subsystem="pane" outcome="ok" pane_id=1 pid=1252009
2026-07-27T12:15:58.561030Z  INFO herdr::logging: session restore evaluated event="persist.restore" subsystem="persist" outcome="ok" workspaces=1
2026-07-27T12:15:58.561060Z  INFO herdr::app: using pane scrollback configuration pane_scrollback_limit_bytes=10000000
2026-07-27T12:15:58.658491Z  INFO herdr::logging: checking for updates event="update.check.start" subsystem="update" outcome="started"
2026-07-27T12:15:58.659948Z  INFO herdr::server::headless: restored session already has workspaces; ignoring startup cwd cwd=/home/morehush
2026-07-27T12:15:58.660101Z  INFO herdr::server::headless: client protocol socket listening path=/home/morehush/.config/herdr/herdr-client.sock
2026-07-27T12:15:58.660121Z  INFO herdr::server::headless: herdr server started api_socket=/home/morehush/.config/herdr/herdr.sock client_socket=/home/morehush/.config/herdr/herdr-client.sock
2026-07-27T12:15:58.660305Z  INFO herdr::logging: herdr starting event="app.startup" subsystem="server" outcome="started" pid=1251995
2026-07-27T12:15:58.929343Z  INFO herdr::server::headless: client connected client_id=2 cols=210 rows=54 cell_width_px=0 cell_height_px=0 render_encoding=SemanticFrame
2026-07-27T12:17:11.907327Z  INFO herdr::logging: spawning pane terminal event="pane.spawn.start" subsystem="pane" outcome="started" pane_id=2 rows=53 cols=206 scrollback_limit_bytes=10000000
2026-07-27T12:17:11.910072Z  INFO herdr::logging: pane child spawned event="pane.spawned" subsystem="pane" outcome="ok" pane_id=2 pid=1253400
2026-07-27T12:17:11.910494Z  INFO herdr::logging: tab focused event="tab.focus" subsystem="tab" outcome="ok" workspace_id="w17" tab_id="w17:t2"
2026-07-27T12:17:15.033785Z  INFO herdr::logging: pane child exited event="pane.exit" subsystem="pane" outcome="completed" pane_id=2 status="ExitStatus { code: 1, signal: Some(\"Hangup\") }"
2026-07-27T12:17:15.045748Z  INFO herdr::pane: pane session terminated pane=2 pid=1253400 signal=Hangup
2026-07-27T12:17:15.046279Z  WARN herdr::app::actions: PaneDied for unknown pane pane=2
2026-07-27T12:17:20.054525Z  INFO herdr::logging: session saved event="persist.save" subsystem="persist" outcome="ok" path=/home/morehush/.config/herdr/session.json workspaces=1
2026-07-27T12:23:34.461103Z  INFO herdr::server::headless: client resize client_id=2 cols=210 rows=51 cell_width_px=0 cell_height_px=0
2026-07-27T12:23:34.552440Z  INFO herdr::server::headless: client resize client_id=2 cols=210 rows=53 cell_width_px=0 cell_height_px=0
2026-07-27T12:23:34.752860Z  INFO herdr::server::headless: client resize client_id=2 cols=210 rows=54 cell_width_px=0 cell_height_px=0
2026-07-27T12:31:38.483387Z  INFO herdr::logging: tab focused event="tab.focus" subsystem="tab" outcome="ok" workspace_id="w17" tab_id="w17:t1"
2026-07-27T12:31:43.486521Z  INFO herdr::logging: session saved event="persist.save" subsystem="persist" outcome="ok" path=/home/morehush/.config/herdr/session.json workspaces=1
2026-07-27T12:31:43.953780Z  INFO herdr::logging: tab focused event="tab.focus" subsystem="tab" outcome="ok" workspace_id="w17" tab_id="w17:t1"
2026-07-27T12:31:48.955533Z  INFO herdr::logging: session saved event="persist.save" subsystem="persist" outcome="ok" path=/home/morehush/.config/herdr/session.json workspaces=1
2026-07-27T12:38:14.100606Z  INFO herdr::logging: pane child exited event="pane.exit" subsystem="pane" outcome="completed" pane_id=1 status="ExitStatus { code: 0, signal: None }"
2026-07-27T12:38:14.111460Z  INFO herdr::pane: pane session terminated pane=1 pid=1252009 signal=Hangup
2026-07-27T12:38:14.112709Z  INFO herdr::logging: spawning pane terminal event="pane.spawn.start" subsystem="pane" outcome="started" pane_id=3 rows=53 cols=206 scrollback_limit_bytes=10000000
2026-07-27T12:38:14.116116Z  INFO herdr::logging: pane child spawned event="pane.spawned" subsystem="pane" outcome="ok" pane_id=3 pid=1277220
2026-07-27T12:38:14.116544Z  INFO herdr::logging: workspace created event="workspace.create" subsystem="workspace" outcome="ok" workspace_id="w18" pane_id=3
2026-07-27T12:38:14.116594Z  INFO herdr::logging: workspace focused event="workspace.focus" subsystem="workspace" outcome="ok" workspace_id="w18"
2026-07-27T12:38:14.116614Z  INFO herdr::logging: tab focused event="tab.focus" subsystem="tab" outcome="ok" workspace_id="w18" tab_id="w18:t1"
2026-07-27T12:38:17.984201Z  INFO herdr::server::headless: client detach requested via keybind client_id=2
2026-07-27T12:38:17.993539Z  INFO herdr::server::headless: client disconnected client_id=2
2026-07-27T12:38:19.119310Z  INFO herdr::logging: session saved event="persist.save" subsystem="persist" outcome="ok" path=/home/morehush/.config/herdr/session.json workspaces=1
2026-07-27T12:41:15.503145Z  INFO herdr::server::headless: client connected client_id=4 cols=210 rows=54 cell_width_px=0 cell_height_px=0 render_encoding=SemanticFrame
2026-07-27T12:41:19.629120Z  INFO herdr::server::headless: client detach requested via keybind client_id=4
2026-07-27T12:41:19.634717Z  INFO herdr::server::headless: client disconnected client_id=4
2026-07-27T12:42:28.740657Z  INFO herdr::server::headless: client connected client_id=6 cols=210 rows=54 cell_width_px=0 cell_height_px=0 render_encoding=SemanticFrame
2026-07-27T12:43:31.227221Z  INFO herdr::server::headless: client detach requested via keybind client_id=6
2026-07-27T12:43:31.231115Z  INFO herdr::server::headless: client disconnected client_id=6
2026-07-27T12:45:20.052257Z  INFO herdr::server::headless: client connected client_id=8 cols=210 rows=54 cell_width_px=0 cell_height_px=0 render_encoding=SemanticFrame
2026-07-27T12:45:23.253184Z  INFO herdr::logging: spawning pane terminal event="pane.spawn.start" subsystem="pane" outcome="started" pane_id=4 rows=53 cols=206 scrollback_limit_bytes=10000000
2026-07-27T12:45:23.254289Z  INFO herdr::logging: pane child spawned event="pane.spawned" subsystem="pane" outcome="ok" pane_id=4 pid=1286550
2026-07-27T12:45:23.254490Z  INFO herdr::logging: tab focused event="tab.focus" subsystem="tab" outcome="ok" workspace_id="w18" tab_id="w18:t1"
2026-07-27T12:45:25.113083Z  INFO herdr::logging: spawning pane terminal event="pane.spawn.start" subsystem="pane" outcome="started" pane_id=5 rows=53 cols=103 scrollback_limit_bytes=10000000
2026-07-27T12:45:25.116066Z  INFO herdr::logging: pane child spawned event="pane.spawned" subsystem="pane" outcome="ok" pane_id=5 pid=1286566
2026-07-27T12:45:25.116547Z  INFO herdr::logging: tab focused event="tab.focus" subsystem="tab" outcome="ok" workspace_id="w18" tab_id="w18:t1"
2026-07-27T12:45:30.120164Z  INFO herdr::logging: session saved event="persist.save" subsystem="persist" outcome="ok" path=/home/morehush/.config/herdr/session.json workspaces=1
2026-07-27T12:45:32.170215Z  INFO herdr::logging: tab focused event="tab.focus" subsystem="tab" outcome="ok" workspace_id="w18" tab_id="w18:t1"
2026-07-27T12:45:32.856339Z  INFO herdr::logging: tab focused event="tab.focus" subsystem="tab" outcome="ok" workspace_id="w18" tab_id="w18:t1"
2026-07-27T12:45:33.450070Z  INFO herdr::logging: tab focused event="tab.focus" subsystem="tab" outcome="ok" workspace_id="w18" tab_id="w18:t1"
2026-07-27T12:45:34.016827Z  INFO herdr::logging: tab focused event="tab.focus" subsystem="tab" outcome="ok" workspace_id="w18" tab_id="w18:t1"
2026-07-27T12:45:34.693157Z  INFO herdr::logging: tab focused event="tab.focus" subsystem="tab" outcome="ok" workspace_id="w18" tab_id="w18:t1"
2026-07-27T12:45:35.324270Z  INFO herdr::logging: tab focused event="tab.focus" subsystem="tab" outcome="ok" workspace_id="w18" tab_id="w18:t1"
2026-07-27T12:45:35.744362Z  INFO herdr::logging: tab focused event="tab.focus" subsystem="tab" outcome="ok" workspace_id="w18" tab_id="w18:t1"
2026-07-27T12:45:38.202026Z  INFO herdr::logging: tab focused event="tab.focus" subsystem="tab" outcome="ok" workspace_id="w18" tab_id="w18:t1"
2026-07-27T12:45:38.811290Z  INFO herdr::logging: tab focused event="tab.focus" subsystem="tab" outcome="ok" workspace_id="w18" tab_id="w18:t1"
2026-07-27T12:45:39.559932Z  INFO herdr::logging: tab focused event="tab.focus" subsystem="tab" outcome="ok" workspace_id="w18" tab_id="w18:t1"
2026-07-27T12:45:41.199717Z  INFO herdr::logging: tab focused event="tab.focus" subsystem="tab" outcome="ok" workspace_id="w18" tab_id="w18:t1"
2026-07-27T12:45:42.269963Z  INFO herdr::logging: tab focused event="tab.focus" subsystem="tab" outcome="ok" workspace_id="w18" tab_id="w18:t1"
2026-07-27T12:45:42.714279Z  INFO herdr::logging: tab focused event="tab.focus" subsystem="tab" outcome="ok" workspace_id="w18" tab_id="w18:t1"
2026-07-27T12:45:43.070870Z  INFO herdr::logging: tab focused event="tab.focus" subsystem="tab" outcome="ok" workspace_id="w18" tab_id="w18:t1"
2026-07-27T12:45:45.501591Z  INFO herdr::logging: pane child exited event="pane.exit" subsystem="pane" outcome="completed" pane_id=5 status="ExitStatus { code: 1, signal: Some(\"Hangup\") }"
2026-07-27T12:45:45.513587Z  INFO herdr::pane: pane session terminated pane=5 pid=1286566 signal=Hangup
2026-07-27T12:45:45.514076Z  WARN herdr::app::actions: PaneDied for unknown pane pane=5
2026-07-27T12:45:46.802834Z  INFO herdr::logging: pane child exited event="pane.exit" subsystem="pane" outcome="completed" pane_id=4 status="ExitStatus { code: 1, signal: Some(\"Hangup\") }"
2026-07-27T12:45:46.814597Z  INFO herdr::pane: pane session terminated pane=4 pid=1286550 signal=Hangup
2026-07-27T12:45:46.815105Z  WARN herdr::app::actions: PaneDied for unknown pane pane=4
2026-07-27T12:45:49.343593Z  INFO herdr::logging: workspace closed event="workspace.close" subsystem="workspace" outcome="ok" workspace_id="w18"
2026-07-27T12:45:49.345650Z  INFO herdr::logging: pane child exited event="pane.exit" subsystem="pane" outcome="completed" pane_id=3 status="ExitStatus { code: 1, signal: Some(\"Hangup\") }"
2026-07-27T12:45:49.353049Z  INFO herdr::pane: pane session terminated pane=3 pid=1277220 signal=Hangup
2026-07-27T12:45:49.353295Z  WARN herdr::app::actions: PaneDied for unknown pane pane=3
2026-07-27T12:45:49.353333Z  INFO herdr::logging: spawning pane terminal event="pane.spawn.start" subsystem="pane" outcome="started" pane_id=6 rows=53 cols=206 scrollback_limit_bytes=10000000
2026-07-27T12:45:49.354206Z  INFO herdr::logging: pane child spawned event="pane.spawned" subsystem="pane" outcome="ok" pane_id=6 pid=1287013
2026-07-27T12:45:49.354341Z  INFO herdr::logging: workspace created event="workspace.create" subsystem="workspace" outcome="ok" workspace_id="w19" pane_id=6
2026-07-27T12:45:49.354349Z  INFO herdr::logging: workspace focused event="workspace.focus" subsystem="workspace" outcome="ok" workspace_id="w19"
2026-07-27T12:45:49.354354Z  INFO herdr::logging: tab focused event="tab.focus" subsystem="tab" outcome="ok" workspace_id="w19" tab_id="w19:t1"
2026-07-27T12:45:54.360585Z  INFO herdr::logging: session saved event="persist.save" subsystem="persist" outcome="ok" path=/home/morehush/.config/herdr/session.json workspaces=1
2026-07-27T12:45:58.659929Z  INFO herdr::logging: checking for updates event="update.check.start" subsystem="update" outcome="started"
2026-07-27T12:46:05.031101Z  INFO herdr::logging: spawning pane terminal event="pane.spawn.start" subsystem="pane" outcome="started" pane_id=7 rows=53 cols=206 scrollback_limit_bytes=10000000
2026-07-27T12:46:05.032063Z  INFO herdr::logging: pane child spawned event="pane.spawned" subsystem="pane" outcome="ok" pane_id=7 pid=1287330
2026-07-27T12:46:05.032187Z  INFO herdr::logging: tab focused event="tab.focus" subsystem="tab" outcome="ok" workspace_id="w19" tab_id="w19:t2"
2026-07-27T12:46:07.678413Z  INFO herdr::logging: spawning pane terminal event="pane.spawn.start" subsystem="pane" outcome="started" pane_id=8 rows=53 cols=206 scrollback_limit_bytes=10000000
2026-07-27T12:46:07.681498Z  INFO herdr::logging: pane child spawned event="pane.spawned" subsystem="pane" outcome="ok" pane_id=8 pid=1287386
2026-07-27T12:46:07.681950Z  INFO herdr::logging: tab focused event="tab.focus" subsystem="tab" outcome="ok" workspace_id="w19" tab_id="w19:t3"
2026-07-27T12:46:10.983152Z  INFO herdr::logging: tab focused event="tab.focus" subsystem="tab" outcome="ok" workspace_id="w19" tab_id="w19:t2"
2026-07-27T12:46:12.685941Z  INFO herdr::logging: tab focused event="tab.focus" subsystem="tab" outcome="ok" workspace_id="w19" tab_id="w19:t1"
2026-07-27T12:46:16.671119Z  INFO herdr::logging: pane child exited event="pane.exit" subsystem="pane" outcome="completed" pane_id=6 status="ExitStatus { code: 1, signal: Some(\"Hangup\") }"
2026-07-27T12:46:16.683555Z  INFO herdr::pane: pane session terminated pane=6 pid=1287013 signal=Hangup
2026-07-27T12:46:16.684246Z  WARN herdr::app::actions: PaneDied for unknown pane pane=6
2026-07-27T12:46:18.910645Z  INFO herdr::logging: pane child exited event="pane.exit" subsystem="pane" outcome="completed" pane_id=7 status="ExitStatus { code: 1, signal: Some(\"Hangup\") }"
2026-07-27T12:46:18.914592Z  INFO herdr::pane: pane session terminated pane=7 pid=1287330 signal=Hangup
2026-07-27T12:46:18.914818Z  WARN herdr::app::actions: PaneDied for unknown pane pane=7
2026-07-27T12:46:23.917238Z  INFO herdr::logging: session saved event="persist.save" subsystem="persist" outcome="ok" path=/home/morehush/.config/herdr/session.json workspaces=1
2026-07-27T12:46:28.540133Z  INFO herdr::logging: spawning pane terminal event="pane.spawn.start" subsystem="pane" outcome="started" pane_id=9 rows=53 cols=206 scrollback_limit_bytes=10000000
2026-07-27T12:46:28.542865Z  INFO herdr::logging: pane child spawned event="pane.spawned" subsystem="pane" outcome="ok" pane_id=9 pid=1287723
2026-07-27T12:46:28.543346Z  INFO herdr::logging: tab focused event="tab.focus" subsystem="tab" outcome="ok" workspace_id="w19" tab_id="w19:t4"
2026-07-27T12:46:33.546990Z  INFO herdr::logging: session saved event="persist.save" subsystem="persist" outcome="ok" path=/home/morehush/.config/herdr/session.json workspaces=1
2026-07-27T12:46:34.947555Z  INFO herdr::logging: tab focused event="tab.focus" subsystem="tab" outcome="ok" workspace_id="w19" tab_id="w19:t3"
2026-07-27T12:46:39.953786Z  INFO herdr::logging: session saved event="persist.save" subsystem="persist" outcome="ok" path=/home/morehush/.config/herdr/session.json workspaces=1
2026-07-27T12:46:47.070211Z  INFO herdr::logging: tab focused event="tab.focus" subsystem="tab" outcome="ok" workspace_id="w19" tab_id="w19:t4"
2026-07-27T12:46:49.522716Z  INFO herdr::logging: tab focused event="tab.focus" subsystem="tab" outcome="ok" workspace_id="w19" tab_id="w19:t3"
2026-07-27T12:46:50.825910Z  INFO herdr::logging: tab focused event="tab.focus" subsystem="tab" outcome="ok" workspace_id="w19" tab_id="w19:t4"
2026-07-27T12:46:55.833232Z  INFO herdr::logging: session saved event="persist.save" subsystem="persist" outcome="ok" path=/home/morehush/.config/herdr/session.json workspaces=1
2026-07-27T12:47:14.084210Z  INFO herdr::logging: tab focused event="tab.focus" subsystem="tab" outcome="ok" workspace_id="w19" tab_id="w19:t3"
2026-07-27T12:47:19.094881Z  INFO herdr::logging: session saved event="persist.save" subsystem="persist" outcome="ok" path=/home/morehush/.config/herdr/session.json workspaces=1
2026-07-27T12:54:49.237013Z  INFO herdr::logging: tab focused event="tab.focus" subsystem="tab" outcome="ok" workspace_id="w19" tab_id="w19:t4"
2026-07-27T12:54:54.239353Z  INFO herdr::logging: session saved event="persist.save" subsystem="persist" outcome="ok" path=/home/morehush/.config/herdr/session.json workspaces=1
2026-07-27T13:09:39.515134Z  INFO herdr::logging: tab focused event="tab.focus" subsystem="tab" outcome="ok" workspace_id="w19" tab_id="w19:t3"
2026-07-27T13:09:42.989840Z  INFO herdr::logging: pane child exited event="pane.exit" subsystem="pane" outcome="completed" pane_id=8 status="ExitStatus { code: 0, signal: None }"
2026-07-27T13:09:42.992782Z  INFO herdr::pane: pane session terminated pane=8 pid=1287386 signal=Hangup
2026-07-27T13:09:47.995878Z  INFO herdr::logging: session saved event="persist.save" subsystem="persist" outcome="ok" path=/home/morehush/.config/herdr/session.json workspaces=1
2026-07-27T13:15:58.661206Z  INFO herdr::logging: checking for updates event="update.check.start" subsystem="update" outcome="started"
2026-07-27T13:45:58.662724Z  INFO herdr::logging: checking for updates event="update.check.start" subsystem="update" outcome="started"
2026-07-27T13:51:05.468770Z  INFO herdr::server::headless: client resize client_id=8 cols=210 rows=53 cell_width_px=0 cell_height_px=0
2026-07-27T13:51:05.669697Z  INFO herdr::server::headless: client resize client_id=8 cols=210 rows=54 cell_width_px=0 cell_height_px=0
2026-07-27T13:51:13.103795Z  INFO herdr::logging: spawning pane terminal event="pane.spawn.start" subsystem="pane" outcome="started" pane_id=10 rows=53 cols=206 scrollback_limit_bytes=10000000
2026-07-27T13:51:13.106733Z  INFO herdr::logging: pane child spawned event="pane.spawned" subsystem="pane" outcome="ok" pane_id=10 pid=1342259
2026-07-27T13:51:13.107222Z  INFO herdr::logging: tab focused event="tab.focus" subsystem="tab" outcome="ok" workspace_id="w19" tab_id="w19:t5"
2026-07-27T13:51:18.110874Z  INFO herdr::logging: session saved event="persist.save" subsystem="persist" outcome="ok" path=/home/morehush/.config/herdr/session.json workspaces=1
2026-07-27T13:51:18.146304Z  INFO herdr::logging: pane child exited event="pane.exit" subsystem="pane" outcome="completed" pane_id=10 status="ExitStatus { code: 0, signal: None }"
2026-07-27T13:51:18.156666Z  INFO herdr::pane: pane session terminated pane=10 pid=1342259 signal=Hangup
2026-07-27T13:51:21.533018Z  INFO herdr::logging: pane child exited event="pane.exit" subsystem="pane" outcome="completed" pane_id=9 status="ExitStatus { code: 0, signal: None }"
2026-07-27T13:51:21.537099Z  INFO herdr::pane: pane session terminated pane=9 pid=1287723 signal=Hangup
2026-07-27T13:51:21.537517Z  INFO herdr::logging: spawning pane terminal event="pane.spawn.start" subsystem="pane" outcome="started" pane_id=11 rows=53 cols=206 scrollback_limit_bytes=10000000
2026-07-27T13:51:21.538424Z  INFO herdr::logging: pane child spawned event="pane.spawned" subsystem="pane" outcome="ok" pane_id=11 pid=1342342
2026-07-27T13:51:21.538613Z  INFO herdr::logging: workspace created event="workspace.create" subsystem="workspace" outcome="ok" workspace_id="w1A" pane_id=11
2026-07-27T13:51:21.538623Z  INFO herdr::logging: workspace focused event="workspace.focus" subsystem="workspace" outcome="ok" workspace_id="w1A"
2026-07-27T13:51:21.538630Z  INFO herdr::logging: tab focused event="tab.focus" subsystem="tab" outcome="ok" workspace_id="w1A" tab_id="w1A:t1"
2026-07-27T13:51:25.520981Z  INFO herdr::server::headless: client detach requested via keybind client_id=8
2026-07-27T13:51:25.530872Z  INFO herdr::server::headless: client disconnected client_id=8
2026-07-27T13:51:26.547435Z  INFO herdr::logging: session saved event="persist.save" subsystem="persist" outcome="ok" path=/home/morehush/.config/herdr/session.json workspaces=1
2026-07-27T14:15:58.663955Z  INFO herdr::logging: checking for updates event="update.check.start" subsystem="update" outcome="started"
2026-07-27T14:45:58.665973Z  INFO herdr::logging: checking for updates event="update.check.start" subsystem="update" outcome="started"
2026-07-27T15:15:58.668312Z  INFO herdr::logging: checking for updates event="update.check.start" subsystem="update" outcome="started"
2026-07-27T15:36:26.605519Z  INFO herdr::server::headless: client connected client_id=10 cols=210 rows=54 cell_width_px=0 cell_height_px=0 render_encoding=SemanticFrame
2026-07-27T15:45:58.670361Z  INFO herdr::logging: checking for updates event="update.check.start" subsystem="update" outcome="started"
2026-07-27T16:14:33.878316Z  INFO herdr::logging: pane child exited event="pane.exit" subsystem="pane" outcome="completed" pane_id=11 status="ExitStatus { code: 0, signal: None }"
2026-07-27T16:14:33.887837Z  INFO herdr::pane: pane session terminated pane=11 pid=1342342 signal=Hangup
2026-07-27T16:14:33.888031Z  INFO herdr::logging: spawning pane terminal event="pane.spawn.start" subsystem="pane" outcome="started" pane_id=12 rows=53 cols=206 scrollback_limit_bytes=10000000
2026-07-27T16:14:33.890637Z  INFO herdr::logging: pane child spawned event="pane.spawned" subsystem="pane" outcome="ok" pane_id=12 pid=1446355
2026-07-27T16:14:33.891001Z  INFO herdr::logging: workspace created event="workspace.create" subsystem="workspace" outcome="ok" workspace_id="w1B" pane_id=12
2026-07-27T16:14:33.891031Z  INFO herdr::logging: workspace focused event="workspace.focus" subsystem="workspace" outcome="ok" workspace_id="w1B"
2026-07-27T16:14:33.891053Z  INFO herdr::logging: tab focused event="tab.focus" subsystem="tab" outcome="ok" workspace_id="w1B" tab_id="w1B:t1"
2026-07-27T16:14:36.534317Z  INFO herdr::server::headless: client detach requested via keybind client_id=10
2026-07-27T16:14:36.543772Z  INFO herdr::server::headless: client disconnected client_id=10
2026-07-27T16:14:38.892740Z  INFO herdr::logging: session saved event="persist.save" subsystem="persist" outcome="ok" path=/home/morehush/.config/herdr/session.json workspaces=1
2026-07-27T16:15:58.671601Z  INFO herdr::logging: checking for updates event="update.check.start" subsystem="update" outcome="started"
2026-07-27T16:45:58.672359Z  INFO herdr::logging: checking for updates event="update.check.start" subsystem="update" outcome="started"
2026-07-27T17:18:49.093327Z  INFO herdr::api::server: api server listening path=/home/morehush/.config/herdr/herdr.sock
2026-07-27T17:18:49.094532Z  INFO herdr::logging: spawning pane terminal event="pane.spawn.start" subsystem="pane" outcome="started" pane_id=1 rows=24 cols=80 scrollback_limit_bytes=10000000
2026-07-27T17:18:49.095687Z  INFO herdr::logging: pane child spawned event="pane.spawned" subsystem="pane" outcome="ok" pane_id=1 pid=4710
2026-07-27T17:18:49.096061Z  INFO herdr::logging: session restore evaluated event="persist.restore" subsystem="persist" outcome="ok" workspaces=1
2026-07-27T17:18:49.096079Z  INFO herdr::app: using pane scrollback configuration pane_scrollback_limit_bytes=10000000
2026-07-27T17:18:49.161544Z  INFO herdr::logging: checking for updates event="update.check.start" subsystem="update" outcome="started"
2026-07-27T17:18:49.162907Z  INFO herdr::server::headless: restored session already has workspaces; ignoring startup cwd cwd=/home/morehush
2026-07-27T17:18:49.163002Z  INFO herdr::server::headless: client protocol socket listening path=/home/morehush/.config/herdr/herdr-client.sock
2026-07-27T17:18:49.163032Z  INFO herdr::server::headless: herdr server started api_socket=/home/morehush/.config/herdr/herdr.sock client_socket=/home/morehush/.config/herdr/herdr-client.sock
2026-07-27T17:18:49.163210Z  INFO herdr::logging: herdr starting event="app.startup" subsystem="server" outcome="started" pid=4700
2026-07-27T17:18:49.214958Z  INFO herdr::server::headless: client connected client_id=2 cols=210 rows=54 cell_width_px=0 cell_height_px=0 render_encoding=SemanticFrame
2026-07-27T17:18:58.852511Z  INFO herdr::logging: pane child exited event="pane.exit" subsystem="pane" outcome="completed" pane_id=1 status="ExitStatus { code: 0, signal: None }"
2026-07-27T17:18:58.852766Z  INFO herdr::pane: pane session terminated pane=1 pid=4710 signal=Hangup
2026-07-27T17:18:58.853184Z  INFO herdr::logging: spawning pane terminal event="pane.spawn.start" subsystem="pane" outcome="started" pane_id=2 rows=53 cols=206 scrollback_limit_bytes=10000000
2026-07-27T17:18:58.854243Z  INFO herdr::logging: pane child spawned event="pane.spawned" subsystem="pane" outcome="ok" pane_id=2 pid=4943
2026-07-27T17:18:58.854386Z  INFO herdr::logging: workspace created event="workspace.create" subsystem="workspace" outcome="ok" workspace_id="w1C" pane_id=2
2026-07-27T17:18:58.854397Z  INFO herdr::logging: workspace focused event="workspace.focus" subsystem="workspace" outcome="ok" workspace_id="w1C"
2026-07-27T17:18:58.854403Z  INFO herdr::logging: tab focused event="tab.focus" subsystem="tab" outcome="ok" workspace_id="w1C" tab_id="w1C:t1"
2026-07-27T17:19:03.865042Z  INFO herdr::logging: session saved event="persist.save" subsystem="persist" outcome="ok" path=/home/morehush/.config/herdr/session.json workspaces=1
2026-07-27T17:19:43.535045Z  INFO herdr::server::headless: client detach requested via keybind client_id=2
2026-07-27T17:19:43.549287Z  INFO herdr::server::headless: client disconnected client_id=2
2026-07-27T17:19:48.087594Z  INFO herdr::server::headless: server shutdown initiated
2026-07-27T17:19:48.137781Z  INFO herdr::server::headless: completing server shutdown
2026-07-27T17:19:48.138573Z  INFO herdr::logging: session saved event="persist.save" subsystem="persist" outcome="ok" path=/home/morehush/.config/herdr/session.json workspaces=1
2026-07-27T17:19:48.138610Z  INFO herdr::server::headless: headless server exiting
2026-07-27T17:19:48.140525Z  INFO herdr::logging: pane child exited event="pane.exit" subsystem="pane" outcome="completed" pane_id=2 status="ExitStatus { code: 1, signal: None }"
2026-07-27T17:19:48.147549Z  INFO herdr::pane: pane session terminated pane=2 pid=4943 signal=Hangup
2026-07-27T17:19:48.149493Z  INFO herdr::logging: herdr exiting event="app.shutdown" subsystem="server" outcome="completed" pid=4700
